951565.0000,61.3750,-26.0625,-169.8750,-4.0900,1.7200,-8.7900
951570.0000,61.3125,-26.1250,-169.8750,-4.0900,1.7200,-8.7900
951625.0000,61.1250,-26.1875,-169.8750,-4.0500,1.6600,-8.6200
951648.0000,61.0625,-26.1875,-169.8125,-4.1600,1.6800,-8.7600
951652.0000,61.0625,-26.1875,-169.8125,-4.1600,1.6800,-8.7600
951727.0000,61.0625,-26.1875,-169.8125,-4.2900,1.6500,-8.6300
951731.0000,61.0625,-26.1875,-169.8125,-4.2900,1.6500,-8.6300
951863.0000,61.5625,-26.2500,-169.5625,-4.3700,1.7100,-8.4600
951887.0000,61.5000,-26.3125,-169.5000,-4.2300,1.5500,-8.8000
951891.0000,61.5000,-26.3125,-169.5000,-4.2300,1.5500,-8.8000
951945.0000,61.5000,-26.3125,-169.5000,-4.3600,1.8000,-8.5900
951968.0000,61.4375,-26.3750,-169.5000,-4.1300,1.7000,-8.6900
951972.0000,61.4375,-26.3750,-169.5000,-4.1300,1.7000,-8.6900
952107.0000,61.3125,-26.3750,-169.5625,-4.3100,1.6800,-8.6600
952130.0000,61.2500,-26.3750,-169.6250,-4.2600,1.7000,-8.5900
952134.0000,61.2500,-26.3750,-169.6250,-4.2600,1.7000,-8.5900
952187.0000,61.1875,-26.4375,-169.6250,-4.0900,1.5200,-8.6800
952209.0000,61.2500,-26.4375,-169.6250,-4.3800,1.5700,-8.6500
952213.0000,61.2500,-26.4375,-169.6250,-4.3800,1.5700,-8.6500
952289.0000,61.3125,-26.3750,-169.6250,-4.5000,1.7100,-8.6200
952293.0000,61.3125,-26.3750,-169.6250,-4.5000,1.7100,-8.6200
952346.0000,61.1875,-26.3750,-169.6875,-4.2200,1.6100,-8.5800
952369.0000,61.0625,-26.3750,-169.6875,-4.3000,1.7000,-8.7900
952373.0000,61.0625,-26.3750,-169.6875,-4.3000,1.7000,-8.7900
952447.0000,61.0000,-26.3750,-169.7500,-4.3000,1.6600,-8.7200
952452.0000,61.0000,-26.3750,-169.7500,-4.3000,1.6600,-8.7200
952506.0000,61.0625,-26.3750,-169.8750,-4.2100,1.7000,-8.5400
952530.0000,61.1250,-26.3125,-169.8750,-4.3300,1.7900,-8.6300
952534.0000,61.1250,-26.3125,-169.8750,-4.3300,1.7900,-8.6300
952587.0000,61.2500,-26.3125,-169.8125,-4.3000,1.5500,-8.7700
952609.0000,61.3125,-26.3125,-169.8125,-4.2100,1.5600,-8.5800
952613.0000,61.3125,-26.3125,-169.8125,-4.2100,1.5600,-8.5800
952689.0000,61.4375,-26.2500,-169.8750,-4.2700,1.6200,-8.6200
952693.0000,61.4375,-26.1875,-169.8750,-4.2700,1.6200,-8.6200
952746.0000,61.4375,-26.1875,-169.9375,-4.3600,1.6400,-8.6800
952768.0000,61.4375,-26.1250,-170.0000,-4.2400,1.6500,-8.6200
952773.0000,61.4375,-26.1250,-170.0000,-4.2400,1.6500,-8.6200
952847.0000,61.3750,-26.1250,-169.9375,-4.1100,1.5800,-8.7500
952852.0000,61.3750,-26.0625,-169.9375,-4.1100,1.5800,-8.7500
952926.0000,61.3125,-26.0000,-170.0000,-4.2000,1.6000,-8.6500
952932.0000,61.3125,-26.0000,-170.0000,-4.2300,1.6100,-8.6600
952985.0000,61.4375,-26.0000,-169.9375,-4.1100,1.5900,-8.7100
953007.0000,61.5000,-25.9375,-169.8750,-4.3600,1.6500,-8.6600
953013.0000,61.5625,-25.9375,-169.8750,-4.3600,1.6500,-8.6600
953066.0000,61.6875,-26.0000,-169.6875,-4.1900,1.3900,-8.7600
953090.0000,61.8125,-26.0000,-169.6250,-4.2500,1.7400,-8.6400
953094.0000,61.8125,-26.0000,-169.6250,-4.2500,1.7400,-8.6400
953147.0000,61.9375,-26.0000,-169.5000,-4.4800,1.6500,-8.6500
953248.0000,61.8125,-26.0000,-169.3750,-4.1800,1.6500,-8.6800
953252.0000,61.7500,-26.0000,-169.3750,-4.1700,1.7300,-8.7100
953326.0000,61.8125,-26.0000,-169.3125,-4.1800,1.7500,-8.6400
953332.0000,61.8125,-26.0000,-169.3125,-4.1700,1.7200,-8.6100
953385.0000,61.8750,-26.0000,-169.3125,-4.2400,1.6900,-8.6800
953568.0000,62.1875,-26.1250,-169.0625,-4.4100,1.6800,-8.5500
953573.0000,62.1875,-26.1250,-169.0625,-4.3200,1.7000,-8.5500
953647.0000,62.0625,-26.1875,-169.1250,-4.2200,1.7600,-8.5800
953651.0000,62.0625,-26.1875,-169.1250,-4.1600,1.7600,-8.5700
953704.0000,62.0625,-26.1875,-169.0625,-4.2100,1.7200,-8.6900
953727.0000,62.0625,-26.1875,-169.0000,-4.2300,1.7400,-8.7100
953733.0000,62.0625,-26.1875,-169.0000,-4.2500,1.7700,-8.7300
953807.0000,62.1250,-26.1875,-169.0000,-4.3200,1.7200,-8.6300
953813.0000,62.1250,-26.1875,-169.0000,-4.3100,1.7200,-8.6200
953890.0000,62.2500,-26.3125,-168.9375,-4.2900,1.5700,-8.6800
953895.0000,62.3125,-26.3125,-168.8750,-4.2900,1.5700,-8.6800
953948.0000,62.5625,-26.3125,-168.7500,-4.2700,1.8700,-8.6300
953970.0000,62.5625,-26.3125,-168.7500,-4.5200,1.7700,-8.6700
953975.0000,62.5625,-26.3125,-168.6875,-4.5200,1.7700,-8.6700
954049.0000,62.5000,-26.4375,-168.6250,-4.2900,1.8200,-8.6300
954054.0000,62.5000,-26.4375,-168.6250,-4.2500,1.8000,-8.6100
954128.0000,62.3750,-26.3750,-168.6875,-4.2500,1.8300,-8.6200
954134.0000,62.3750,-26.3750,-168.6875,-4.2500,1.8400,-8.6300
954210.0000,62.3750,-26.3750,-168.8125,-4.3600,1.6600,-8.7300
954215.0000,62.3750,-26.3750,-168.8750,-4.3600,1.6600,-8.7300
954268.0000,62.1875,-26.4375,-169.0625,-4.2400,1.7200,-8.6800
954372.0000,62.0625,-26.4375,-169.1875,-4.4500,1.7300,-8.4300
954376.0000,62.0625,-26.4375,-169.1875,-4.4500,1.7300,-8.4300
954431.0000,61.8750,-26.5000,-169.2500,-4.3600,1.7200,-8.5800
954454.0000,61.8750,-26.5000,-169.2500,-4.2800,1.7400,-8.5600
954458.0000,61.8750,-26.5000,-169.2500,-4.2800,1.7400,-8.5600
954534.0000,61.6875,-26.5625,-169.3750,-4.1400,1.6700,-8.6900
954538.0000,61.6875,-26.5625,-169.3750,-4.1400,1.6700,-8.6900
954591.0000,61.6250,-26.5000,-169.3750,-4.2400,1.6200,-8.7100
954614.0000,61.6875,-26.4375,-169.3750,-4.4100,1.7500,-8.6900
954617.0000,61.6875,-26.4375,-169.3750,-4.4100,1.7500,-8.6900
954693.0000,61.6875,-26.4375,-169.4375,-4.2700,1.7300,-8.4800
954697.0000,61.6875,-26.4375,-169.4375,-4.2700,1.7300,-8.4800
954772.0000,61.7500,-26.5625,-169.4375,-4.5100,1.5500,-8.6400
954777.0000,61.7500,-26.5625,-169.4375,-4.5100,1.5500,-8.6400
954831.0000,61.7500,-26.5625,-169.5000,-4.3100,1.6000,-8.6600
954854.0000,61.7500,-26.6250,-169.5000,-4.4100,1.6900,-8.5700
954858.0000,61.7500,-26.6250,-169.5000,-4.4100,1.6900,-8.5700
954935.0000,61.8125,-26.6250,-169.5000,-4.2900,1.6900,-8.7200
954939.0000,61.8125,-26.6250,-169.5000,-4.2900,1.6900,-8.7200
955013.0000,61.8125,-26.5625,-169.5000,-4.1400,1.6900,-8.6800
955017.0000,61.7500,-26.5000,-169.5000,-4.1400,1.6900,-8.6800
955092.0000,61.7500,-26.4375,-169.5000,-4.3300,1.7500,-8.6600
955096.0000,61.8125,-26.4375,-169.5000,-4.3600,1.7400,-8.5800
955149.0000,61.8750,-26.3750,-169.4375,-4.2800,1.6200,-8.6600
955230.0000,62.1250,-26.4375,-169.3125,-4.2700,1.6500,-8.7800
955254.0000,62.3125,-26.3750,-169.1875,-4.3800,1.5500,-8.7200
955258.0000,62.3125,-26.3750,-169.1875,-4.3800,1.5500,-8.7200
955332.0000,62.4375,-26.3125,-169.1250,-4.3800,1.7000,-8.8000
955337.0000,62.4375,-26.3125,-169.0625,-4.3800,1.7000,-8.8000
955411.0000,62.4375,-26.3125,-169.0000,-4.3200,1.8200,-8.6500
955417.0000,62.4375,-26.3125,-169.0000,-4.3300,1.7800,-8.7100
955572.0000,61.6250,-26.0000,-169.4375,-4.2600,1.7800,-8.6500
955577.0000,61.6250,-26.0000,-169.4375,-4.1300,1.8000,-8.5800
955631.0000,61.6250,-26.0625,-169.4375,-4.1800,1.5400,-8.8500
955736.0000,61.4375,-26.1250,-169.5000,-4.0300,1.6400,-8.6500
955740.0000,61.4375,-26.1250,-169.5000,-4.0300,1.6400,-8.6500
955814.0000,61.4375,-26.0625,-169.5625,-4.3700,1.5000,-8.8500
955819.0000,61.4375,-26.0000,-169.5625,-4.3700,1.5000,-8.8500
955950.0000,61.4375,-25.9375,-169.5625,-4.2000,1.8300,-8.5100
955972.0000,61.5625,-25.8750,-169.5000,-4.2900,1.6200,-8.8000
955978.0000,61.6250,-25.8750,-169.5000,-4.3300,1.6600,-8.8300
956032.0000,61.6875,-25.8125,-169.3750,-4.3900,1.6000,-8.6000
956056.0000,61.6250,-25.8125,-169.3750,-4.3300,1.5900,-8.6100
956060.0000,61.6250,-25.8125,-169.3750,-4.3300,1.5900,-8.6100
956114.0000,61.3125,-25.8125,-169.5625,-4.0100,1.9200,-8.4500
956137.0000,61.0625,-25.7500,-169.6875,-4.0600,1.8600,-8.5900
956141.0000,61.0625,-25.7500,-169.6875,-4.0600,1.8600,-8.5900
956195.0000,61.1250,-25.8750,-169.5625,-4.0900,1.5200,-8.7100
956217.0000,61.2500,-25.8750,-169.5000,-4.2100,1.6300,-8.6500
956221.0000,61.2500,-25.8750,-169.5000,-4.2100,1.6300,-8.6500
956276.0000,61.5625,-25.8125,-169.5625,-4.3200,1.7000,-8.6900
956298.0000,61.6250,-25.8125,-169.5625,-4.2100,1.6800,-8.6000
956302.0000,61.6250,-25.8125,-169.5625,-4.2100,1.6800,-8.6000
956376.0000,61.7500,-25.8125,-169.6250,-4.2400,1.7200,-8.7400
956380.0000,61.7500,-25.8125,-169.6250,-4.2400,1.7200,-8.7400
956434.0000,61.6875,-25.7500,-169.6250,-4.1400,1.6600,-8.6900
956458.0000,61.6875,-25.6875,-169.6250,-4.1000,1.8000,-8.9000
956462.0000,61.6875,-25.6875,-169.6250,-4.1000,1.8000,-8.9000
956517.0000,61.5625,-25.5625,-169.8750,-4.1700,1.6000,-8.7500
956539.0000,61.5000,-25.5000,-169.9375,-4.1500,1.6200,-8.6700
956543.0000,61.5000,-25.5000,-169.9375,-4.1500,1.6200,-8.6700
956597.0000,61.3125,-25.6250,-170.0000,-4.0700,1.7600,-8.5800
956619.0000,61.3125,-25.6250,-169.9375,-3.8900,1.6500,-8.7700
956623.0000,61.3125,-25.6250,-169.9375,-3.8900,1.6500,-8.7700
956678.0000,61.3750,-25.4375,-170.0000,-4.3200,1.6800,-8.6200
956700.0000,61.3750,-25.3750,-170.0000,-4.1700,1.6000,-8.6100
956704.0000,61.3750,-25.3750,-170.0000,-4.1700,1.6000,-8.6100
956758.0000,61.4375,-25.2500,-170.0000,-4.3000,1.4900,-8.7300
956780.0000,61.5000,-25.1875,-170.0000,-4.3300,1.5300,-8.6800
956784.0000,61.5000,-25.1875,-170.0000,-4.3300,1.5300,-8.6800
956839.0000,61.3750,-25.0000,-170.1250,-4.2200,1.5800,-8.8200
956942.0000,61.1250,-24.8750,-170.1875,-4.0100,1.6400,-8.7000
956946.0000,61.1250,-24.8750,-170.1875,-4.0100,1.6400,-8.7000
957020.0000,61.1250,-24.9375,-170.0625,-4.0300,1.5800,-8.7400
957024.0000,61.1250,-24.9375,-170.0625,-4.0300,1.5800,-8.7400
957079.0000,61.2500,-25.0625,-169.8750,-4.1200,1.5100,-8.8800
957101.0000,61.2500,-25.0000,-169.8750,-4.1900,1.5700,-8.8100
957105.0000,61.2500,-25.0000,-169.8750,-4.1900,1.5700,-8.8100
957179.0000,61.3750,-24.9375,-169.9375,-4.2200,1.5800,-8.7600
957183.0000,61.3750,-24.9375,-169.9375,-4.2200,1.5800,-8.7600
957238.0000,61.3750,-24.9375,-169.8750,-4.1600,1.6400,-8.7000
957260.0000,61.3750,-24.9375,-169.9375,-3.9700,1.6900,-8.7800
957264.0000,61.3750,-24.9375,-169.9375,-3.9700,1.6900,-8.7800
957340.0000,61.3750,-24.7500,-169.8750,-4.1200,1.7300,-8.7800
957344.0000,61.3750,-24.7500,-169.8750,-4.1200,1.7300,-8.7800
957420.0000,61.4375,-24.6875,-169.8125,-4.0700,1.7000,-8.6200
957424.0000,61.4375,-24.6875,-169.8125,-4.0700,1.7000,-8.6200
957479.0000,61.7500,-25.0000,-169.4375,-3.9600,1.6400,-8.7400
957501.0000,61.9375,-25.0625,-169.2500,-3.9500,1.5100,-8.7000
957505.0000,61.9375,-25.0625,-169.2500,-3.9500,1.5100,-8.7000
957559.0000,62.1250,-25.1250,-169.1250,-4.2500,1.8600,-8.5300
957581.0000,62.0625,-25.1875,-169.1250,-4.1300,1.8600,-8.5400
957585.0000,62.0625,-25.1875,-169.1250,-4.1300,1.8600,-8.5400
957661.0000,61.8750,-25.2500,-169.1250,-4.1800,1.4900,-8.8000
957665.0000,61.8750,-25.2500,-169.1250,-4.1800,1.4900,-8.8000
957720.0000,61.8750,-25.2500,-169.1875,-4.1600,1.8100,-8.7300
957742.0000,61.9375,-25.3125,-169.1875,-4.1500,1.8100,-8.7100
957746.0000,61.9375,-25.3125,-169.1875,-4.1500,1.8100,-8.7100
957820.0000,62.6250,-25.6250,-168.5000,-4.0700,1.4500,-8.7000
957824.0000,62.6250,-25.6250,-168.5000,-4.0700,1.4500,-8.7000
957879.0000,63.0625,-25.8125,-167.9375,-4.3700,1.5300,-8.7900
957901.0000,63.0625,-25.8750,-167.9375,-4.5800,1.6900,-8.8800
957905.0000,63.0625,-25.8750,-167.9375,-4.5800,1.6900,-8.8800
957961.0000,62.4375,-25.8750,-168.1250,-4.6700,2.0000,-8.2900
957983.0000,62.0625,-25.9375,-168.2500,-4.5100,2.1300,-8.7900
957988.0000,62.0625,-25.9375,-168.2500,-4.4300,2.1600,-8.9100
958063.0000,60.0625,-26.3750,-168.7500,-4.0900,1.8500,-8.8200
958067.0000,60.0625,-26.3750,-168.7500,-4.0900,1.8500,-8.8200
958122.0000,58.9375,-26.0625,-169.3750,-4.2300,1.8900,-8.5900
958144.0000,58.6250,-25.9375,-169.5625,-4.1800,1.9100,-8.4600
958148.0000,58.6250,-25.9375,-169.5625,-4.1800,1.9100,-8.4600
958202.0000,58.3125,-25.8125,-169.8750,-4.1400,1.6200,-8.8700
958224.0000,58.3125,-25.7500,-169.9375,-4.1700,1.6100,-8.4500
958230.0000,58.3125,-25.7500,-169.9375,-4.1900,1.6200,-8.3400
958304.0000,58.0625,-25.4375,-170.2500,-4.2600,1.5800,-9.0100
958308.0000,58.0625,-25.4375,-170.2500,-4.2600,1.5800,-9.0100
958361.0000,57.5625,-25.1250,-170.5625,-4.2200,1.6000,-8.6200
958383.0000,57.3125,-25.0625,-170.6250,-4.1800,1.4600,-8.6500
958387.0000,57.3125,-25.0625,-170.6250,-4.1800,1.4600,-8.6500
958463.0000,56.3125,-24.7500,-171.1250,-4.1600,1.6100,-8.6100
958467.0000,56.3125,-24.7500,-171.1250,-4.1600,1.6100,-8.6100
958522.0000,55.6250,-24.4375,-171.4375,-3.7100,1.2600,-9.0100
958544.0000,55.6250,-24.3750,-171.5000,-3.7800,1.4500,-8.8900
958548.0000,55.6250,-24.3750,-171.5000,-3.7800,1.4500,-8.8900
958602.0000,55.8750,-24.1875,-171.4375,-3.7600,1.4100,-8.7600
958624.0000,56.0000,-24.1875,-171.3750,-3.9200,1.3300,-8.7800
958628.0000,56.0000,-24.1875,-171.3750,-3.9200,1.3300,-8.7800
958683.0000,56.1875,-24.1250,-171.4375,-3.7400,1.2900,-8.9200
958705.0000,56.1875,-24.1250,-171.5000,-3.9700,1.4400,-8.8200
958709.0000,56.1875,-24.1250,-171.5000,-3.9700,1.4400,-8.8200
958783.0000,56.2500,-24.1875,-171.2500,-3.9900,1.4000,-8.9200
958787.0000,56.2500,-24.1875,-171.2500,-3.9900,1.4000,-8.9200
958842.0000,56.3125,-24.3125,-170.9375,-3.9600,1.6500,-8.6600
958864.0000,56.3750,-24.3750,-170.8125,-4.3500,1.4300,-8.8100
958869.0000,56.3750,-24.3750,-170.8125,-4.3500,1.4300,-8.8100
958924.0000,56.2500,-24.5000,-170.5625,-3.8300,1.5700,-8.8400
958946.0000,56.2500,-24.5625,-170.5000,-4.0100,1.5300,-8.8000
958950.0000,56.2500,-24.5625,-170.5000,-4.0100,1.5300,-8.8000
959024.0000,56.2500,-24.7500,-170.1250,-3.9200,1.5400,-8.6800
959028.0000,56.2500,-24.7500,-170.1250,-3.9200,1.5400,-8.6800
959083.0000,56.3750,-24.8125,-169.8125,-4.1100,1.5400,-8.7900
959105.0000,56.3750,-24.8750,-169.7500,-4.1800,1.4600,-8.8000
959109.0000,56.3750,-24.8750,-169.7500,-4.1800,1.4600,-8.8000
959185.0000,56.4375,-25.0625,-169.6250,-3.9800,1.7000,-8.7800
959189.0000,56.4375,-25.0625,-169.6250,-3.9800,1.7000,-8.7800
959244.0000,56.5625,-25.1875,-169.4375,-4.1500,1.7100,-8.6000
959266.0000,56.6250,-25.2500,-169.3750,-4.1800,1.7200,-8.6400
959271.0000,56.6250,-25.2500,-169.3750,-4.1600,1.6800,-8.7300
959325.0000,56.5625,-25.2500,-169.3125,-4.1000,1.7300,-8.7400
959347.0000,56.5625,-25.3125,-169.2500,-4.0400,1.7400,-8.7100
959351.0000,56.5625,-25.3125,-169.2500,-4.1800,1.7300,-8.6700
959406.0000,56.6250,-25.3125,-169.1875,-4.0800,1.7800,-8.7200
959428.0000,56.6875,-25.3125,-169.1250,-4.2100,1.7500,-8.7900
959434.0000,56.6875,-25.3125,-169.1250,-4.1800,1.7900,-8.7900
959487.0000,56.7500,-25.3125,-169.0625,-4.2400,1.6300,-8.8100
959511.0000,56.7500,-25.3125,-169.1250,-4.2300,1.8200,-8.5600
959515.0000,56.6875,-25.3125,-169.1250,-4.1200,1.9600,-8.5500
959588.0000,56.3750,-25.3750,-169.1250,-4.1200,1.8100,-8.7800
959594.0000,56.3750,-25.3750,-169.0625,-4.2100,1.7900,-8.7200
959668.0000,56.2500,-25.3750,-169.0625,-4.0800,1.8000,-8.7500
959672.0000,56.2500,-25.3750,-169.0625,-4.0900,1.6600,-8.7900
959726.0000,56.1875,-25.3125,-169.1250,-4.1200,1.8500,-8.7300
959748.0000,56.1875,-25.2500,-169.1875,-4.1000,1.7300,-8.6800
959752.0000,56.1875,-25.2500,-169.1875,-4.0900,1.6900,-8.6700
959806.0000,55.9375,-25.1250,-169.5000,-4.1400,1.7200,-8.8100
959828.0000,55.8125,-25.0625,-169.6250,-4.0600,1.7300,-8.8300
959834.0000,55.7500,-25.0000,-169.6875,-3.9600,1.8000,-8.7700
959887.0000,55.6875,-24.8750,-169.8125,-4.2400,1.7200,-8.9700
959910.0000,55.6250,-24.8125,-169.8750,-3.9800,1.5700,-8.8600
959914.0000,55.6250,-24.8125,-169.8750,-3.8400,1.5700,-8.7600
959967.0000,55.6875,-24.7500,-170.0000,-4.1900,1.6200,-8.7100
959990.0000,55.7500,-24.7500,-170.0625,-4.2600,1.4900,-8.6600
959996.0000,55.7500,-24.6875,-170.0625,-4.2700,1.5400,-8.6100
960049.0000,55.6875,-24.6250,-170.2500,-3.9400,1.5600,-8.8400
960071.0000,55.6875,-24.5625,-170.3125,-4.0400,1.4900,-8.8300
960077.0000,55.6875,-24.5625,-170.3125,-4.0500,1.4900,-8.8700
960127.0000,55.8125,-24.4375,-170.3125,-4.1600,1.6600,-8.7600
960149.0000,55.8125,-24.3750,-170.3125,-3.8900,1.6700,-8.8900
960153.0000,55.8125,-24.3750,-170.3125,-3.8900,1.6700,-8.8900
960206.0000,55.8125,-24.2500,-170.2500,-4.1800,1.6300,-8.7100
960228.0000,55.8750,-24.2500,-170.2500,-4.0700,1.5900,-8.8200
960234.0000,55.8750,-24.3125,-170.1875,-3.8500,1.5900,-8.8100
960288.0000,56.0625,-24.4375,-170.0000,-3.8400,1.5900,-8.7500
960310.0000,56.1250,-24.5000,-169.8750,-3.9600,1.5300,-8.9700
960314.0000,56.1250,-24.5000,-169.8750,-3.9600,1.6200,-8.9400
960388.0000,56.3750,-24.6250,-169.6875,-4.1600,1.6800,-8.6500
960392.0000,56.3750,-24.6250,-169.6875,-4.1600,1.6800,-8.6500
960467.0000,56.4375,-24.6875,-169.4375,-4.0700,1.6600,-8.7300
960471.0000,56.4375,-24.6875,-169.4375,-4.0700,1.6600,-8.7300
960547.0000,56.5000,-24.6875,-169.2500,-4.0700,1.6900,-8.7900
960551.0000,56.5000,-24.6875,-169.2500,-4.0700,1.6900,-8.7900
960604.0000,56.5000,-24.7500,-169.2500,-4.0300,1.8300,-8.7000
960627.0000,56.5000,-24.8125,-169.1875,-4.0800,1.8100,-8.7400
960631.0000,56.5000,-24.8125,-169.1875,-4.0800,1.8100,-8.7400
960707.0000,56.6875,-24.9375,-169.0625,-4.1100,1.8700,-8.6200
960711.0000,56.6875,-24.9375,-169.0625,-4.1100,1.8700,-8.6200
960764.0000,56.8125,-24.9375,-168.9375,-4.0700,1.7100,-8.8600
960786.0000,56.8750,-24.9375,-168.8750,-4.2800,1.7500,-8.7100
960790.0000,56.8750,-24.9375,-168.8750,-4.2800,1.7500,-8.7100
960866.0000,56.6250,-25.0000,-168.8125,-4.0600,1.7500,-8.8200
960870.0000,56.6250,-25.0000,-168.8125,-4.0600,1.7500,-8.8200
960923.0000,56.3750,-25.0000,-168.8750,-4.0400,1.5900,-8.8700
960947.0000,56.1875,-25.0000,-169.0000,-4.0600,1.7300,-8.7600
960951.0000,56.1875,-25.0000,-169.0000,-4.0600,1.7300,-8.7600
961024.0000,55.8750,-25.0000,-169.1875,-3.9000,1.7700,-8.8900
961029.0000,55.8125,-25.0000,-169.1875,-3.9000,1.7700,-8.8900
961084.0000,55.8125,-25.0625,-169.3125,-4.0700,1.7900,-8.6800
961107.0000,55.7500,-25.0000,-169.3125,-4.1300,1.6400,-8.8000
961111.0000,55.7500,-25.0000,-169.3125,-4.1300,1.6400,-8.8000
961187.0000,55.6250,-24.9375,-169.4375,-4.1100,1.7000,-8.7300
961191.0000,55.6250,-24.9375,-169.4375,-4.1100,1.7000,-8.7300
961266.0000,55.4375,-24.8750,-169.5625,-3.9700,1.7400,-8.7800
961270.0000,55.4375,-24.8125,-169.6250,-3.9700,1.7400,-8.7800
961323.0000,55.5000,-24.7500,-169.6250,-4.0300,1.7400,-8.7900
961347.0000,55.5000,-24.6875,-169.6250,-4.0100,1.6600,-8.7900
961351.0000,55.5000,-24.6875,-169.6250,-4.0100,1.6600,-8.7900
961425.0000,55.7500,-24.7500,-169.6875,-4.2100,1.7200,-8.5400
961430.0000,55.8125,-24.7500,-169.6875,-4.2100,1.7200,-8.5400
961484.0000,55.9375,-24.6875,-169.6875,-4.1600,1.5500,-8.9700
961508.0000,56.0000,-24.6875,-169.7500,-4.1300,1.6400,-8.7200
961512.0000,56.0000,-24.6875,-169.7500,-4.1300,1.6400,-8.7200
961565.0000,56.0000,-24.6250,-169.7500,-4.0100,1.7300,-8.7900
961588.0000,56.0000,-24.5625,-169.6250,-4.0200,1.6800,-8.7700
961592.0000,56.0000,-24.5625,-169.6250,-4.0200,1.6800,-8.7700
961668.0000,55.9375,-24.5000,-169.5625,-4.0400,1.7900,-8.6800
961672.0000,55.9375,-24.5000,-169.5625,-4.0400,1.7900,-8.6800
961727.0000,56.0625,-24.4375,-169.5000,-4.0400,1.7200,-8.7600
961827.0000,56.3125,-24.6250,-169.1250,-3.8900,1.7600,-8.7700
961831.0000,56.2500,-24.6250,-169.1250,-3.8900,1.7600,-8.7700
961906.0000,56.3750,-24.6250,-169.0000,-4.0600,1.7800,-8.7900
961910.0000,56.3750,-24.6875,-169.0000,-4.0400,1.7400,-8.7000
961963.0000,56.4375,-24.6250,-169.0000,-4.0700,1.7500,-8.8600
961985.0000,56.4375,-24.6250,-169.0000,-4.1200,1.8600,-8.8600
961991.0000,56.4375,-24.6250,-169.0000,-4.0000,1.8600,-8.7900
962044.0000,56.4375,-24.5625,-169.0000,-4.0600,1.7100,-8.7300
962068.0000,56.5000,-24.5625,-169.0000,-4.0400,1.8300,-8.6300
962072.0000,56.5000,-24.5625,-169.0000,-4.0400,1.8300,-8.6300
962146.0000,56.6250,-24.6250,-168.9375,-4.0100,1.7700,-8.7300
962152.0000,56.6875,-24.6250,-168.9375,-4.0900,1.7000,-8.7300
962205.0000,56.8750,-24.7500,-168.8125,-4.1000,1.7600,-8.7200
962227.0000,56.9375,-24.8125,-168.8125,-4.0200,1.8400,-8.5600
962232.0000,56.9375,-24.8125,-168.7500,-4.0200,1.8400,-8.5600
962285.0000,57.0000,-24.8750,-168.6250,-4.1700,1.7900,-8.7600
962309.0000,56.8750,-24.9375,-168.6250,-3.9400,1.8300,-8.7700
962313.0000,56.8750,-24.9375,-168.6250,-3.9400,1.8300,-8.7700
962387.0000,56.7500,-24.8750,-168.6250,-4.0500,1.8200,-8.7300
962392.0000,56.7500,-24.8750,-168.6250,-4.0500,1.8200,-8.7300
962445.0000,56.8125,-24.8750,-168.6875,-4.0700,1.8700,-8.7100
962470.0000,56.8125,-24.8750,-168.6875,-4.0300,1.7900,-8.7700
962474.0000,56.8125,-24.8750,-168.6875,-4.0300,1.7900,-8.7700
962525.0000,56.8125,-24.9375,-168.7500,-4.0900,1.7200,-8.7600
962549.0000,56.7500,-24.9375,-168.7500,-3.9800,1.9500,-8.6400
962553.0000,56.7500,-24.9375,-168.7500,-3.9800,1.9500,-8.6400
962607.0000,56.6875,-24.8750,-168.8125,-4.2200,1.6900,-8.7700
962629.0000,56.6250,-24.8750,-168.8125,-4.1300,1.8200,-8.7100
962633.0000,56.5625,-24.8750,-168.8750,-4.1300,1.8200,-8.7100
962687.0000,56.3125,-24.8125,-168.9375,-4.0200,1.7400,-8.7900
962711.0000,56.1875,-24.7500,-169.0000,-4.0200,1.8200,-8.8000
962715.0000,56.1875,-24.7500,-169.0000,-4.0200,1.8200,-8.8000
962768.0000,56.0000,-24.6250,-169.1250,-4.0400,1.9000,-8.7200
962790.0000,55.8750,-24.5625,-169.1875,-3.8000,1.8900,-8.8400
962794.0000,55.8750,-24.5625,-169.1875,-3.8000,1.8900,-8.8400
962849.0000,55.8750,-24.3750,-169.3125,-4.0000,1.7800,-8.7000
962872.0000,55.8750,-24.3750,-169.3125,-3.8400,1.7100,-8.7300
962876.0000,55.8750,-24.3750,-169.3125,-3.8400,1.7100,-8.7300
962931.0000,56.0000,-24.3750,-169.3125,-3.8900,1.6900,-8.7600
962953.0000,56.0625,-24.4375,-169.2500,-3.9600,1.5600,-8.6700
962957.0000,56.0625,-24.4375,-169.2500,-3.9600,1.5600,-8.6700
963029.0000,56.1875,-24.4375,-169.3125,-4.1300,1.6300,-8.6800
963034.0000,56.1875,-24.4375,-169.3125,-4.1300,1.6300,-8.6800
963088.0000,56.0625,-24.4375,-169.5000,-3.7800,1.6500,-8.9100
963111.0000,56.0000,-24.3750,-169.5625,-4.0100,1.6900,-8.7900
963115.0000,56.0000,-24.3750,-169.5625,-4.0100,1.6900,-8.7900
963169.0000,55.9375,-24.3125,-169.6250,-3.8900,1.8200,-8.7700
963191.0000,55.9375,-24.1875,-169.5625,-3.9500,1.6500,-8.8700
963195.0000,55.9375,-24.1875,-169.5625,-3.9500,1.6500,-8.8700
963250.0000,55.9375,-24.1250,-169.5625,-4.2100,1.8000,-8.6400
963273.0000,56.0000,-24.1875,-169.5625,-4.2500,1.7600,-8.7200
963277.0000,56.0000,-24.1875,-169.5625,-4.2500,1.7600,-8.7200
963332.0000,55.6250,-24.5625,-169.4375,-3.8500,1.8000,-8.6900
963354.0000,55.3125,-24.6250,-169.4375,-3.7600,1.6700,-8.8000
963358.0000,55.3125,-24.6250,-169.4375,-3.7600,1.6700,-8.8000
963432.0000,54.6250,-24.6250,-169.6250,-3.9400,1.7300,-8.7200
963436.0000,54.6250,-24.6250,-169.6250,-3.9400,1.7300,-8.7200
963491.0000,54.3750,-24.5000,-169.7500,-3.8500,1.6400,-8.8600
963513.0000,54.4375,-24.4375,-169.7500,-3.9900,1.5700,-8.9500
963517.0000,54.4375,-24.4375,-169.7500,-3.9900,1.5700,-8.9500
963670.0000,55.0625,-24.5000,-169.6250,-3.9000,1.5600,-8.7200
963674.0000,55.1250,-24.5625,-169.6250,-3.9000,1.6400,-8.6800
963727.0000,55.4375,-24.6875,-169.3125,-4.0500,1.6400,-8.8100
963751.0000,55.5000,-24.6875,-169.1875,-3.8600,1.6600,-8.9000
963756.0000,55.5000,-24.6875,-169.1250,-3.8600,1.6600,-8.9000
963809.0000,55.7500,-24.6875,-168.9375,-3.9800,1.8200,-8.6800
963831.0000,55.8125,-24.7500,-168.8750,-4.0700,1.8000,-8.7400
963836.0000,55.8750,-24.7500,-168.8750,-4.0700,1.8000,-8.7400
963886.0000,55.9375,-24.7500,-168.6875,-3.9000,1.8600,-8.9100
963910.0000,55.9375,-24.6875,-168.6875,-4.0400,1.8100,-8.7700
963915.0000,55.9375,-24.6875,-168.6875,-4.0300,1.7900,-8.7400
963968.0000,55.9375,-24.6250,-168.6875,-4.1100,1.7500,-8.7400
963990.0000,55.8750,-24.6250,-168.7500,-3.9800,1.9400,-8.8000
963995.0000,55.8750,-24.5625,-168.7500,-3.9800,1.9400,-8.8000
964069.0000,55.7500,-24.6250,-168.6250,-4.0300,1.8500,-8.7700
964073.0000,55.6875,-24.6250,-168.6250,-4.0100,1.8000,-8.7700
964127.0000,55.5000,-24.5625,-168.6875,-4.0300,1.7700,-8.8100
964149.0000,55.5625,-24.5625,-168.6875,-4.1000,1.7700,-8.9100
964155.0000,55.5000,-24.5625,-168.6875,-4.0200,1.7800,-8.8900
964208.0000,55.3750,-24.3750,-168.9375,-3.9400,1.9300,-8.5400
964230.0000,55.3125,-24.2500,-168.9375,-3.9200,1.8200,-8.6600
964236.0000,55.3125,-24.2500,-168.9375,-3.9800,1.7900,-8.8100
964289.0000,55.3750,-24.1250,-169.0000,-3.8900,1.8500,-8.7700
964313.0000,55.4375,-24.1250,-169.0000,-3.8200,1.8100,-8.7300
964317.0000,55.4375,-24.1250,-169.0000,-3.8200,1.8100,-8.7300
964371.0000,55.5000,-24.1250,-168.9375,-3.8800,1.7500,-8.8200
964393.0000,55.5625,-24.1250,-168.8750,-3.8800,1.7900,-8.9100
964397.0000,55.5625,-24.1250,-168.8750,-3.8800,1.7900,-8.9100
964472.0000,55.6250,-24.2500,-168.8750,-3.6900,1.7600,-8.6900
964476.0000,55.7500,-24.2500,-168.8750,-3.7900,1.5700,-8.6900
964550.0000,56.1875,-24.1875,-168.7500,-4.0500,1.6600,-9.0000
964556.0000,56.2500,-24.1875,-168.7500,-3.9600,1.7300,-8.9500
964631.0000,56.5625,-24.1875,-168.5625,-3.9800,1.9000,-8.8500
964636.0000,56.5625,-24.2500,-168.5000,-3.8500,1.8900,-8.9100
964710.0000,56.5000,-24.1875,-168.3750,-3.8700,2.0200,-8.6600
964714.0000,56.5000,-24.2500,-168.3750,-3.8600,1.9600,-8.7100
964768.0000,56.5000,-24.2500,-168.1875,-3.9300,1.9500,-8.6500
964790.0000,56.5625,-24.2500,-168.1250,-3.8100,1.8100,-8.7700
964796.0000,56.5625,-24.2500,-168.0625,-3.8200,1.7800,-8.7300
964849.0000,56.8125,-24.2500,-167.9375,-3.9900,2.0200,-8.8600
964873.0000,56.9375,-24.2500,-167.8750,-4.0000,1.9700,-8.7100
964877.0000,56.9375,-24.2500,-167.8750,-4.0000,1.9700,-8.7100
964951.0000,57.1875,-24.1875,-167.6875,-3.9300,1.8000,-8.8100
964957.0000,57.1875,-24.1875,-167.6875,-3.9000,1.8400,-8.8700
965010.0000,57.3125,-24.1875,-167.6875,-3.9200,1.9200,-8.6000
965032.0000,57.3750,-24.1875,-167.7500,-3.7500,2.1000,-8.4000
965038.0000,57.4375,-24.1875,-167.7500,-3.7500,2.1000,-8.4000
965092.0000,57.6250,-24.0000,-167.5625,-4.3000,2.0300,-8.6300
965116.0000,57.7500,-24.0625,-167.4375,-3.9400,2.0500,-8.4000
965120.0000,57.7500,-24.0625,-167.4375,-3.9400,2.0500,-8.4000
965173.0000,58.1250,-24.2500,-167.0000,-4.1800,2.0400,-8.8100
965195.0000,58.2500,-24.2500,-166.9375,-3.9300,2.0400,-8.6500
965199.0000,58.2500,-24.2500,-166.9375,-3.9300,2.0400,-8.6500
965255.0000,58.2500,-24.2500,-166.6875,-3.7700,2.0000,-8.8500
965357.0000,58.3750,-24.1875,-166.6250,-3.9700,2.1500,-8.7300
965361.0000,58.3750,-24.1875,-166.6250,-3.9700,2.1500,-8.7300
965414.0000,58.2500,-24.1250,-166.7500,-3.9900,2.0000,-8.6900
965436.0000,58.1875,-24.1250,-166.8750,-4.1100,2.1400,-8.6400
965440.0000,58.1875,-24.1250,-166.8750,-4.1100,2.1400,-8.6400
965496.0000,58.1875,-24.1875,-166.8750,-3.9700,2.0400,-8.7700
965518.0000,58.1875,-24.1875,-166.8750,-4.0400,1.9300,-8.7900
965522.0000,58.1875,-24.1875,-166.8750,-4.0400,1.9300,-8.7900
965575.0000,58.1875,-24.0625,-167.0000,-3.9600,2.0200,-8.7900
965598.0000,58.1875,-24.0625,-167.0625,-4.0300,2.0800,-8.7600
965602.0000,58.1875,-24.0625,-167.0625,-4.0300,2.0800,-8.7600
965657.0000,58.1875,-24.0625,-167.1875,-3.9000,1.9900,-8.7800
965679.0000,58.3125,-24.0625,-167.2500,-4.0000,2.1600,-8.7400
965683.0000,58.3125,-24.0625,-167.2500,-4.0000,2.1600,-8.7400
965758.0000,58.1875,-23.8750,-167.4375,-3.9300,2.0000,-8.9600
965762.0000,58.1875,-23.8750,-167.4375,-3.9300,2.0000,-8.9600
965837.0000,58.6250,-24.0000,-167.2500,-4.0300,1.9200,-8.7900
965841.0000,58.6250,-24.0000,-167.2500,-4.0300,1.9200,-8.7900
965896.0000,58.8125,-23.9375,-167.1875,-3.9100,2.0400,-8.6800
965918.0000,58.8125,-23.9375,-167.1250,-3.9400,1.9100,-8.7500
965922.0000,58.8125,-23.9375,-167.1250,-3.9400,1.9100,-8.7500
965998.0000,58.8125,-23.9375,-167.3750,-3.7300,1.8300,-8.8700
966002.0000,58.8125,-23.9375,-167.3750,-3.7300,1.8300,-8.8700
966057.0000,58.5625,-23.8750,-167.3750,-3.3000,2.0600,-9.0700
966079.0000,58.5000,-23.6250,-167.2500,-4.3500,2.5500,-8.0900
966083.0000,58.5000,-23.6250,-167.2500,-4.3500,2.5500,-8.0900
966159.0000,57.3125,-24.5000,-167.1875,-1.7000,0.8100,-9.2600
966163.0000,57.3125,-24.5000,-167.1875,-1.7000,0.8100,-9.2600
966216.0000,58.1875,-24.4375,-164.8750,-7.2400,6.1800,-10.8800
966239.0000,56.8125,-23.9375,-165.7500,-3.9000,1.4500,-15.9400
966243.0000,56.8125,-23.9375,-165.7500,-3.9000,1.4500,-15.9400
966298.0000,56.1250,-26.8125,-171.6875,0.9000,-1.9600,-9.6300
966320.0000,58.8750,-27.1875,-171.9375,-8.1700,4.0600,-2.2000
966324.0000,58.8750,-27.1875,-171.9375,-8.1700,4.0600,-2.2000
966378.0000,56.8125,-25.8125,-170.4375,-1.0600,0.1900,-10.9500
966400.0000,55.1250,-26.0000,-169.0000,-2.8500,-0.0700,-14.3800
966404.0000,55.1250,-26.0000,-169.0000,-2.8500,-0.0700,-14.3800
966459.0000,55.6250,-27.5000,-167.3125,-3.0800,1.6600,-9.5300
966481.0000,56.3125,-27.5625,-167.6875,-3.9500,2.0100,-8.3000
966486.0000,56.3125,-27.5625,-167.6875,-4.3400,2.1200,-7.7900
966540.0000,58.2500,-27.5000,-168.2500,-5.3800,2.3600,-6.8800
966563.0000,58.3750,-27.5625,-168.0000,-5.4700,2.2000,-7.5100
966567.0000,58.3750,-27.5625,-168.0000,-4.9100,2.0300,-8.4600
966641.0000,57.5625,-28.0625,-166.9375,-3.5900,2.5600,-9.1300
966646.0000,57.5625,-28.0625,-166.9375,-3.8800,2.4100,-9.2800
966700.0000,58.8750,-27.3125,-166.1250,-4.7600,2.4100,-8.8000
966723.0000,59.6875,-26.9375,-165.8750,-5.0000,2.8100,-8.5400
966727.0000,59.6875,-26.9375,-165.8750,-5.0000,2.8100,-8.5400
966777.0000,61.5000,-26.0000,-164.7500,-5.4500,2.6100,-8.1600
966799.0000,62.1875,-25.2500,-163.8125,-5.0600,2.4200,-8.2300
966803.0000,62.1875,-25.2500,-163.8125,-5.0600,2.4200,-8.2300
966858.0000,64.0000,-23.5000,-162.1875,-3.6900,1.9500,-9.3900
966881.0000,64.7500,-22.9375,-161.7500,-4.5000,2.8400,-8.9100
966885.0000,64.7500,-22.9375,-161.7500,-4.5000,2.8400,-8.9100
966940.0000,65.8125,-20.7500,-161.5000,-3.6500,3.6700,-9.3300
966962.0000,65.9375,-19.7500,-161.2500,-3.6900,3.0600,-8.9600
966966.0000,65.9375,-19.7500,-161.2500,-3.6900,3.0600,-8.9600
967040.0000,64.8750,-15.5625,-162.0000,-1.6200,2.6500,-8.9200
967044.0000,64.8750,-15.5625,-162.0000,-1.6200,2.6500,-8.9200
967099.0000,64.6875,-11.6250,-164.3125,-2.7100,1.7000,-9.4300
967121.0000,64.1875,-10.6875,-165.6250,-4.0300,2.9100,-8.2300
967125.0000,64.1875,-10.6875,-165.6250,-4.0300,2.9100,-8.2300
967179.0000,61.3125,-9.6250,-168.5625,-0.5800,2.6900,-7.6900
967201.0000,61.0000,-9.5000,-168.8125,-0.7000,2.4400,-7.9800
967205.0000,61.0000,-9.5000,-168.8125,-0.7000,2.4400,-7.9800
967281.0000,61.1250,-11.1875,-168.7500,-0.5900,3.2200,-10.7000
967285.0000,61.1250,-11.1875,-168.7500,-0.5900,3.2200,-10.7000
967340.0000,62.8750,-11.6875,-168.3125,-3.1700,1.7900,-14.2500
967362.0000,63.7500,-11.4375,-168.3125,-4.3200,2.8800,-11.9000
967366.0000,63.7500,-11.4375,-168.3125,-4.3200,2.8800,-11.9000
967420.0000,64.9375,-12.5000,-167.4375,-4.8000,1.6200,-13.3100
967442.0000,65.6250,-13.8125,-167.5625,-4.7600,2.8900,-12.5900
967446.0000,65.6250,-13.8125,-167.5625,-4.7600,2.8900,-12.5900
967602.0000,74.3125,-18.5000,-177.2500,0.5900,1.1300,-6.9700
967606.0000,74.3125,-18.5000,-177.2500,0.5900,1.1300,-6.9700
967683.0000,71.5625,-22.8750,-176.4375,-0.2000,-0.6200,-10.4600
967687.0000,71.5625,-22.8750,-176.4375,-0.2000,-0.6200,-10.4600
967742.0000,74.5000,-27.9375,-175.1250,-0.7200,0.8100,-10.0400
967822.0000,81.7500,-31.3125,-173.4375,-5.7400,-0.8000,-4.5800
967844.0000,82.1250,-32.0000,-173.8125,-3.2900,-0.4100,-3.0800
967850.0000,82.1250,-32.0000,-173.8125,-2.9900,-0.7400,-3.4300
967904.0000,81.8750,-33.0000,-173.6250,-5.0700,0.1200,-6.3200
967927.0000,81.4375,-33.4375,-173.1250,-3.0900,1.5400,-8.9100
967931.0000,81.3750,-33.6875,-172.8750,-2.0900,1.2500,-10.4100
967985.0000,82.5000,-33.5625,-169.6250,-7.1100,3.7700,-10.9700
968009.0000,83.2500,-33.3125,-168.1875,-6.9000,-0.4300,-17.6900
968014.0000,84.1875,-33.5625,-167.6875,-6.9000,-0.4300,-17.6900
968088.0000,87.5625,-34.2500,-168.9375,-7.9200,4.1300,-5.7900
968094.0000,87.5000,-34.1875,-169.3750,-8.6900,4.4400,-5.1800
968148.0000,86.3750,-33.0000,-171.0000,-7.6500,1.5300,-8.0300
968172.0000,84.7500,-32.6875,-173.2500,-3.1800,3.8100,-5.5200
968175.0000,84.7500,-32.6875,-173.2500,-3.1800,3.8100,-5.5200
968311.0000,76.3125,-30.6875,-172.8750,-0.8500,1.6800,-8.6000
968333.0000,76.1250,-29.8750,-170.7500,-1.5000,-0.0600,-10.8300
968337.0000,76.1250,-29.8750,-170.7500,-1.5000,-0.0600,-10.8300
968393.0000,78.5000,-27.3125,-168.6250,-5.1300,0.1500,-10.5900
968415.0000,78.9375,-26.3750,-169.1875,-5.7900,1.3800,-10.1700
968419.0000,78.9375,-26.3750,-169.1875,-5.7900,1.3800,-10.1700
968473.0000,76.0000,-22.9375,-172.8125,-5.2700,1.3800,-8.2600
968554.0000,69.9375,-20.8125,-174.5000,-2.1000,1.0200,-9.0000
968577.0000,67.4375,-20.0625,-174.6250,-0.7100,1.3600,-8.5800
968581.0000,67.4375,-20.0625,-174.6250,-0.7100,1.3600,-8.5800
968654.0000,59.0625,-15.7500,-174.8750,-3.1500,0.7300,-5.2700
968658.0000,59.0625,-15.7500,-174.8750,-3.1500,0.7300,-5.2700
968734.0000,61.8125,-11.8750,-176.6250,-1.8700,4.9900,-6.4800
968738.0000,61.8125,-11.8750,-176.6250,-1.8700,4.9900,-6.4800
968794.0000,62.1250,-5.7500,-177.1875,0.2000,2.2400,-9.1600
968816.0000,62.8750,-3.7500,-176.8125,-1.4900,2.8800,-12.6700
968820.0000,62.8750,-3.7500,-176.8125,-1.4900,2.8800,-12.6700
968873.0000,62.1250,0.7500,-173.5625,1.9800,-0.3800,-20.1800
968895.0000,61.8750,1.1875,-172.6250,3.6000,0.0900,-16.4300
968899.0000,61.8750,1.1875,-172.6250,3.6000,0.0900,-16.4300
968955.0000,62.1250,1.3125,-172.5000,1.0100,1.0900,-8.1200
968977.0000,60.8125,1.5000,-172.6875,2.5000,1.3400,-8.1300
968981.0000,60.8125,1.5000,-172.6875,2.5000,1.3400,-8.1300
969034.0000,60.4375,2.0000,-173.5625,-1.2200,2.0100,-8.3400
969056.0000,60.5000,2.0000,-173.0625,1.6800,1.8100,-10.0800
969061.0000,60.5000,2.0000,-173.0625,2.5200,0.7200,-10.9500
969116.0000,60.4375,1.8125,-171.8125,0.3500,1.4200,-10.3700
969138.0000,60.2500,1.8125,-171.8750,0.9700,1.3400,-9.3500
969144.0000,59.9375,1.8125,-171.9375,1.2000,1.1900,-8.8200
969218.0000,60.2500,3.1875,-172.1250,-1.1600,1.2400,-9.6800
969222.0000,60.2500,3.1875,-172.1250,-1.1600,1.2400,-9.6800
969276.0000,60.0000,2.7500,-171.9375,1.1200,1.6100,-10.0300
969298.0000,59.2500,2.5625,-171.8125,1.7600,1.5900,-9.5800
969304.0000,59.0625,2.5625,-171.8125,1.7200,1.6900,-9.5500
969381.0000,58.7500,2.8750,-171.6875,0.7300,1.5600,-9.7000
969385.0000,58.5000,2.8750,-171.6250,0.9800,1.6600,-9.5000
969458.0000,58.4375,2.6250,-171.2500,-0.2600,1.9600,-9.2700
969464.0000,58.3125,2.3750,-171.1250,0.2100,2.0200,-9.3900
969538.0000,57.6250,1.1875,-169.6875,1.5300,1.9200,-9.4100
969543.0000,57.6250,1.1875,-169.6875,0.9100,1.0000,-9.9400
969597.0000,59.1875,0.4375,-169.4375,1.4000,2.3200,-10.5400
969621.0000,59.9375,0.1875,-169.6875,1.3200,2.3800,-10.1700
969625.0000,60.4375,0.1250,-169.7500,1.1300,2.5700,-9.6200
969678.0000,62.8125,0.1875,-169.6250,-0.3500,2.5600,-9.8600
969700.0000,63.0000,0.2500,-169.5625,0.1000,2.5300,-9.8500
969706.0000,62.8125,0.3750,-169.4375,0.2200,2.2800,-9.4900
969759.0000,62.4375,0.7500,-168.8750,-0.7900,1.0300,-10.3200
969783.0000,62.6875,0.6875,-169.2500,0.1300,1.8000,-10.0900
969788.0000,62.7500,0.6250,-169.5000,0.6300,1.9300,-9.7200
969841.0000,62.8125,0.5000,-171.1250,-0.8400,2.2800,-9.5000
969865.0000,62.5625,0.0000,-171.5000,0.8900,1.6400,-8.7600
969869.0000,62.5625,0.0000,-171.5000,0.8900,1.6400,-8.7600
969943.0000,61.6250,-0.4375,-171.5625,0.0900,1.6900,-9.5000
969948.0000,61.5000,-0.5000,-171.5625,0.0900,1.6900,-9.5000
970003.0000,61.0625,-0.8750,-171.6250,0.3200,1.4300,-9.8300
970026.0000,60.7500,-1.1250,-171.6875,0.1900,1.4700,-9.5500
970030.0000,60.7500,-1.1250,-171.6875,0.1900,1.4700,-9.5500
970084.0000,60.2500,-1.4375,-171.6875,0.4900,1.3300,-9.6700
970106.0000,59.8750,-1.6875,-171.7500,0.7300,1.3000,-9.5300
970110.0000,59.8750,-1.6875,-171.7500,0.7300,1.3000,-9.5300
970165.0000,59.5000,-1.6250,-171.7500,0.2300,1.4000,-9.8200
970188.0000,59.3750,-1.6250,-171.8125,0.4600,1.5500,-9.7600
970192.0000,59.3750,-1.6250,-171.8125,0.4600,1.5500,-9.7600
970247.0000,59.2500,-0.8750,-171.8125,-0.0300,1.6100,-9.7700
970269.0000,59.0625,-0.4375,-171.8125,-0.2100,1.5100,-9.8300
970273.0000,59.0625,-0.4375,-171.8125,-0.2100,1.5100,-9.8300
970327.0000,58.6250,0.5625,-171.8750,-0.4200,1.8400,-9.2900
970349.0000,58.5000,0.6875,-171.8750,0.2100,1.7600,-9.0800
970354.0000,58.5000,0.6875,-171.8750,0.5500,2.1700,-9.0900
970429.0000,58.4375,0.6875,-170.8750,0.7800,1.7000,-9.5600
970433.0000,58.4375,0.6875,-170.8750,0.7800,1.7000,-9.5600
970486.0000,59.3750,0.5625,-170.0625,0.1500,1.9300,-9.9200
970508.0000,59.6250,0.5000,-169.8750,0.6500,1.9400,-9.8600
970512.0000,59.6250,0.5000,-169.8750,0.6500,1.9400,-9.8600
970568.0000,60.3125,0.6875,-169.5000,0.5300,1.6000,-9.5900
970590.0000,60.5625,0.8750,-169.3125,0.3700,1.8300,-9.6000
970595.0000,60.5625,0.8750,-169.3125,0.6700,2.4300,-9.5200
970670.0000,61.1250,1.3750,-169.0625,0.0400,2.0700,-9.4800
970674.0000,61.1250,1.3750,-169.0625,0.0400,2.0700,-9.4800
970727.0000,62.3750,1.3125,-169.0000,-0.0500,1.8900,-10.4000
970749.0000,62.5625,1.1250,-169.1875,0.8100,1.8200,-10.1800
970754.0000,62.5625,1.1250,-169.1875,0.8100,1.8200,-10.1800
970809.0000,63.3750,-0.3125,-169.6875,4.2400,3.1400,-9.5200
970831.0000,64.0625,-1.0000,-169.7500,4.3700,1.1500,-10.6100
970835.0000,64.0625,-1.0000,-169.7500,4.3700,1.1500,-10.6100
970991.0000,65.6875,-4.6875,-171.1250,-0.9000,1.5200,-9.3900
970996.0000,65.6875,-4.6875,-171.1250,-1.1400,1.4900,-8.4800
971070.0000,66.0625,-7.2500,-173.0000,0.7700,4.4000,-9.6400
971074.0000,66.0625,-7.2500,-173.0000,0.7700,4.4000,-9.6400
971128.0000,69.4375,-8.7500,-172.2500,-2.6200,1.0400,-8.0700
971150.0000,70.5625,-9.6875,-171.4375,-2.9700,1.3800,-8.1100
971154.0000,70.5625,-9.6875,-171.4375,-2.9700,1.3800,-8.1100
971209.0000,71.5000,-13.7500,-169.7500,-1.5000,0.5900,-9.3900
971231.0000,71.0000,-15.0000,-169.5625,0.6600,0.2300,-10.7600
971235.0000,71.0000,-15.0000,-169.5625,0.6600,0.2300,-10.7600
971289.0000,73.5625,-19.3125,-170.2500,-1.2400,1.9300,-11.5500
971311.0000,72.7500,-21.0625,-171.1250,-2.1000,0.5000,-7.4900
971315.0000,72.7500,-21.0625,-171.1250,-2.1000,0.5000,-7.4900
971391.0000,72.5625,-26.0000,-173.0000,-4.6300,1.1600,-6.4200
971395.0000,72.5625,-26.0000,-173.0000,-4.6300,1.1600,-6.4200
971450.0000,70.2500,-27.8125,-169.9375,-8.6000,-1.0300,-11.6500
971472.0000,69.5625,-28.3750,-169.3125,-6.4300,1.8200,-12.0700
971476.0000,69.5625,-28.3750,-169.3125,-6.4300,1.8200,-12.0700
971530.0000,66.5625,-28.4375,-169.8125,-3.8800,3.0100,-8.6100
971611.0000,66.5625,-25.7500,-169.0625,-4.0700,1.8900,-8.5900
971634.0000,67.0625,-25.1250,-168.8125,-4.5700,1.5900,-8.5900
971638.0000,67.0625,-25.1250,-168.8125,-4.5700,1.5900,-8.5900
971712.0000,67.9375,-24.1875,-169.1250,-5.1700,1.7000,-8.3000
971716.0000,67.9375,-24.1875,-169.1250,-5.1700,1.7000,-8.3000
971851.0000,68.6250,-24.2500,-168.8125,-3.2000,1.7100,-8.8800
971873.0000,69.0625,-24.1875,-168.6250,-3.1800,1.7100,-9.3100
971877.0000,69.0625,-24.1875,-168.6250,-3.1800,1.7100,-9.3100
971947.0000,70.6875,-24.0000,-168.3125,-3.8400,1.9300,-8.3900
971952.0000,70.8750,-24.0000,-168.3125,-4.0200,2.0100,-8.5200
972006.0000,71.1250,-23.8125,-168.1875,-3.7900,1.9000,-8.9300
972030.0000,71.0000,-23.7500,-168.2500,-3.8700,2.1700,-8.7000
972034.0000,71.0000,-23.7500,-168.2500,-3.8700,2.1700,-8.7000
972110.0000,70.9375,-23.6875,-168.0000,-3.4900,2.2300,-8.9600
972114.0000,70.9375,-23.6875,-168.0000,-3.4900,2.2300,-8.9600
972169.0000,70.9375,-23.7500,-167.1250,-4.1200,2.3300,-8.6500
972192.0000,70.9375,-23.9375,-166.6875,-3.7700,2.4000,-8.4500
972196.0000,70.9375,-23.9375,-166.6875,-3.7700,2.4000,-8.4500
972252.0000,70.9375,-24.5000,-165.0000,-3.9600,2.1300,-9.6100
972274.0000,71.0625,-24.6250,-164.6250,-3.2700,2.0700,-9.4600
972278.0000,71.0625,-24.6250,-164.6250,-3.2700,2.0700,-9.4600
972351.0000,71.1875,-24.8125,-164.3125,-3.9700,2.9100,-8.3500
972355.0000,71.1875,-24.8125,-164.3125,-3.9700,2.9100,-8.3500
972431.0000,69.5000,-24.6250,-164.3750,-3.5700,2.3200,-8.9300
972435.0000,69.5000,-24.6250,-164.3750,-3.5700,2.3200,-8.9300
972488.0000,68.9375,-24.1875,-164.7500,-3.8800,2.2300,-9.2500
972510.0000,69.2500,-23.9375,-165.1875,-4.8600,2.4100,-8.8000
972515.0000,69.2500,-23.9375,-165.1875,-4.8600,2.4100,-8.8000
972570.0000,69.1250,-24.1250,-166.6250,-3.1100,2.4200,-8.7800
972593.0000,68.8125,-24.2500,-167.5000,-3.2300,2.6100,-8.4900
972597.0000,68.8125,-24.2500,-167.5000,-3.2300,2.6100,-8.4900
972652.0000,68.3125,-24.2500,-167.6250,-3.7500,1.9800,-8.5700
972674.0000,68.0000,-24.3750,-167.6250,-3.2000,2.0300,-8.8300
972678.0000,68.0000,-24.3750,-167.6250,-3.2000,2.0300,-8.8300
972752.0000,67.8750,-24.5000,-167.6250,-3.3300,2.0400,-8.8700
972756.0000,67.8750,-24.5000,-167.6250,-3.3300,2.0400,-8.8700
972812.0000,68.4375,-24.3125,-167.6875,-4.1300,1.8300,-8.7500
972834.0000,68.5625,-24.2500,-167.7500,-4.1900,1.9400,-8.7200
972838.0000,68.5625,-24.2500,-167.7500,-4.1900,1.9400,-8.7200
972891.0000,68.5625,-24.4375,-168.0625,-3.7800,2.0600,-8.7400
972913.0000,68.5000,-24.5625,-168.2500,-3.5000,2.0800,-8.8100
972917.0000,68.5000,-24.5625,-168.2500,-3.5000,2.0800,-8.8100
972993.0000,68.3750,-24.6250,-168.3750,-3.8900,1.7600,-8.7700
972997.0000,68.3750,-24.6250,-168.3750,-3.8900,1.7600,-8.7700
973052.0000,68.1875,-24.6250,-168.5000,-3.6000,1.8600,-8.8500
973075.0000,68.3125,-24.6250,-168.5000,-3.9400,2.0300,-8.6700
973078.0000,68.3125,-24.6250,-168.5000,-3.9400,2.0300,-8.6700
973132.0000,68.5000,-24.7500,-168.4375,-3.5800,1.9300,-8.9200
973154.0000,68.5000,-24.7500,-168.4375,-3.6800,1.7500,-8.9900
973158.0000,68.5000,-24.7500,-168.4375,-3.6800,1.7500,-8.9900
973234.0000,68.5000,-24.5625,-168.3750,-3.7300,2.1900,-8.8100
973238.0000,68.5000,-24.5625,-168.3750,-3.7300,2.1900,-8.8100
973291.0000,68.5625,-24.5000,-168.3125,-3.6900,1.9200,-8.7500
973313.0000,68.8125,-24.6250,-168.2500,-3.8800,1.8100,-8.7700
973317.0000,68.8125,-24.6250,-168.2500,-3.8800,1.8100,-8.7700
973373.0000,68.8125,-24.9375,-168.1875,-3.8500,1.9600,-9.0300
973395.0000,68.6250,-25.0000,-168.2500,-3.6800,1.9900,-8.8200
973399.0000,68.6250,-25.0000,-168.2500,-3.6800,1.9900,-8.8200
973454.0000,68.1875,-24.8750,-168.3750,-3.6100,2.0700,-8.8600
973476.0000,68.1250,-24.7500,-168.3750,-3.6500,1.9100,-8.7800
973480.0000,68.1250,-24.7500,-168.3750,-3.6500,1.9100,-8.7800
973554.0000,68.7500,-24.3750,-168.2500,-3.8400,1.7100,-8.8600
973558.0000,68.7500,-24.3750,-168.2500,-3.8400,1.7100,-8.8600
973634.0000,69.9375,-24.2500,-168.1250,-3.7600,1.9500,-8.6900
973638.0000,69.9375,-24.2500,-168.1250,-3.7600,1.9500,-8.6900
973711.0000,70.8125,-24.6875,-167.8750,-3.7100,1.9700,-8.7800
973716.0000,70.9375,-24.7500,-167.8750,-3.7100,1.9700,-8.7800
973770.0000,71.3750,-24.8750,-167.6250,-4.0000,1.9400,-8.8400
973794.0000,71.5625,-24.8750,-167.5625,-3.9000,1.9400,-8.9100
973798.0000,71.5625,-24.8750,-167.5625,-3.9000,1.9400,-8.9100
973851.0000,71.8750,-24.8750,-167.5625,-3.9900,2.0000,-8.5900
973875.0000,72.1250,-24.9375,-167.5625,-3.8700,1.8500,-8.7100
973879.0000,72.1250,-24.9375,-167.5625,-3.8700,1.8500,-8.7100
973932.0000,72.5625,-24.9375,-167.5625,-4.0200,2.1600,-8.6500
973954.0000,72.8125,-24.8750,-167.4375,-4.2000,1.9800,-8.4200
973958.0000,72.8125,-24.8750,-167.4375,-4.2000,1.9800,-8.4200
974034.0000,73.1875,-25.0625,-167.2500,-3.7500,1.9800,-8.7000
974038.0000,73.1875,-25.0625,-167.2500,-3.7500,1.9800,-8.7000
974112.0000,73.5625,-25.1250,-167.1250,-3.7300,1.9600,-8.7100
974117.0000,73.6250,-25.1250,-167.0625,-3.7300,1.9600,-8.7100
974171.0000,73.8750,-25.1250,-166.9375,-4.0300,2.0100,-8.7200
974195.0000,73.9375,-25.1250,-166.9375,-3.9200,2.0400,-8.6600
974199.0000,73.9375,-25.1250,-166.9375,-3.9200,2.0400,-8.6600
974253.0000,73.8125,-25.1250,-166.8125,-4.0500,2.1100,-8.6200
974276.0000,73.8125,-25.1875,-166.7500,-4.0400,2.1400,-8.5100
974280.0000,73.8125,-25.1875,-166.7500,-4.0400,2.1400,-8.5100
974353.0000,74.0625,-25.1875,-166.5625,-3.9800,2.2500,-8.9400
974358.0000,74.1250,-25.1875,-166.5000,-3.9800,2.2500,-8.9400
974413.0000,74.3750,-25.1250,-166.4375,-4.1400,2.1700,-8.5700
974436.0000,74.4375,-25.1250,-166.3750,-4.0000,2.1700,-8.6800
974440.0000,74.4375,-25.1250,-166.3750,-4.0000,2.1700,-8.6800
974516.0000,74.3750,-25.1875,-166.4375,-4.1400,2.1000,-8.6900
974520.0000,74.3750,-25.1875,-166.4375,-4.1400,2.1000,-8.6900
974575.0000,74.0000,-25.2500,-166.6250,-3.8700,2.1200,-8.7800
974597.0000,73.9375,-25.2500,-166.6250,-4.1300,2.1100,-8.5900
974601.0000,73.9375,-25.2500,-166.6250,-4.1300,2.1100,-8.5900
974677.0000,73.6250,-25.1875,-166.7500,-4.0500,2.0300,-8.6900
974681.0000,73.6250,-25.1875,-166.7500,-4.0500,2.0300,-8.6900
974735.0000,73.5625,-25.1875,-166.8125,-4.2900,1.9300,-8.5200
974757.0000,73.5625,-25.2500,-166.8125,-4.3600,1.8200,-8.6700
974761.0000,73.5625,-25.2500,-166.8125,-4.3600,1.8200,-8.6700
974816.0000,73.3750,-25.3750,-167.0000,-3.9600,2.1400,-8.7600
974838.0000,73.3750,-25.3125,-167.0000,-4.2100,2.1800,-8.7300
974842.0000,73.3750,-25.3125,-167.0000,-4.2100,2.1800,-8.7300
974896.0000,73.3125,-25.2500,-166.9375,-3.9000,2.0600,-8.7000
974918.0000,73.3125,-25.2500,-167.0000,-3.8800,1.9000,-8.8300
974922.0000,73.3125,-25.2500,-167.0000,-3.8800,1.9000,-8.8300
974978.0000,73.2500,-25.1250,-167.1250,-4.0300,2.0600,-8.7500
975000.0000,73.2500,-25.1250,-167.1875,-4.0100,2.0400,-8.8000
975004.0000,73.2500,-25.1250,-167.1875,-4.0100,2.0400,-8.8000
975059.0000,72.9375,-25.0625,-167.3750,-4.0100,2.0400,-8.7000
975081.0000,72.8125,-25.0625,-167.4375,-3.8300,2.0100,-8.7900
975085.0000,72.8125,-25.0625,-167.4375,-3.8300,2.0100,-8.7900
975161.0000,72.6875,-25.0625,-167.5000,-3.8600,2.0200,-8.7500
975166.0000,72.6875,-25.0625,-167.5000,-3.9500,2.0500,-8.7700
975220.0000,72.8750,-25.1250,-167.3750,-4.0700,1.9900,-8.6200
975243.0000,72.8750,-25.1250,-167.3750,-3.8800,2.0100,-8.7100
975249.0000,72.8750,-25.1250,-167.3750,-3.9700,2.2400,-8.6800
975303.0000,73.0625,-25.1250,-167.3125,-4.1200,1.9600,-8.7300
975326.0000,73.0625,-25.1875,-167.3125,-4.0400,1.9800,-8.6700
975331.0000,73.0625,-25.1875,-167.3125,-4.0400,1.9800,-8.6700
975385.0000,73.0000,-25.2500,-167.3125,-4.0300,2.0000,-8.6400
975465.0000,72.8750,-25.2500,-167.3750,-3.8500,2.0800,-8.7100
975488.0000,72.9375,-25.3125,-167.3750,-3.8900,2.0100,-8.6700
975492.0000,72.9375,-25.3125,-167.3750,-3.8900,2.0100,-8.6700
975546.0000,73.3125,-25.3125,-167.1875,-4.0300,2.0900,-8.7600
975568.0000,73.5625,-25.2500,-167.1250,-4.2000,2.1100,-8.6200
975572.0000,73.5625,-25.2500,-167.1250,-4.2000,2.1100,-8.6200
975628.0000,73.8750,-25.3125,-167.0625,-4.3300,2.1100,-8.7000
975650.0000,73.8750,-25.3750,-167.0000,-4.1000,2.0000,-8.6800
975654.0000,73.8750,-25.3750,-167.0000,-4.1000,2.0000,-8.6800
975709.0000,73.6250,-25.4375,-167.0625,-4.2200,2.0100,-8.7100
975732.0000,73.5000,-25.4375,-167.1250,-3.9900,2.0600,-8.7800
975735.0000,73.5000,-25.4375,-167.1250,-3.9900,2.0600,-8.7800
975809.0000,73.0625,-25.3750,-167.5625,-4.1800,2.1200,-8.4100
975813.0000,73.0625,-25.3750,-167.5625,-4.1800,2.1200,-8.4100
975869.0000,72.2500,-25.4375,-168.0000,-4.1700,1.9900,-8.7900
975891.0000,71.9375,-25.5625,-168.0625,-4.0900,1.9200,-8.5000
975895.0000,71.9375,-25.5625,-168.0625,-4.0900,1.9200,-8.5000
975948.0000,71.4375,-25.8125,-168.1250,-3.8800,1.9700,-8.9200
975970.0000,71.3125,-25.8750,-168.1875,-4.0700,1.9000,-8.6700
975974.0000,71.3125,-25.8750,-168.1875,-4.0700,1.9000,-8.6700
976030.0000,71.1250,-25.9375,-168.2500,-4.0800,1.9200,-8.9900
976052.0000,71.1250,-25.9375,-168.3125,-4.1900,1.8300,-8.6900
976057.0000,71.1250,-25.9375,-168.3125,-4.2300,1.7500,-8.6200
976111.0000,70.8750,-26.0000,-168.6250,-4.1900,1.9900,-8.5400
976133.0000,70.7500,-26.0000,-168.7500,-3.9400,1.8800,-8.5800
976137.0000,70.7500,-26.0000,-168.7500,-3.9400,1.8800,-8.5800
976191.0000,70.7500,-26.1875,-168.8125,-4.0900,1.7200,-8.7100
976213.0000,70.8750,-26.2500,-168.7500,-4.0200,1.8200,-8.7300
976219.0000,70.9375,-26.3125,-168.7500,-4.0200,1.8800,-8.6300
976273.0000,71.5000,-26.3125,-168.4375,-4.1900,1.8400,-8.7200
976295.0000,71.8125,-26.3125,-168.3125,-4.3300,1.8800,-8.5900
976299.0000,71.9375,-26.3125,-168.2500,-4.3900,1.8300,-8.4900
976373.0000,72.8125,-26.3125,-167.9375,-4.4100,1.9300,-8.5700
976378.0000,72.8125,-26.3125,-167.9375,-4.3700,1.9700,-8.5600
976452.0000,73.3750,-26.4375,-167.6875,-4.1900,1.9500,-8.4700
976456.0000,73.3750,-26.4375,-167.6875,-4.1900,1.9500,-8.4700
976512.0000,74.2500,-26.6875,-167.3125,-4.3200,1.8400,-8.7100
976534.0000,74.5625,-26.7500,-167.1875,-4.4000,2.0700,-8.5900
976538.0000,74.5625,-26.7500,-167.1875,-4.4000,2.0700,-8.5900
976592.0000,74.8125,-27.0625,-167.1250,-4.5000,1.9500,-8.5600
976614.0000,74.8125,-27.0625,-167.1250,-4.4000,2.0300,-8.6700
976619.0000,74.8125,-27.0625,-167.1250,-4.4100,2.0700,-8.6600
976673.0000,74.8125,-27.1875,-167.1250,-3.8600,2.1000,-8.3600
976696.0000,74.9375,-27.1875,-167.0625,-4.2500,2.2000,-8.5100
976700.0000,75.1250,-27.1250,-166.9375,-4.3800,1.9600,-8.5100
976754.0000,75.6250,-27.0625,-166.6875,-4.1100,1.9900,-8.5700
976777.0000,75.8125,-27.0625,-166.6250,-4.5000,2.2300,-8.5200
976783.0000,75.9375,-27.0000,-166.5625,-4.5700,1.9800,-8.4000
976858.0000,76.5000,-26.9375,-166.3750,-4.4800,2.2600,-8.6500
976863.0000,76.5625,-26.9375,-166.3750,-4.4800,2.2600,-8.6500
976917.0000,76.8750,-26.9375,-166.2500,-4.3600,2.0700,-8.4000
976941.0000,76.8750,-27.0000,-166.3125,-4.1600,2.0700,-8.5100
976945.0000,76.8750,-27.0000,-166.3125,-4.1600,2.0700,-8.5100
976998.0000,77.0625,-27.0625,-166.2500,-4.5000,2.1300,-8.5400
977020.0000,77.0625,-27.0625,-166.1875,-4.3300,2.1500,-8.4600
977025.0000,77.0625,-27.0625,-166.1875,-4.3300,2.1500,-8.4600
977079.0000,77.0625,-27.0625,-166.3125,-4.4200,2.1600,-8.4200
977102.0000,77.0625,-27.0625,-166.2500,-4.2800,2.1200,-8.4600
977106.0000,77.0625,-27.0625,-166.2500,-4.2800,2.1200,-8.4600
977182.0000,77.0625,-27.0000,-166.3125,-4.5100,2.1200,-8.4700
977186.0000,77.0625,-27.0000,-166.3125,-4.5100,2.1200,-8.4700
977239.0000,77.1250,-27.0625,-166.3125,-4.4100,2.0400,-8.4100
977262.0000,77.2500,-27.0625,-166.2500,-4.3000,2.1700,-8.4900
977266.0000,77.2500,-27.0625,-166.2500,-4.3000,2.1700,-8.4900
977321.0000,77.3750,-27.0625,-166.1250,-4.4900,2.1700,-8.5600
977343.0000,77.4375,-27.0625,-166.1250,-4.3000,2.1900,-8.4500
977347.0000,77.4375,-27.0625,-166.1250,-4.3000,2.1900,-8.4500
977421.0000,77.1250,-27.1875,-166.2500,-4.2900,2.2700,-8.6800
977425.0000,77.0625,-27.1250,-166.2500,-4.2900,2.2700,-8.6800
977500.0000,76.9375,-27.1250,-166.2500,-4.4800,2.0600,-8.5000
977504.0000,76.9375,-27.1250,-166.2500,-4.4900,2.0900,-8.5100
977558.0000,77.0000,-27.1250,-166.2500,-4.1500,2.1900,-8.6400
977582.0000,77.0625,-27.1250,-166.1875,-4.5400,1.9800,-8.4600
977586.0000,77.0625,-27.1250,-166.1875,-4.5400,1.9800,-8.4600
977640.0000,77.0625,-27.1250,-166.2500,-4.5900,2.1200,-8.4100
977662.0000,76.9375,-27.1250,-166.3750,-4.3000,2.1700,-8.5700
977666.0000,76.9375,-27.1250,-166.3750,-4.3000,2.1700,-8.5700
977720.0000,76.9375,-27.1250,-166.3750,-4.3900,2.1400,-8.4900
977743.0000,76.9375,-27.0625,-166.3750,-4.3300,2.1500,-8.5200
977747.0000,76.9375,-27.0625,-166.3750,-4.3300,2.1500,-8.5200
977803.0000,77.1875,-26.9375,-166.3125,-4.5200,2.1900,-8.4000
977825.0000,77.2500,-26.8750,-166.2500,-4.3900,2.1100,-8.2700
977829.0000,77.2500,-26.8750,-166.2500,-4.3900,2.1100,-8.2700
977885.0000,77.1875,-26.8750,-166.2500,-4.4200,2.0200,-8.6100
977907.0000,77.1250,-26.8750,-166.3125,-4.2100,1.9500,-8.5700
977911.0000,77.1250,-26.8750,-166.3125,-4.1300,1.9600,-8.6300
977965.0000,77.2500,-26.9375,-166.3125,-4.3000,2.1800,-8.5400
977987.0000,77.3125,-26.9375,-166.2500,-4.2200,2.1800,-8.4800
977991.0000,77.3125,-26.9375,-166.2500,-4.2000,2.1600,-8.5000
978045.0000,77.9375,-26.8125,-165.9375,-4.4400,2.1400,-8.5600
978067.0000,78.0625,-26.8125,-165.9375,-4.4100,2.0800,-8.4100
978073.0000,78.1250,-26.8125,-165.9375,-4.3700,2.1400,-8.3800
978127.0000,78.3750,-26.7500,-165.8125,-4.3900,2.2300,-8.5500
978149.0000,78.4375,-26.7500,-165.7500,-4.3600,2.1500,-8.4900
978153.0000,78.4375,-26.7500,-165.7500,-4.3800,2.1000,-8.4900
978227.0000,78.6250,-26.7500,-165.7500,-4.3500,2.2900,-8.5700
978232.0000,78.6250,-26.7500,-165.7500,-4.2900,2.3100,-8.5000
978286.0000,78.7500,-26.8125,-165.6875,-4.3000,2.2700,-8.4600
978308.0000,78.8125,-26.8125,-165.6875,-4.1400,2.1900,-8.5100
978314.0000,78.8125,-26.8125,-165.6250,-4.2200,2.2300,-8.5600
978367.0000,79.0000,-26.8125,-165.5000,-4.4800,2.1900,-8.4900
978391.0000,79.0000,-26.8125,-165.5000,-4.4500,2.4300,-8.4600
978395.0000,79.0000,-26.8750,-165.5000,-4.4200,2.3800,-8.3800
978469.0000,79.0000,-26.8750,-165.4375,-4.4000,2.2500,-8.5600
978475.0000,79.0000,-26.8750,-165.5000,-4.3800,2.2900,-8.6000
978528.0000,79.0000,-26.8750,-165.4375,-4.3500,2.1400,-8.3800
978634.0000,78.9375,-26.8750,-165.5000,-4.2700,2.2600,-8.4900
978638.0000,78.9375,-26.8750,-165.5000,-4.2700,2.2600,-8.4900
978692.0000,79.0000,-26.8750,-165.4375,-4.4600,2.2000,-8.4500
978793.0000,78.9375,-26.9375,-165.5625,-4.2900,2.2700,-8.4700
978797.0000,78.9375,-26.9375,-165.5625,-4.3400,2.2900,-8.4800
978871.0000,78.7500,-26.9375,-165.6250,-4.3600,2.1900,-8.5600
978877.0000,78.7500,-26.9375,-165.6875,-4.3700,2.2500,-8.5100
978930.0000,78.4375,-26.9375,-165.8125,-4.4200,2.1900,-8.4800
978954.0000,78.3125,-26.9375,-165.8750,-4.3400,2.1600,-8.4300
978958.0000,78.2500,-26.9375,-165.9375,-4.3400,2.1600,-8.4300
979012.0000,78.1250,-27.0625,-166.0000,-4.3000,2.1500,-8.5200
979036.0000,78.0625,-27.0625,-166.0000,-4.3500,2.2200,-8.4700
979040.0000,78.0625,-27.0625,-166.0000,-4.3500,2.2200,-8.4700
979093.0000,77.9375,-27.0625,-166.0625,-4.3600,2.0900,-8.4800
979195.0000,77.6875,-27.0625,-166.2500,-4.6000,2.0300,-8.3200
979199.0000,77.6875,-27.0625,-166.2500,-4.6000,2.0300,-8.3200
979273.0000,77.3750,-27.1250,-166.3750,-4.4300,2.1500,-8.5800
979278.0000,77.3125,-27.1250,-166.3750,-4.3400,2.0400,-8.5600
979356.0000,77.1250,-27.1875,-166.4375,-4.3100,2.0800,-8.4300
979360.0000,77.1250,-27.1875,-166.4375,-4.3100,2.0800,-8.4300
979436.0000,77.1250,-27.1875,-166.5000,-4.6900,1.9700,-8.4000
979440.0000,77.1250,-27.1875,-166.5000,-4.6900,1.9700,-8.4000
979573.0000,76.8125,-27.1250,-166.6875,-4.4500,2.0600,-8.5800
979597.0000,76.9375,-27.1250,-166.5625,-4.2700,2.0700,-8.4200
979600.0000,76.9375,-27.1250,-166.5625,-4.2700,2.0700,-8.4200
979674.0000,77.3750,-27.1250,-166.4375,-4.3800,2.1700,-8.5500
979679.0000,77.5000,-27.1250,-166.3750,-4.3800,2.1700,-8.5500
979753.0000,77.8125,-27.0625,-166.2500,-4.2800,2.1200,-8.3400
979757.0000,77.8125,-27.1250,-166.3125,-4.2200,2.1100,-8.4300
979810.0000,77.9375,-27.1250,-166.3125,-4.4500,2.0300,-8.3900
979833.0000,78.0000,-27.0625,-166.3125,-4.4400,2.1400,-8.5600
979839.0000,78.0000,-27.0625,-166.3125,-4.4100,2.0700,-8.5900
979912.0000,78.0000,-27.0625,-166.3125,-4.3900,2.0000,-8.5500
979918.0000,78.0000,-27.0625,-166.3125,-4.4000,2.0700,-8.5400
980050.0000,78.2500,-27.0000,-166.1250,-4.3700,2.1200,-8.4600
980072.0000,78.3750,-26.9375,-166.1250,-4.5700,2.2400,-8.6200
980077.0000,78.3750,-26.9375,-166.0625,-4.6100,2.2400,-8.6000
980131.0000,78.4375,-27.0000,-166.1250,-4.2300,2.1800,-8.4700
980155.0000,78.4375,-26.9375,-166.1250,-4.4400,2.2600,-8.4200
980159.0000,78.3750,-26.9375,-166.1250,-4.5400,2.1300,-8.4200
980212.0000,78.2500,-27.0000,-166.1875,-4.0700,2.1500,-8.6800
980374.0000,78.3750,-27.0000,-165.9375,-4.5800,2.1300,-8.4600
980476.0000,78.0000,-27.1875,-166.0625,-4.6200,2.5100,-8.5100
980481.0000,77.9375,-27.2500,-166.1250,-4.6200,2.5100,-8.5100
980535.0000,77.6875,-27.2500,-166.1875,-4.2600,2.1900,-8.4300
980559.0000,77.6250,-27.2500,-166.1875,-4.4300,2.1500,-8.5000
980563.0000,77.6250,-27.2500,-166.1875,-4.4300,2.1500,-8.5000
980619.0000,77.5000,-27.1250,-166.1250,-4.3300,2.1500,-8.5100
980641.0000,77.5000,-27.1250,-166.1250,-4.3600,2.1100,-8.5800
980645.0000,77.5000,-27.1250,-166.1250,-4.3600,2.1100,-8.5800
980698.0000,77.5625,-27.0625,-166.1250,-4.5200,2.0700,-8.4800
980720.0000,77.4375,-27.1875,-166.1875,-4.1800,2.1300,-8.4600
980724.0000,77.4375,-27.1875,-166.1875,-4.1800,2.1300,-8.4600
980800.0000,77.4375,-27.2500,-166.2500,-4.3800,2.3200,-8.4600
980804.0000,77.4375,-27.2500,-166.2500,-4.3800,2.3200,-8.4600
980879.0000,77.7500,-27.0000,-166.1250,-4.3100,2.1500,-8.5200
980883.0000,77.7500,-27.0000,-166.1250,-4.3100,2.1500,-8.5200
980958.0000,77.9375,-26.7500,-166.1250,-4.2200,2.0700,-8.4500
980962.0000,77.9375,-26.8125,-166.1250,-4.2200,2.0700,-8.4500
981016.0000,78.1875,-26.8750,-166.0000,-4.2900,2.1700,-8.5700
981040.0000,78.3125,-26.9375,-166.0000,-4.2600,2.1700,-8.5700
981044.0000,78.3125,-26.9375,-166.0000,-4.2600,2.1700,-8.5700
981098.0000,78.6250,-27.0625,-165.9375,-4.2300,2.0900,-8.6300
981120.0000,78.7500,-27.1250,-165.9375,-4.5200,2.2000,-8.5100
981124.0000,78.7500,-27.1250,-165.9375,-4.5200,2.2000,-8.5100
981179.0000,78.7500,-27.0625,-166.0000,-4.3800,2.2700,-8.3300
981202.0000,78.7500,-27.0625,-166.0000,-4.3300,2.1700,-8.4700
981206.0000,78.7500,-27.0625,-166.0000,-4.3300,2.1700,-8.4700
981259.0000,78.6250,-27.0000,-166.0000,-4.3700,2.2600,-8.4800
981281.0000,78.6250,-26.9375,-166.0000,-4.3700,2.1500,-8.4900
981285.0000,78.6250,-26.9375,-166.0000,-4.3700,2.1500,-8.4900
981361.0000,78.7500,-27.0000,-165.9375,-4.4200,2.1400,-8.5000
981365.0000,78.7500,-27.0000,-165.9375,-4.4200,2.1400,-8.5000
981420.0000,78.7500,-27.0000,-166.0000,-4.4900,2.2900,-8.5000
981442.0000,78.6250,-27.0000,-166.0625,-4.4000,2.0500,-8.5200
981446.0000,78.6250,-27.0000,-166.0625,-4.4000,2.0500,-8.5200
981499.0000,78.3125,-27.0000,-166.1875,-4.1900,2.2500,-8.3600
981522.0000,78.1875,-27.0000,-166.2500,-4.2400,2.1700,-8.4800
981526.0000,78.1875,-27.0000,-166.2500,-4.2400,2.1700,-8.4800
981581.0000,78.0625,-26.8750,-166.2500,-4.2400,2.1200,-8.5100
981603.0000,78.0625,-26.8750,-166.2500,-4.3900,1.9800,-8.4900
981607.0000,78.0625,-26.8750,-166.2500,-4.3900,1.9800,-8.4900
981681.0000,78.1250,-26.8125,-166.2500,-4.5400,2.0700,-8.5000
981685.0000,78.1250,-26.8125,-166.2500,-4.5400,2.0700,-8.5000
981739.0000,77.8750,-26.9375,-166.4375,-4.1200,2.1800,-8.5600
981762.0000,77.8125,-26.9375,-166.4375,-4.3800,2.1900,-8.5600
981766.0000,77.8125,-26.9375,-166.4375,-4.3800,2.1900,-8.5600
981822.0000,77.7500,-26.9375,-166.4375,-4.3500,2.2500,-8.5100
981844.0000,77.7500,-26.8750,-166.4375,-4.2800,2.0400,-8.4200
981848.0000,77.7500,-26.8750,-166.4375,-4.2800,2.0400,-8.4200
981902.0000,77.8125,-26.8125,-166.3750,-4.3000,2.1600,-8.5300
981924.0000,77.8125,-26.7500,-166.3125,-4.4200,2.1500,-8.4400
981928.0000,77.8125,-26.7500,-166.3125,-4.4200,2.1500,-8.4400
981983.0000,77.7500,-26.6875,-166.3750,-4.2600,2.1200,-8.5500
982005.0000,77.7500,-26.6875,-166.3750,-4.3400,2.0700,-8.6000
982010.0000,77.7500,-26.6875,-166.3750,-4.3800,2.0700,-8.5800
982064.0000,77.8750,-26.6875,-166.3750,-4.3200,2.1700,-8.4700
982087.0000,77.8750,-26.6875,-166.3750,-4.2300,2.1500,-8.4000
982093.0000,77.8750,-26.6875,-166.3125,-4.2400,2.1300,-8.4600
982146.0000,78.1250,-26.6250,-166.1875,-4.2000,2.1200,-8.4500
982168.0000,78.1875,-26.5625,-166.1250,-4.2700,2.2200,-8.4500
982174.0000,78.2500,-26.5625,-166.1250,-4.3900,2.2700,-8.4900
982248.0000,78.0000,-26.6875,-166.3125,-4.3400,2.1900,-8.3900
982252.0000,78.0000,-26.6875,-166.3125,-4.2100,2.3000,-8.3800
982305.0000,77.7500,-26.8125,-166.3750,-4.1600,2.2400,-8.6400
982407.0000,78.0625,-26.6875,-166.1250,-4.2300,2.2100,-8.5000
982411.0000,78.0625,-26.6875,-166.1250,-4.2300,2.2100,-8.5000
982485.0000,78.4375,-26.6250,-166.0000,-4.1800,2.1700,-8.5200
982489.0000,78.4375,-26.6250,-166.0000,-4.1800,2.1700,-8.5200
982545.0000,78.6875,-26.6250,-165.9375,-4.4900,2.0000,-8.4500
982567.0000,78.6875,-26.6250,-166.0000,-4.4200,2.2200,-8.4700
982571.0000,78.6875,-26.6250,-166.0000,-4.3800,2.1600,-8.5200
982625.0000,78.6875,-26.7500,-166.0625,-4.4900,2.2200,-8.5100
982647.0000,78.6250,-26.8125,-166.0625,-4.3600,2.2000,-8.3400
982651.0000,78.6250,-26.8125,-166.0625,-4.3600,2.2000,-8.3400
982705.0000,78.3750,-26.8750,-166.1875,-4.3400,2.1600,-8.5100
982727.0000,78.3125,-26.8750,-166.1875,-4.2900,2.0800,-8.4800
982733.0000,78.2500,-26.8750,-166.1875,-4.2700,2.0900,-8.4500
982787.0000,78.1875,-26.8750,-166.3125,-4.1700,2.2100,-8.6200
982810.0000,78.1250,-26.8750,-166.3125,-4.4900,2.2100,-8.4900
982814.0000,78.0000,-26.8750,-166.3750,-4.5200,2.1100,-8.4000
982867.0000,77.6875,-26.8750,-166.5000,-4.3000,2.2000,-8.5400
982889.0000,77.6250,-26.8750,-166.5625,-4.3300,2.0700,-8.4800
982895.0000,77.6250,-26.8750,-166.5625,-4.3700,2.0300,-8.5000
982969.0000,77.6250,-26.9375,-166.5000,-4.3600,2.0600,-8.5600
982975.0000,77.6875,-26.9375,-166.5000,-4.4900,2.0800,-8.5800
983028.0000,77.6875,-27.0000,-166.3750,-4.3500,2.1300,-8.4700
983052.0000,77.6875,-27.0000,-166.3750,-4.7700,2.0100,-8.6000
983056.0000,77.6875,-27.0625,-166.3750,-4.7500,2.0400,-8.6000
983110.0000,77.4375,-27.1250,-166.5000,-4.1700,2.1500,-8.5500
983132.0000,77.4375,-27.1875,-166.5000,-4.4000,2.1400,-8.4800
983137.0000,77.4375,-27.1250,-166.5000,-4.4000,2.1400,-8.4800
983191.0000,77.4375,-27.0625,-166.4375,-4.2900,2.1800,-8.5200
983215.0000,77.5000,-27.0000,-166.3750,-4.2900,2.1000,-8.5600
983219.0000,77.5000,-27.0000,-166.3750,-4.2900,2.1000,-8.5600
983272.0000,77.6250,-26.8750,-166.3125,-4.5500,2.1600,-8.4200
983295.0000,77.5625,-26.8750,-166.3750,-4.6100,1.9300,-8.5900
983299.0000,77.5625,-26.8750,-166.3750,-4.6100,1.9300,-8.5900
983353.0000,77.1875,-26.8750,-166.6250,-4.3100,2.0800,-8.4800
983375.0000,77.0625,-26.9375,-166.6250,-4.3900,2.1600,-8.5000
983379.0000,77.0625,-26.9375,-166.6250,-4.3900,2.1600,-8.5000
983455.0000,77.3750,-26.8125,-166.4375,-4.4200,2.0400,-8.4100
983459.0000,77.3750,-26.8125,-166.4375,-4.4200,2.0400,-8.4100
983512.0000,77.6875,-26.8125,-166.3125,-4.5100,2.2800,-8.4500
983535.0000,77.8750,-26.8125,-166.2500,-4.3600,2.0800,-8.5500
983539.0000,77.8750,-26.8125,-166.2500,-4.3600,2.0800,-8.5500
983613.0000,78.1250,-26.8125,-166.2500,-4.6300,2.2400,-8.2900
983618.0000,78.1250,-26.8125,-166.2500,-4.5000,2.2100,-8.3000
983672.0000,78.0625,-26.7500,-166.3125,-4.2900,2.1500,-8.6400
983696.0000,78.0625,-26.7500,-166.3125,-4.4600,2.1200,-8.5000
983700.0000,78.0625,-26.7500,-166.3125,-4.4600,2.1200,-8.5000
983753.0000,78.0625,-26.7500,-166.2500,-4.2600,2.0100,-8.5600
983776.0000,78.1875,-26.7500,-166.2500,-4.4000,2.0300,-8.5400
983780.0000,78.1875,-26.7500,-166.2500,-4.4000,2.0300,-8.5400
983835.0000,78.3750,-26.7500,-166.1875,-4.4100,2.2500,-8.4300
983857.0000,78.3750,-26.7500,-166.1875,-4.3000,2.1200,-8.5700
983861.0000,78.3750,-26.7500,-166.1875,-4.3000,2.1200,-8.5700
983917.0000,78.4375,-26.6875,-166.0625,-4.4500,2.1500,-8.3000
983939.0000,78.3750,-26.6250,-166.0000,-4.4200,2.1900,-8.4600
983944.0000,78.3750,-26.6250,-166.0000,-4.3300,2.1700,-8.5700
984019.0000,78.0625,-26.5000,-166.1875,-4.2500,2.2100,-8.4800
984023.0000,78.0625,-26.5000,-166.1875,-4.2500,2.2100,-8.4800
984078.0000,77.8125,-26.3750,-166.4375,-4.3900,2.2400,-8.5000
984100.0000,77.7500,-26.3750,-166.4375,-4.1600,2.1100,-8.5100
984104.0000,77.7500,-26.3750,-166.4375,-4.1600,2.1100,-8.5100
984178.0000,77.5000,-26.5000,-166.5625,-4.4300,2.0800,-8.5300
984182.0000,77.5000,-26.5000,-166.5625,-4.4300,2.0800,-8.5300
984237.0000,77.0625,-26.5625,-166.7500,-4.3000,2.2200,-8.6400
984259.0000,77.0000,-26.5625,-166.7500,-4.3800,2.0500,-8.3700
984263.0000,77.0000,-26.5625,-166.7500,-4.3800,2.0500,-8.3700
984337.0000,76.8750,-26.5000,-166.8125,-4.4300,2.1000,-8.5400
984341.0000,76.8750,-26.5000,-166.8125,-4.4300,2.1000,-8.5400
984396.0000,76.7500,-26.3125,-166.9375,-4.1800,2.0900,-8.6200
984419.0000,76.7500,-26.2500,-167.0000,-4.3400,2.0900,-8.5200
984423.0000,76.7500,-26.2500,-167.0000,-4.3400,2.0900,-8.5200
984478.0000,76.4375,-26.1250,-167.1250,-4.3900,2.0000,-8.6300
984500.0000,76.3750,-26.1250,-167.1875,-4.3300,1.9700,-8.5600
984504.0000,76.3750,-26.1250,-167.1875,-4.3300,1.9700,-8.5600
984578.0000,76.1875,-26.1875,-167.3125,-4.3000,1.9900,-8.5500
984582.0000,76.1875,-26.1875,-167.3125,-4.3000,1.9900,-8.5500
984637.0000,76.3125,-26.0625,-167.3125,-4.3000,2.1000,-8.5200
984659.0000,76.2500,-26.0625,-167.3125,-4.1700,2.0100,-8.5900
984663.0000,76.2500,-26.0625,-167.3125,-4.1700,2.0100,-8.5900
984737.0000,76.1250,-25.8125,-167.3750,-4.2700,2.1000,-8.6200
984741.0000,76.0625,-25.8125,-167.4375,-4.2700,2.1000,-8.6200
984796.0000,75.6250,-25.7500,-167.8125,-4.1900,2.0700,-8.5700
984819.0000,75.4375,-25.6875,-167.8750,-4.1800,1.8300,-8.6600
984823.0000,75.4375,-25.6875,-167.8750,-4.1800,1.8300,-8.6600
984898.0000,75.1250,-25.5625,-168.0000,-4.0500,1.8300,-8.6200
984902.0000,75.1250,-25.5625,-168.0000,-4.0500,1.8300,-8.6200
984955.0000,75.2500,-25.4375,-168.0000,-4.2000,1.8900,-8.5700
984977.0000,75.2500,-25.3125,-168.0625,-4.0300,1.9100,-8.9000
984982.0000,75.2500,-25.3125,-168.0625,-4.0300,1.9100,-8.9000
985057.0000,75.1250,-25.1250,-168.1875,-4.0800,1.9800,-8.6500
985061.0000,75.0000,-25.1250,-168.2500,-4.0800,1.9800,-8.6500
985135.0000,74.6250,-25.1875,-168.4375,-3.9500,1.8300,-8.8200
985141.0000,74.5625,-25.1875,-168.4375,-3.9700,1.8200,-8.8600
985194.0000,74.2500,-25.2500,-168.5625,-4.2000,1.8600,-8.5900
985218.0000,74.0625,-25.3125,-168.5625,-3.9800,2.0100,-8.6700
985222.0000,74.0625,-25.3125,-168.5625,-3.9800,2.0100,-8.6700
985276.0000,74.0000,-25.5000,-168.5625,-4.1200,1.7200,-8.6200
985299.0000,74.0000,-25.5625,-168.5000,-3.8700,1.9600,-8.6300
985303.0000,74.0000,-25.5625,-168.5000,-3.8700,1.9600,-8.6300
985377.0000,74.4375,-25.6250,-168.2500,-4.2200,1.8100,-8.4300
985382.0000,74.5000,-25.6875,-168.2500,-4.2200,1.8100,-8.4300
985456.0000,74.8750,-25.9375,-167.8750,-4.1800,1.7700,-9.0200
985460.0000,74.9375,-26.0000,-167.8750,-4.1900,1.8300,-8.9100
985513.0000,74.9375,-26.0625,-167.9375,-4.0800,2.0400,-8.4500
985537.0000,74.9375,-26.0625,-167.9375,-4.2100,1.9600,-8.5700
985542.0000,74.9375,-26.0625,-167.8750,-4.2100,1.9600,-8.5700
985616.0000,74.8125,-26.0000,-167.8125,-4.2000,1.9300,-8.7000
985620.0000,74.8125,-26.0000,-167.8125,-4.2100,1.9100,-8.6600
985674.0000,74.5000,-26.0625,-167.7500,-4.5700,2.0400,-8.4100
985698.0000,74.4375,-26.0625,-167.7500,-4.2800,1.9700,-8.6400
985703.0000,74.4375,-26.1250,-167.7500,-4.2800,1.9700,-8.6400
985757.0000,74.3125,-26.1875,-167.8750,-4.1700,1.8000,-8.5400
985779.0000,74.3750,-26.1875,-167.8125,-4.5200,1.9300,-8.4500
985783.0000,74.4375,-26.1875,-167.7500,-4.5200,1.9300,-8.4500
985838.0000,74.6875,-26.3125,-167.5625,-3.8600,1.9400,-8.6100
985861.0000,74.8125,-26.3125,-167.3750,-4.4300,1.9200,-8.2900
985865.0000,74.8125,-26.3125,-167.3750,-4.4300,1.9200,-8.2900
985939.0000,74.8750,-26.6250,-166.9375,-3.9900,2.0400,-8.6000
985944.0000,74.8125,-26.6250,-166.9375,-3.9900,2.0400,-8.6000
986019.0000,74.6250,-26.3750,-166.7500,-4.6800,2.1700,-8.5300
986023.0000,74.5625,-26.3750,-166.7500,-4.6600,2.2800,-8.4900
986097.0000,74.0625,-26.3750,-166.8750,-4.4700,2.2500,-8.5500
986103.0000,74.0000,-26.3750,-166.8750,-4.5900,2.2500,-8.4500
986177.0000,73.0000,-26.5000,-167.0000,-4.3400,2.4600,-8.6800
986183.0000,72.7500,-26.5000,-167.0625,-4.2700,2.3100,-8.7200
986236.0000,71.3750,-26.4375,-167.3125,-4.2300,2.1600,-8.5300
986260.0000,70.8750,-26.4375,-167.4375,-3.9100,2.0000,-8.5400
986264.0000,70.6250,-26.4375,-167.4375,-3.9100,2.0000,-8.5400
986318.0000,69.6250,-26.3125,-167.5625,-4.4000,2.1300,-8.8200
986340.0000,69.0625,-26.3125,-167.8125,-4.0400,2.3800,-8.5600
986345.0000,68.7500,-26.3125,-167.9375,-4.0400,2.3800,-8.5600
986419.0000,67.0625,-26.1875,-168.5625,-3.9800,1.9300,-8.6000
986423.0000,66.8750,-26.1250,-168.5625,-3.9300,1.8200,-8.4800
986476.0000,66.2500,-25.8750,-168.7500,-4.2000,1.8000,-8.7300
986499.0000,66.1250,-25.8125,-168.8750,-3.9500,1.9900,-8.7800
986505.0000,66.0625,-25.7500,-168.9375,-3.9500,1.9900,-8.7800
986558.0000,66.1250,-25.5625,-169.0000,-4.0800,1.7900,-8.7100
986580.0000,66.1875,-25.5000,-169.0000,-3.9800,1.8000,-8.6200
986585.0000,66.1875,-25.4375,-169.0000,-3.9800,1.8000,-8.6200
986639.0000,66.3750,-25.3750,-168.8125,-4.3700,1.6700,-8.7500
986663.0000,66.3125,-25.3125,-168.7500,-4.1400,1.7400,-8.8500
986667.0000,66.3125,-25.3125,-168.7500,-4.1400,1.7400,-8.8500
986720.0000,66.1875,-25.1875,-168.8750,-4.1000,1.7900,-8.7000
986743.0000,66.1250,-25.1250,-168.9375,-4.2500,1.8100,-8.6600
986747.0000,66.1250,-25.1250,-168.9375,-4.2500,1.8100,-8.6600
986822.0000,66.1875,-25.3750,-168.7500,-4.0700,1.8800,-8.5100
986826.0000,66.2500,-25.3750,-168.7500,-4.0700,1.8800,-8.5100
986880.0000,66.4375,-25.2500,-168.5000,-4.2100,1.8200,-8.7400
986903.0000,66.6250,-25.2500,-168.4375,-3.8500,2.1800,-8.8100
986907.0000,66.6250,-25.2500,-168.4375,-3.8500,2.1800,-8.8100
986981.0000,67.2500,-25.0625,-168.2500,-3.9600,1.8800,-8.5700
986986.0000,67.3125,-25.0625,-168.1875,-3.9600,1.8800,-8.5700
987063.0000,67.7500,-25.1250,-167.9375,-4.0700,1.9400,-8.7600
987067.0000,67.7500,-25.1250,-167.9375,-4.0700,1.9400,-8.7600
987141.0000,67.6250,-25.1875,-167.9375,-4.1500,2.0400,-8.5900
987146.0000,67.5625,-25.1875,-167.9375,-4.1500,2.0400,-8.5900
987200.0000,67.3750,-25.2500,-167.9375,-4.2300,2.0700,-8.5900
987224.0000,67.2500,-25.3750,-167.8750,-4.1500,2.0100,-8.5700
987228.0000,67.2500,-25.3750,-167.8750,-4.1500,2.0100,-8.5700
987281.0000,67.0000,-25.3750,-167.8125,-4.3600,1.9400,-8.6500
987305.0000,66.8750,-25.4375,-167.8125,-4.1400,1.9400,-8.8100
987308.0000,66.8750,-25.4375,-167.8125,-4.1400,1.9400,-8.8100
987362.0000,66.5625,-25.5000,-167.8750,-4.0900,1.8900,-8.5400
987384.0000,66.3750,-25.4375,-167.8750,-4.1700,1.9300,-8.7000
987388.0000,66.3750,-25.4375,-167.8750,-4.1700,1.9300,-8.7000
987464.0000,65.9375,-25.2500,-168.0625,-3.9600,1.9300,-8.6900
987468.0000,65.9375,-25.2500,-168.0625,-3.9600,1.9300,-8.6900
987521.0000,65.8125,-25.1875,-168.1250,-4.1500,1.9400,-8.7700
987543.0000,65.8125,-25.1875,-168.1250,-4.1500,1.9000,-8.6400
987548.0000,65.7500,-25.1875,-168.1250,-4.1500,1.9000,-8.6400
987602.0000,65.5000,-25.3125,-168.2500,-4.1100,2.0400,-8.4800
987625.0000,65.3125,-25.3750,-168.1875,-4.2100,1.9300,-8.6100
987629.0000,65.3125,-25.3750,-168.1875,-4.2100,1.9300,-8.6100
987704.0000,64.6250,-25.3750,-168.1875,-4.0700,2.0300,-8.6900
987708.0000,64.6250,-25.3750,-168.1875,-4.0700,2.0300,-8.6900
987782.0000,64.2500,-25.1250,-168.3750,-3.9600,1.8100,-8.6900
987787.0000,64.2500,-25.1250,-168.3750,-3.9800,1.9800,-8.7500
987861.0000,64.5625,-24.8750,-168.3750,-4.0800,1.9100,-8.6400
987865.0000,64.5625,-24.8125,-168.3750,-4.2200,1.9000,-8.6100
987919.0000,64.6250,-24.9375,-168.3750,-4.3100,1.8900,-8.7700
987941.0000,64.5000,-25.0625,-168.4375,-4.1000,1.9200,-8.6700
987947.0000,64.4375,-25.1250,-168.4375,-4.1300,1.9900,-8.4200
988000.0000,63.8750,-25.0625,-168.6250,-3.9800,1.9200,-8.7200
988024.0000,63.6875,-25.0000,-168.6875,-3.7700,2.0400,-8.8800
988028.0000,63.6875,-25.0000,-168.6875,-3.7700,2.0400,-8.8800
988104.0000,63.9375,-24.7500,-168.6875,-3.7900,1.9300,-8.5700
988109.0000,64.0000,-24.7500,-168.6875,-3.7900,1.9300,-8.5700
988162.0000,64.5000,-24.6250,-168.6250,-4.1800,1.8900,-8.6600
988184.0000,64.6250,-24.6250,-168.6250,-3.9000,1.7800,-8.8800
988189.0000,64.6875,-24.5625,-168.5625,-3.9000,1.7800,-8.8800
988243.0000,65.0000,-24.5000,-168.5000,-4.3400,1.8300,-8.5900
988266.0000,64.9375,-24.6250,-168.5000,-4.0200,1.9100,-8.7700
988270.0000,64.9375,-24.6250,-168.5000,-4.0200,1.9100,-8.7700
988324.0000,64.8125,-24.8750,-168.4375,-4.2500,2.0200,-8.6500
988346.0000,64.5625,-25.0000,-168.4375,-3.9400,2.0500,-8.4300
988350.0000,64.5625,-25.0000,-168.4375,-3.9400,2.0500,-8.4300
988426.0000,64.4375,-25.1250,-168.2500,-4.0400,1.8300,-8.9600
988430.0000,64.4375,-25.1250,-168.2500,-4.0400,1.8300,-8.9600
988485.0000,64.5000,-25.1250,-168.3125,-3.8000,1.9600,-8.7000
988508.0000,64.5000,-25.0625,-168.3125,-3.8600,1.8500,-8.6900
988512.0000,64.5000,-25.0625,-168.3125,-3.8600,1.8500,-8.6900
988565.0000,64.6875,-25.0000,-168.3125,-4.0000,1.8600,-8.7600
988588.0000,64.8125,-24.9375,-168.3125,-4.0000,1.8400,-8.8300
988592.0000,64.8125,-24.9375,-168.3125,-4.0000,1.8400,-8.8300
988647.0000,65.0000,-24.9375,-168.2500,-4.2400,1.9100,-8.6200
988669.0000,65.0000,-25.0000,-168.2500,-4.1200,1.9600,-8.6000
988673.0000,65.0000,-25.0000,-168.2500,-4.1200,1.9600,-8.6000
988727.0000,65.0000,-25.1875,-168.1250,-4.1700,1.9100,-8.5200
988749.0000,64.9375,-25.2500,-168.0625,-4.0200,1.8000,-8.6400
988753.0000,64.9375,-25.2500,-168.0625,-4.0200,1.8000,-8.6400
988829.0000,65.0625,-25.1875,-167.8750,-3.8000,1.9800,-8.8800
988833.0000,65.0625,-25.1875,-167.8750,-3.8000,1.9800,-8.8800
988888.0000,65.2500,-25.0625,-167.8750,-4.0600,1.9200,-8.5700
988910.0000,65.2500,-25.0625,-167.8750,-4.1100,1.9100,-8.7600
988914.0000,65.2500,-25.0625,-167.8750,-4.1100,1.9100,-8.7600
988968.0000,65.1875,-24.9375,-167.9375,-4.0400,2.1100,-8.5900
988990.0000,65.1250,-24.9375,-167.9375,-4.1800,1.9700,-8.6300
988994.0000,65.1250,-24.9375,-167.9375,-4.1800,1.9700,-8.6300
989049.0000,64.9375,-25.0000,-167.9375,-4.1900,2.2100,-8.6400
989071.0000,64.8125,-25.0625,-168.0000,-4.0800,2.0100,-8.4500
989075.0000,64.8125,-25.0625,-168.0000,-4.0800,2.0100,-8.4500
989129.0000,64.5000,-25.1875,-167.9375,-4.1600,1.8900,-8.6800
989151.0000,64.3750,-25.1875,-167.9375,-4.0700,1.8200,-8.7900
989156.0000,64.3750,-25.1875,-167.9375,-4.0500,1.7900,-8.8100
989231.0000,64.0000,-25.0625,-168.1250,-3.9700,1.8300,-8.6500
989235.0000,64.0000,-25.0625,-168.1250,-3.9700,1.8300,-8.6500
989290.0000,64.0000,-24.8125,-168.1875,-3.9800,2.0300,-8.7000
989312.0000,64.0625,-24.7500,-168.2500,-4.0300,1.9700,-8.6800
989316.0000,64.0625,-24.7500,-168.2500,-4.0300,1.9700,-8.6800
989449.0000,63.9375,-24.6250,-168.3125,-4.3500,2.0200,-8.7900
989472.0000,63.8125,-24.6875,-168.3125,-4.0500,1.8900,-8.7700
989476.0000,63.8125,-24.6875,-168.3125,-4.0500,1.8900,-8.7700
989529.0000,63.6875,-24.8125,-168.2500,-4.0000,1.9700,-8.7300
989551.0000,63.8125,-24.8125,-168.1875,-4.0600,1.7600,-8.9900
989556.0000,63.8125,-24.8125,-168.1875,-4.0600,1.7600,-8.9900
989631.0000,64.0000,-24.6250,-168.3125,-4.0300,1.8300,-8.8200
989635.0000,64.0000,-24.6250,-168.3125,-4.0300,1.8300,-8.8200
989711.0000,64.2500,-24.4375,-168.3750,-3.9400,1.8700,-8.7600
989715.0000,64.2500,-24.4375,-168.3750,-3.9400,1.8700,-8.7600
989768.0000,64.3750,-24.4375,-168.3750,-4.1300,1.8700,-8.7100
989791.0000,64.3750,-24.5625,-168.3125,-4.0900,1.9700,-8.6800
989795.0000,64.3750,-24.5625,-168.3125,-4.0900,1.9700,-8.6800
989850.0000,64.3125,-24.8125,-168.1875,-3.9000,1.8800,-8.6800
989872.0000,64.3125,-24.8750,-168.1250,-3.9500,1.8600,-8.6900
989876.0000,64.3125,-24.8750,-168.1250,-3.9500,1.8600,-8.6900
989950.0000,64.5000,-24.8750,-167.9375,-3.8900,1.9300,-8.7700
989954.0000,64.5000,-24.8750,-167.9375,-3.8900,1.9300,-8.7700
990087.0000,65.0000,-24.5625,-167.8750,-3.9100,2.0000,-8.7700
990110.0000,65.0625,-24.5000,-167.8125,-4.0200,1.9600,-8.6700
990114.0000,65.0625,-24.5000,-167.8125,-4.0200,1.9600,-8.6700
990188.0000,65.2500,-24.5000,-167.7500,-4.0800,2.0200,-8.6600
990193.0000,65.3125,-24.5000,-167.7500,-4.0800,2.0200,-8.6600
990247.0000,65.3750,-24.6250,-167.6875,-3.9800,1.9800,-8.6400
990270.0000,65.3125,-24.6250,-167.6875,-4.1300,1.9100,-8.7900
990274.0000,65.3125,-24.6250,-167.6875,-4.1300,1.9100,-8.7900
990328.0000,65.2500,-24.5625,-167.6875,-3.9100,1.9200,-8.8000
990351.0000,65.1875,-24.5000,-167.7500,-3.9000,1.9100,-8.6900
990355.0000,65.1875,-24.5000,-167.7500,-3.9000,1.9100,-8.6900
990431.0000,64.8750,-24.3750,-167.9375,-3.8400,1.9800,-8.7200
990435.0000,64.8750,-24.3750,-167.9375,-3.8400,1.9800,-8.7200
990488.0000,64.6875,-24.2500,-168.0625,-3.9400,2.0000,-8.6900
990512.0000,64.6875,-24.2500,-168.0625,-4.1400,1.9300,-8.7900
990516.0000,64.6875,-24.2500,-168.0625,-4.1400,1.9300,-8.7900
990569.0000,64.6875,-24.3125,-168.0000,-4.0900,1.9200,-8.7000
990591.0000,64.6250,-24.4375,-168.0000,-3.9300,1.9200,-8.5800
990595.0000,64.6250,-24.4375,-168.0000,-3.9300,1.9200,-8.5800
990671.0000,64.3750,-24.5000,-167.9375,-3.9100,1.8100,-8.7900
990675.0000,64.2500,-24.5000,-167.9375,-3.9100,1.8100,-8.7900
990728.0000,64.0625,-24.5625,-168.0000,-3.9000,1.9300,-8.7500
990750.0000,64.0625,-24.5000,-168.0000,-3.8600,1.9000,-8.8300
990755.0000,64.0625,-24.5000,-168.0000,-3.8600,1.9000,-8.8300
990829.0000,64.1875,-24.2500,-168.0000,-3.8400,2.0300,-8.7300
990833.0000,64.1875,-24.1875,-168.0000,-3.8600,1.9500,-8.7400
990907.0000,64.2500,-24.1250,-168.1250,-3.9000,1.9700,-8.7200
990913.0000,64.1875,-24.1250,-168.1250,-3.8700,1.9000,-8.7500
990966.0000,64.1875,-24.1250,-168.0625,-4.1800,1.9100,-8.6700
990988.0000,64.1875,-24.2500,-167.9375,-4.2200,1.9700,-8.6400
990994.0000,64.1875,-24.3125,-167.9375,-4.1600,2.0000,-8.6700
991068.0000,64.0000,-24.4375,-167.8125,-3.9500,1.9300,-8.8500
991072.0000,64.0000,-24.4375,-167.8125,-3.9100,1.9300,-8.9000
991125.0000,64.1250,-24.3750,-167.8125,-3.9000,1.9500,-8.7300
991148.0000,64.1875,-24.3125,-167.8125,-3.9200,1.9700,-8.7900
991153.0000,64.2500,-24.3125,-167.8125,-3.9000,1.8800,-8.7900
991207.0000,64.4375,-24.1875,-167.8750,-4.0100,2.0100,-8.7000
991231.0000,64.5000,-24.1250,-167.9375,-3.9600,2.0300,-8.6800
991235.0000,64.5625,-24.1250,-167.9375,-3.8700,1.9200,-8.6600
991309.0000,64.6875,-24.1250,-167.9375,-4.1600,1.9700,-8.8700
991315.0000,64.6875,-24.1250,-167.8750,-4.1700,1.9800,-8.8400
991369.0000,64.6250,-24.3750,-167.8125,-3.9700,2.1500,-8.5100
991391.0000,64.5000,-24.4375,-167.7500,-3.9800,1.9600,-8.6700
991396.0000,64.5000,-24.5000,-167.7500,-3.9800,1.9600,-8.6700
991449.0000,64.5000,-24.6875,-167.5625,-3.9500,1.8100,-8.7100
991473.0000,64.5625,-24.6875,-167.5625,-3.9100,1.9300,-8.8700
991477.0000,64.5625,-24.6875,-167.5625,-3.9100,1.9300,-8.8700
991532.0000,64.5625,-24.5625,-167.6875,-3.7600,1.9300,-8.7400
991554.0000,64.6875,-24.4375,-167.6875,-3.9600,1.9700,-8.8400
991558.0000,64.6875,-24.4375,-167.6875,-3.9600,1.9700,-8.8400
991614.0000,64.8125,-24.3125,-167.7500,-4.0000,1.9900,-8.6600
991636.0000,64.8125,-24.3125,-167.8125,-3.9600,1.9900,-8.6800
991640.0000,64.8125,-24.3125,-167.8125,-3.9600,1.9900,-8.6800
991695.0000,64.8750,-24.3750,-167.7500,-4.1500,1.9700,-8.7000
991717.0000,64.8750,-24.5000,-167.6875,-4.1800,2.0400,-8.6800
991721.0000,64.8750,-24.5000,-167.6875,-4.1800,2.0400,-8.6800
991775.0000,64.8750,-24.7500,-167.4375,-3.9900,1.7900,-8.6600
991797.0000,64.8750,-24.8125,-167.4375,-4.0800,1.9000,-8.7600
991802.0000,64.8750,-24.8125,-167.4375,-4.0700,1.9700,-8.6800
991857.0000,64.9375,-24.7500,-167.3125,-3.9200,1.9700,-8.8200
991879.0000,65.0000,-24.7500,-167.3750,-3.9300,2.0400,-8.7300
991883.0000,65.0000,-24.7500,-167.3750,-3.9900,1.9300,-8.7100
991957.0000,64.9375,-24.5000,-167.5000,-4.1100,2.0400,-8.7700
991961.0000,64.9375,-24.5000,-167.5000,-4.1100,2.0400,-8.7700
992016.0000,64.8125,-24.3750,-167.5625,-3.9100,2.0800,-8.7100
992038.0000,64.8125,-24.3125,-167.5625,-3.9800,2.0500,-8.7600
992044.0000,64.8125,-24.3125,-167.5625,-4.0200,2.0400,-8.7700
992118.0000,64.8125,-24.4375,-167.4375,-3.8500,1.9400,-8.5500
992122.0000,64.8125,-24.4375,-167.4375,-3.8500,1.9400,-8.5500
992175.0000,65.0625,-24.4375,-167.2500,-4.1900,1.9900,-8.7200
992197.0000,65.0625,-24.4375,-167.2500,-4.2200,1.9600,-8.6900
992202.0000,65.0625,-24.4375,-167.2500,-4.0200,2.0200,-8.7400
992257.0000,64.9375,-24.3750,-167.4375,-3.8500,1.9400,-8.8600
992280.0000,65.0000,-24.3125,-167.4375,-3.8100,2.0200,-8.7200
992284.0000,65.0000,-24.3125,-167.4375,-3.8300,2.0400,-8.7000
992337.0000,65.1250,-24.1250,-167.5000,-3.9400,2.0800,-8.7700
992360.0000,65.1875,-24.0625,-167.5000,-3.9700,2.1900,-8.8000
992365.0000,65.1875,-24.0000,-167.5000,-3.9400,2.1000,-8.7900
992419.0000,65.3125,-24.0000,-167.5000,-4.1300,2.1200,-8.5900
992441.0000,65.3750,-24.0625,-167.4375,-4.0400,2.1300,-8.5400
992447.0000,65.3750,-24.0625,-167.3750,-3.9900,2.0700,-8.5100
992521.0000,65.5000,-24.3750,-167.2500,-3.7800,2.0200,-8.9700
992525.0000,65.5000,-24.3750,-167.1875,-3.9700,2.0500,-8.9200
992599.0000,65.6250,-24.1875,-167.1250,-3.8500,2.1400,-8.7500
992603.0000,65.6250,-24.1875,-167.1250,-3.9900,1.9600,-8.8200
992678.0000,65.8125,-23.8750,-167.3125,-3.9700,2.1900,-8.6000
992682.0000,65.8125,-23.8750,-167.3125,-3.9700,2.1900,-8.6000
992736.0000,65.8125,-23.8750,-167.3750,-3.9900,2.0700,-8.5500
992758.0000,65.7500,-24.0000,-167.3125,-3.9000,2.0600,-8.5300
992762.0000,65.7500,-24.0000,-167.3125,-3.9000,2.0600,-8.5300
992817.0000,65.9375,-24.3125,-167.0000,-3.9500,1.9300,-8.8600
992839.0000,66.0625,-24.3750,-166.8750,-3.8700,1.9500,-8.7500
992843.0000,66.0625,-24.3750,-166.8750,-3.8700,1.9500,-8.7500
992898.0000,66.2500,-24.3750,-166.7500,-3.9600,2.0200,-8.8000
992920.0000,66.2500,-24.3750,-166.7500,-3.8400,2.0300,-8.7900
992924.0000,66.2500,-24.3750,-166.7500,-3.8400,2.0300,-8.7900
992978.0000,66.4375,-24.1875,-166.7500,-3.9200,2.0600,-8.7400
993000.0000,66.5000,-24.1250,-166.7500,-3.9500,2.1500,-8.7700
993005.0000,66.5000,-24.1250,-166.7500,-3.9200,2.1600,-8.7500
993060.0000,66.5000,-24.0000,-166.8750,-4.0600,2.2400,-8.6600
993082.0000,66.5000,-24.0625,-166.8750,-3.9300,2.2600,-8.5800
993086.0000,66.4375,-24.1250,-166.8750,-3.8400,2.2300,-8.6200
993160.0000,66.6250,-24.2500,-166.6250,-4.0400,2.0500,-8.5300
993164.0000,66.6250,-24.2500,-166.6250,-4.0700,2.1000,-8.5600
993219.0000,66.6250,-24.3125,-166.5625,-3.8100,1.9400,-8.8600
993241.0000,66.6250,-24.2500,-166.6250,-3.8200,2.0600,-8.7500
993247.0000,66.6250,-24.2500,-166.6250,-3.8900,1.9700,-8.7700
993321.0000,66.6250,-24.2500,-166.8125,-3.9300,2.1000,-8.7300
993325.0000,66.6250,-24.2500,-166.8125,-3.9300,2.1000,-8.7300
993379.0000,66.4375,-24.1875,-166.9375,-4.1000,2.1200,-8.6800
993401.0000,66.3750,-24.1875,-166.9375,-4.0600,2.1200,-8.6600
993405.0000,66.3750,-24.1875,-166.9375,-4.0400,2.1500,-8.6600
993480.0000,66.0625,-24.3750,-167.0000,-3.9600,2.0700,-8.6000
993484.0000,66.0625,-24.3750,-167.0000,-3.9600,2.0700,-8.6000
993537.0000,65.9375,-24.4375,-167.0000,-4.0000,1.9900,-8.7700
993559.0000,65.8750,-24.4375,-167.0625,-3.9200,1.8900,-8.7900
993563.0000,65.8750,-24.4375,-167.0625,-3.9200,1.8900,-8.7900
993619.0000,65.5000,-24.4375,-167.2500,-3.9700,1.9800,-8.7200
993641.0000,65.3750,-24.4375,-167.2500,-3.8900,1.9700,-8.8900
993645.0000,65.3750,-24.4375,-167.2500,-3.8900,1.9700,-8.8900
993700.0000,64.9375,-24.2500,-167.4375,-3.9400,2.0200,-8.6900
993722.0000,64.8125,-24.1875,-167.5000,-3.9500,2.0100,-8.6700
993726.0000,64.8125,-24.1875,-167.5000,-3.9500,2.0100,-8.6700
993780.0000,64.6250,-24.3125,-167.5625,-4.0000,2.2400,-8.6100
993802.0000,64.5625,-24.3125,-167.5625,-3.8100,2.1100,-8.7100
993808.0000,64.5000,-24.3125,-167.5625,-3.8400,2.0700,-8.7900
993862.0000,64.4375,-24.3750,-167.5000,-4.1700,1.7700,-8.5600
993884.0000,64.3750,-24.3750,-167.5000,-4.2200,2.0800,-8.4800
993888.0000,64.2500,-24.3750,-167.5000,-4.0100,2.0600,-8.5600
993962.0000,64.0625,-24.3750,-167.5625,-3.9600,1.8300,-8.7100
993966.0000,64.0625,-24.3750,-167.5625,-3.9600,1.8300,-8.7100
994041.0000,64.0000,-24.0000,-167.7500,-3.8900,2.0100,-8.7200
994045.0000,64.0000,-24.0000,-167.7500,-3.8900,2.0100,-8.7200
994101.0000,64.1250,-23.9375,-167.8125,-4.0900,2.0700,-8.6800
994123.0000,64.0625,-24.0000,-167.8750,-4.0700,1.8200,-8.6500
994127.0000,64.0625,-24.0000,-167.8750,-4.0700,1.8200,-8.6500
994180.0000,63.7500,-24.1875,-167.9375,-3.8900,2.0000,-8.6400
994202.0000,63.6250,-24.1875,-167.9375,-3.9500,1.9400,-8.6800
994207.0000,63.6250,-24.1875,-167.9375,-3.9900,1.9400,-8.6700
994261.0000,63.5000,-24.1250,-167.8750,-3.8300,1.9600,-8.9800
994284.0000,63.5000,-24.1250,-167.8750,-3.7100,1.8300,-8.7700
994288.0000,63.5000,-24.1250,-167.8750,-3.7700,1.7800,-8.6900
994342.0000,63.6250,-24.0000,-168.0625,-3.8800,1.9600,-8.6800
994364.0000,63.6250,-23.9375,-168.0625,-3.8600,1.8600,-8.9500
994370.0000,63.6250,-23.9375,-168.0625,-3.9300,1.8200,-8.9400
994444.0000,63.6250,-23.8750,-168.0625,-3.9400,1.9400,-8.7900
994449.0000,63.6250,-23.8750,-168.0625,-3.9400,1.8800,-8.7900
994503.0000,63.5625,-24.0000,-168.1250,-4.0200,1.8300,-8.7100
994526.0000,63.5625,-24.0625,-168.0625,-3.9600,1.9100,-8.6000
994530.0000,63.5625,-24.0625,-168.0625,-3.9400,1.9600,-8.6100
994583.0000,63.6250,-24.1875,-168.0000,-4.1500,1.8700,-8.7600
994605.0000,63.5625,-24.2500,-167.9375,-3.7300,1.9000,-8.8200
994611.0000,63.5625,-24.2500,-167.9375,-3.7000,1.9700,-8.7800
994685.0000,63.5625,-24.1875,-167.9375,-3.7800,1.9600,-8.8300
994689.0000,63.5625,-24.1875,-167.9375,-3.7800,1.9600,-8.8300
994763.0000,63.8125,-23.9375,-167.9375,-3.9200,1.9700,-8.7500
994767.0000,63.8125,-23.9375,-167.9375,-3.9200,1.9700,-8.7500
994822.0000,64.1250,-23.9375,-168.0000,-3.9300,2.0000,-8.7200
994844.0000,64.1875,-23.9375,-167.9375,-3.9700,1.9500,-8.6900
994848.0000,64.1875,-23.9375,-167.9375,-3.9300,2.0100,-8.6900
994903.0000,64.3125,-24.1875,-167.7500,-3.7800,2.0800,-8.6900
994925.0000,64.3125,-24.1875,-167.6250,-3.9400,1.8900,-8.6900
994929.0000,64.3125,-24.1875,-167.6250,-3.9400,1.8900,-8.6900
994983.0000,64.3750,-24.1875,-167.5625,-3.6600,2.1100,-8.8800
995006.0000,64.3750,-24.1875,-167.5625,-3.8000,1.9800,-8.8300
995012.0000,64.3750,-24.1250,-167.5625,-4.0400,1.9700,-8.7600
995065.0000,64.4375,-24.0625,-167.5625,-3.8800,2.0400,-8.6800
995089.0000,64.4375,-24.0000,-167.5625,-4.0400,1.9700,-8.7800
995093.0000,64.4375,-24.0000,-167.5625,-4.0200,1.8800,-8.8000
995167.0000,64.1250,-23.9375,-167.7500,-3.8800,1.9200,-8.7800
995173.0000,64.1250,-23.9375,-167.7500,-3.8700,1.9600,-8.8500
995226.0000,64.0000,-24.0000,-167.7500,-3.9600,2.0400,-8.6300
995248.0000,64.0000,-24.0625,-167.7500,-3.8800,2.0600,-8.5600
995254.0000,63.9375,-24.1250,-167.8125,-3.8500,2.0000,-8.5700
995308.0000,63.7500,-24.1250,-167.8750,-4.0000,1.8800,-8.8100
995332.0000,63.5625,-24.0625,-167.9375,-3.8700,1.9300,-8.9100
995336.0000,63.5625,-24.0625,-167.9375,-3.8700,1.9300,-8.9100
995410.0000,63.0625,-23.8750,-168.1875,-3.7800,1.9800,-8.8700
995415.0000,63.0000,-23.8125,-168.2500,-3.7800,1.9800,-8.8700
995468.0000,62.8125,-23.6250,-168.4375,-3.8700,1.8800,-8.8900
995492.0000,62.7500,-23.5000,-168.5000,-3.8700,1.9100,-8.7500
995496.0000,62.7500,-23.5000,-168.5000,-3.8700,1.9100,-8.7500
995550.0000,62.8125,-23.4375,-168.5625,-3.9100,1.9300,-8.8100
995573.0000,62.8125,-23.5000,-168.5625,-4.0000,1.9700,-8.7200
995577.0000,62.8125,-23.5000,-168.5625,-4.0000,1.9700,-8.7200
995651.0000,62.3750,-23.7500,-168.6875,-3.8000,1.7900,-8.7500
995656.0000,62.3125,-23.8125,-168.6875,-3.8000,1.7900,-8.7500
995711.0000,62.0625,-23.8125,-168.7500,-3.7800,1.8600,-8.7500
995734.0000,62.0000,-23.7500,-168.7500,-3.8200,1.9100,-8.7600
995738.0000,62.0000,-23.7500,-168.7500,-3.8200,1.9100,-8.7600
995813.0000,62.1875,-23.4375,-168.8750,-3.9900,1.8200,-8.8600
995817.0000,62.1875,-23.4375,-168.8750,-3.9900,1.8200,-8.8600
995872.0000,62.2500,-23.3750,-169.0000,-3.7900,1.9300,-8.7000
995895.0000,62.2500,-23.3750,-169.0000,-3.8700,1.8200,-8.8000
995899.0000,62.2500,-23.3750,-169.0000,-3.8700,1.8200,-8.8000
995975.0000,62.2500,-23.5625,-168.9375,-3.8700,1.9200,-8.7500
995979.0000,62.2500,-23.5625,-168.9375,-3.8700,1.9200,-8.7500
996032.0000,62.2500,-23.6875,-168.8750,-3.8100,1.8000,-8.7400
996054.0000,62.2500,-23.7500,-168.8125,-3.7700,1.7500,-9.0500
996058.0000,62.2500,-23.7500,-168.8125,-3.7700,1.7500,-9.0500
996114.0000,62.4375,-23.6875,-168.8750,-3.8700,1.6200,-8.8300
996136.0000,62.4375,-23.6875,-168.9375,-3.9000,1.7700,-9.0100
996140.0000,62.4375,-23.6875,-168.9375,-3.9000,1.7700,-9.0100
996194.0000,62.0000,-23.5625,-169.0625,-3.7600,1.8800,-8.5200
996216.0000,61.8750,-23.5625,-169.0625,-3.8100,1.8100,-8.6800
996220.0000,61.8750,-23.5625,-169.0625,-3.8100,1.8100,-8.6800
996275.0000,61.3750,-23.5000,-169.1875,-3.8600,1.7100,-8.8200
996297.0000,61.2500,-23.5000,-169.2500,-3.7500,1.8700,-8.6800
996303.0000,61.2500,-23.5000,-169.2500,-3.8000,1.8200,-8.7700
996377.0000,60.6875,-23.6250,-169.3750,-3.8100,1.7900,-8.7900
996381.0000,60.6875,-23.6250,-169.3750,-3.8100,1.7900,-8.7900
996435.0000,60.5000,-23.5625,-169.4375,-3.5900,1.8100,-8.7600
996457.0000,60.5625,-23.5000,-169.3750,-3.6800,1.9700,-8.9200
996461.0000,60.5625,-23.5000,-169.3750,-3.6800,1.9700,-8.9200
996516.0000,61.1250,-23.3125,-169.3750,-3.5100,1.7100,-8.8100
996538.0000,61.3125,-23.1875,-169.3750,-3.8000,1.8400,-8.7800
996542.0000,61.3125,-23.1875,-169.3750,-3.8000,1.8400,-8.7800
996616.0000,61.8750,-23.0000,-169.4375,-3.7000,1.8600,-8.7900
996620.0000,61.8750,-23.0000,-169.4375,-3.7000,1.8600,-8.7900
996675.0000,62.0625,-23.0625,-169.3750,-3.9100,1.6700,-8.8700
996697.0000,62.0625,-23.1250,-169.2500,-4.1600,1.7400,-8.7200
996701.0000,62.0625,-23.1250,-169.2500,-4.1600,1.7400,-8.7200
996757.0000,61.4375,-23.5000,-169.1875,-3.4900,1.9700,-8.5600
996779.0000,61.1250,-23.5000,-169.1250,-3.5100,1.6000,-8.9800
996783.0000,61.1250,-23.5000,-169.1250,-3.5100,1.6000,-8.9800
996857.0000,60.8125,-23.5000,-169.2500,-3.7000,1.7200,-8.7400
996861.0000,60.8125,-23.5000,-169.2500,-3.7000,1.7200,-8.7400
996916.0000,60.6250,-23.3750,-169.5625,-3.6200,1.8000,-8.9600
996938.0000,60.6250,-23.2500,-169.6875,-3.6100,1.8200,-9.0200
996942.0000,60.6250,-23.2500,-169.6875,-3.6100,1.8200,-9.0200
997016.0000,60.9375,-22.8750,-169.6250,-3.7700,1.8900,-9.0600
997020.0000,60.9375,-22.8750,-169.6250,-3.7700,1.8900,-9.0600
997075.0000,61.4375,-22.9375,-169.6250,-3.7800,1.8700,-8.3100
997098.0000,61.5000,-23.0000,-169.5625,-3.9000,2.0000,-8.3400
997102.0000,61.5000,-23.0000,-169.5625,-3.9000,2.0000,-8.3400
997157.0000,61.8125,-23.1250,-169.3750,-3.8200,1.5300,-9.1200
997179.0000,61.9375,-23.1250,-169.3125,-3.7900,1.6400,-9.0400
997183.0000,61.9375,-23.1250,-169.3125,-3.7900,1.6400,-9.0400
997257.0000,61.8125,-23.1250,-169.3125,-3.6600,1.6100,-9.1000
997261.0000,61.8125,-23.1250,-169.3125,-3.6600,1.6100,-9.1000
997316.0000,61.1875,-23.0625,-169.5000,-3.6600,1.9800,-8.6400
997338.0000,60.9375,-23.0625,-169.5625,-3.7300,1.7500,-9.0400
997342.0000,60.9375,-23.0625,-169.5625,-3.7300,1.7500,-9.0400
997396.0000,60.5000,-23.0625,-169.6875,-3.6900,1.5300,-8.8200
997418.0000,60.2500,-23.0625,-169.8750,-3.6200,1.9200,-8.7900
997422.0000,60.2500,-23.0625,-169.8750,-3.6200,1.9200,-8.7900
997498.0000,59.9375,-23.1250,-169.8750,-3.7300,1.8300,-8.8500
997502.0000,59.9375,-23.1250,-169.8750,-3.7300,1.8300,-8.8500
997557.0000,60.1875,-23.1250,-169.8125,-3.6500,1.4800,-8.9500
997579.0000,60.2500,-23.1250,-169.9375,-4.3800,1.6800,-8.5400
997583.0000,60.2500,-23.1250,-169.9375,-4.3800,1.6800,-8.5400
997637.0000,60.0625,-23.1250,-170.1875,-3.4900,1.4200,-9.2000
997659.0000,60.0625,-23.1250,-170.1875,-3.5600,1.6200,-9.0300
997663.0000,60.0625,-23.1250,-170.1875,-3.5600,1.6200,-9.0300
997739.0000,60.5000,-23.0000,-170.0000,-3.7400,1.5500,-9.2700
997743.0000,60.5000,-23.0000,-170.0000,-3.7400,1.5500,-9.2700
997817.0000,61.3125,-23.0000,-169.8750,-4.7500,1.8700,-8.6100
997821.0000,61.5000,-23.0000,-169.8125,-4.7500,1.8700,-8.6100
997876.0000,61.2500,-23.3125,-169.7500,-3.7100,1.4000,-8.7900
997899.0000,61.0000,-23.4375,-169.6875,-3.7500,1.7500,-8.7900
997903.0000,61.0000,-23.4375,-169.6875,-3.7500,1.7500,-8.7900
997959.0000,60.5625,-23.6250,-169.5000,-3.6300,1.6000,-9.2700
997981.0000,60.3750,-23.6875,-169.5625,-3.3500,1.8500,-9.0900
997985.0000,60.3750,-23.6875,-169.5625,-3.3500,1.8500,-9.0900
998038.0000,60.3125,-23.5625,-169.6875,-3.5600,1.7500,-8.8000
998060.0000,60.5000,-23.5000,-169.6250,-3.6900,1.6200,-9.0300
998064.0000,60.5000,-23.5000,-169.6250,-3.6900,1.6200,-9.0300
998140.0000,60.5000,-23.2500,-170.0000,-3.8400,1.9300,-8.6700
998144.0000,60.5000,-23.2500,-170.0000,-3.8400,1.9300,-8.6700
998197.0000,60.2500,-23.3125,-170.0000,-4.0900,1.7100,-8.8800
998220.0000,60.1875,-23.3750,-169.8750,-3.8100,1.9100,-8.6600
998224.0000,60.1875,-23.3750,-169.8750,-3.8100,1.9100,-8.6600
998279.0000,60.4375,-23.5625,-169.6250,-3.5700,1.3900,-9.0800
998301.0000,60.5000,-23.6250,-169.6250,-3.5600,1.5000,-9.0200
998307.0000,60.5000,-23.6250,-169.6250,-3.6800,1.6600,-8.9500
998361.0000,61.1875,-23.5625,-169.5625,-3.9500,1.8300,-8.7700
998384.0000,61.2500,-23.5625,-169.5625,-3.6100,1.6600,-8.9300
998388.0000,61.2500,-23.5625,-169.5625,-3.5600,1.7000,-8.8600
998442.0000,61.3750,-23.4375,-169.5000,-3.9100,1.7700,-8.8500
998464.0000,61.3750,-23.3750,-169.5000,-3.8600,1.8000,-8.8400
998470.0000,61.3750,-23.3750,-169.5000,-3.8500,1.7700,-8.8800
998523.0000,61.1875,-23.4375,-169.5625,-3.7600,1.8300,-8.8200
998547.0000,61.1250,-23.4375,-169.5625,-4.1300,1.7700,-8.7900
998552.0000,61.0625,-23.4375,-169.6250,-4.1300,1.7700,-8.7900
998626.0000,60.5000,-23.8750,-169.5000,-3.8400,1.7500,-8.9000
998632.0000,60.3750,-23.8750,-169.5000,-3.9100,1.8600,-8.9400
998685.0000,59.9375,-23.9375,-169.6250,-3.7300,1.6100,-8.9300
998707.0000,59.8750,-23.9375,-169.6875,-3.6000,1.6300,-9.0300
998712.0000,59.8125,-24.0000,-169.6875,-3.6000,1.6300,-9.0300
998768.0000,59.9375,-23.8750,-169.7500,-3.5800,2.0000,-8.8000
998790.0000,60.1875,-23.8125,-169.6250,-3.6300,1.6200,-9.1100
998794.0000,60.1875,-23.8125,-169.6250,-3.6300,1.6200,-9.1100
998868.0000,60.8750,-23.6250,-169.6250,-4.2600,1.7800,-8.6800
998873.0000,61.0000,-23.6250,-169.6250,-4.2600,1.7800,-8.6800
998948.0000,61.4375,-23.8750,-169.3125,-4.0300,1.8700,-8.7100
998952.0000,61.5000,-23.9375,-169.2500,-4.0600,1.8200,-8.7900
999026.0000,61.4375,-23.8750,-169.1250,-3.9700,1.6600,-8.8300
999032.0000,61.4375,-23.9375,-169.1250,-4.0000,1.6900,-8.7000
999085.0000,61.1250,-24.0000,-169.1875,-3.6200,1.9200,-8.9000
999107.0000,61.0625,-24.0000,-169.1875,-3.6100,1.7400,-9.1200
999113.0000,61.0000,-24.0000,-169.1875,-3.7000,1.6400,-9.1400
999187.0000,60.7500,-23.8125,-169.3750,-3.8700,1.9600,-8.6400
999191.0000,60.7500,-23.8125,-169.3750,-3.7600,1.9900,-8.5800
999265.0000,61.0000,-23.8125,-169.1250,-3.8900,1.8300,-8.7600
999271.0000,61.0000,-23.8125,-169.1250,-3.9300,1.7200,-8.7600
999324.0000,61.0625,-23.8125,-169.2500,-3.7100,1.7900,-8.9600
999348.0000,61.1250,-23.8750,-169.3125,-3.5200,1.6500,-9.0400
999353.0000,61.1875,-23.8750,-169.3125,-3.4900,1.6900,-8.9800
999426.0000,61.8750,-23.6250,-169.1250,-4.0400,1.6800,-9.0600
999432.0000,61.9375,-23.6250,-169.1250,-3.9800,1.7400,-9.0500
999506.0000,62.1250,-23.5625,-169.1250,-4.2000,1.8300,-8.6400
999512.0000,62.1250,-23.6250,-169.0625,-4.0700,1.9800,-8.6400
999565.0000,62.0625,-23.8125,-168.8750,-3.7400,1.7700,-8.7200
999589.0000,62.1250,-23.8750,-168.7500,-3.6500,2.0600,-8.9300
999594.0000,62.1875,-23.8750,-168.6875,-3.8200,1.7200,-9.0900
999647.0000,62.3750,-23.8750,-168.5000,-3.8300,1.8900,-8.7900
999669.0000,62.5000,-23.8750,-168.5000,-3.8600,2.0200,-8.7000
999674.0000,62.6250,-23.9375,-168.5000,-3.8600,2.0200,-8.7000
999749.0000,62.9375,-23.8750,-168.3750,-3.9500,1.6200,-8.9500
999753.0000,62.9375,-23.8750,-168.3750,-4.0300,1.5900,-9.0000
999807.0000,62.5000,-23.8750,-168.5625,-4.0600,1.9600,-8.5100
999831.0000,62.2500,-23.9375,-168.6875,-4.0200,1.9400,-8.6700
999835.0000,62.1250,-23.9375,-168.6875,-4.0200,1.9400,-8.6700
999889.0000,61.3125,-24.0625,-168.8750,-3.5700,1.8500,-8.9800
999911.0000,61.1875,-24.0625,-168.9375,-3.9600,1.7900,-8.8000
999915.0000,61.1250,-24.0625,-168.9375,-3.9600,1.7900,-8.8000
999991.0000,60.8125,-23.9375,-169.3125,-3.8300,1.7400,-8.8100
999995.0000,60.7500,-23.8750,-169.3125,-3.8500,1.6900,-8.8600
1000069.0000,60.5625,-23.6875,-169.6875,-3.9100,1.7600,-8.7900
1000075.0000,60.5625,-23.6250,-169.6875,-3.8800,1.8000,-8.8200
1000128.0000,60.3750,-23.5625,-169.8750,-3.6000,2.0200,-8.6700
1000153.0000,60.5625,-23.5000,-169.6250,-3.8100,1.9400,-8.9600
1000157.0000,60.5625,-23.5000,-169.6250,-3.8100,1.9400,-8.9600
1000211.0000,60.8125,-23.5000,-169.5625,-4.1100,2.1300,-8.5200
1000234.0000,61.0625,-23.6250,-169.3750,-4.2900,1.8800,-8.4300
1000238.0000,61.0625,-23.6250,-169.3750,-4.2900,1.8800,-8.4300
1000292.0000,61.1250,-23.7500,-169.2500,-3.6100,1.5600,-9.0900
1000314.0000,61.5000,-23.8125,-169.1250,-4.2400,1.7800,-8.6500
1000318.0000,61.5000,-23.8125,-169.1250,-4.2400,1.7800,-8.6500
1000373.0000,61.5625,-23.8750,-169.0000,-3.8700,1.5700,-8.9600
1000396.0000,61.4375,-23.8750,-169.0000,-3.8100,1.7700,-8.8000
1000399.0000,61.4375,-23.8750,-169.0000,-3.8100,1.7700,-8.8000
1000453.0000,60.9375,-24.0000,-169.0625,-3.7500,1.8200,-8.8800
1000475.0000,60.8125,-24.0000,-169.0000,-3.9400,1.8000,-9.0400
1000479.0000,60.8125,-24.0000,-169.0000,-3.9400,1.8000,-9.0400
1000555.0000,60.5625,-24.0625,-169.0000,-3.8600,1.7200,-8.9100
1000559.0000,60.5625,-24.0625,-169.0000,-3.8600,1.7200,-8.9100
1000614.0000,60.7500,-24.0625,-169.0000,-3.9000,1.7800,-8.7800
1000636.0000,60.8125,-24.0625,-169.0000,-4.0300,1.7400,-8.6600
1000640.0000,60.8125,-24.0625,-169.0000,-4.0300,1.7400,-8.6600
1000694.0000,60.7500,-24.0625,-169.0625,-3.7100,1.7700,-8.7200
1000716.0000,60.7500,-24.0000,-169.0000,-3.8600,1.7400,-8.9200
1000720.0000,60.7500,-24.0000,-169.0000,-3.8600,1.7400,-8.9200
1000796.0000,60.7500,-24.0625,-169.0000,-3.8400,1.8600,-8.8600
1000800.0000,60.7500,-24.0625,-169.0000,-3.8400,1.8600,-8.8600
1000855.0000,60.8125,-24.0625,-168.8750,-3.9400,1.9100,-8.6400
1000877.0000,60.8750,-24.0625,-168.8125,-4.0200,1.8800,-8.7700
1000881.0000,60.8750,-24.0625,-168.8125,-4.0200,1.8800,-8.7700
1000937.0000,60.9375,-24.1875,-168.8125,-3.8600,1.7200,-8.9500
1000959.0000,61.0000,-24.1875,-168.7500,-4.1500,1.5900,-8.9400
1000965.0000,61.0625,-24.2500,-168.7500,-4.0900,1.7000,-8.8600
1001018.0000,61.1250,-24.1875,-168.7500,-3.7300,2.0800,-8.7300
1001042.0000,61.1875,-24.1250,-168.6875,-3.9200,1.7900,-8.9200
1001046.0000,61.2500,-24.1250,-168.6250,-3.8600,1.6100,-9.0700
1001120.0000,61.3125,-24.0000,-168.7500,-3.9700,1.8900,-8.7600
1001126.0000,61.3125,-23.9375,-168.7500,-3.9600,1.9400,-8.8000
1001179.0000,61.2500,-24.0000,-168.8125,-4.1600,1.9000,-8.6300
1001203.0000,61.1875,-24.1250,-168.8125,-3.8000,1.9400,-8.8000
1001208.0000,61.1250,-24.1250,-168.7500,-3.8000,1.9400,-8.8000
1001281.0000,61.1250,-24.3125,-168.6250,-3.7300,1.9300,-8.7500
1001287.0000,61.1875,-24.3750,-168.5625,-3.7900,1.7200,-8.9100
1001341.0000,61.5000,-24.3125,-168.4375,-3.8000,1.8800,-8.7100
1001363.0000,61.5625,-24.2500,-168.4375,-3.8700,1.8600,-8.7700
1001368.0000,61.6250,-24.1875,-168.3750,-3.8700,1.8600,-8.7700
1001442.0000,61.9375,-23.9375,-168.3750,-3.8300,1.9500,-8.6500
1001446.0000,61.9375,-23.8750,-168.3750,-3.8600,2.0700,-8.5700
1001499.0000,62.0000,-23.8125,-168.3750,-3.7700,1.9900,-8.8600
1001523.0000,62.0000,-23.8125,-168.3750,-3.8300,1.9700,-8.8500
1001528.0000,62.0625,-23.7500,-168.3750,-3.9200,1.8600,-8.8100
1001602.0000,62.0625,-24.0625,-168.0625,-3.8400,1.9600,-8.6900
1001606.0000,62.0625,-24.0625,-168.0625,-3.8000,1.9300,-8.6500
1001660.0000,62.1875,-24.1250,-167.9375,-3.8600,1.7600,-8.8500
