150085.0000,279.9375,13.4375,-174.1875,2.3900,0.8800,-9.4600
150108.0000,279.9375,13.4375,-174.1875,2.3900,0.8600,-9.5100
150114.0000,279.9375,13.4375,-174.1875,2.3700,0.8900,-9.4600
150180.0000,279.9375,13.4375,-174.1875,2.3900,0.8800,-9.4600
150185.0000,279.9375,13.4375,-174.1875,2.3900,0.8800,-9.4600
150230.0000,279.9375,13.4375,-174.1875,2.4300,0.8700,-9.4500
150253.0000,279.9375,13.4375,-174.1875,2.3800,0.8600,-9.4900
150257.0000,279.9375,13.4375,-174.1875,2.3800,0.8600,-9.4900
150305.0000,279.9375,13.4375,-174.1875,2.4000,0.8600,-9.4400
150327.0000,279.9375,13.4375,-174.1875,2.4000,0.8900,-9.4900
150332.0000,279.9375,13.4375,-174.1875,2.3900,0.8800,-9.4400
150398.0000,279.9375,13.4375,-174.1875,2.3900,0.9000,-9.4700
150404.0000,279.9375,13.4375,-174.1875,2.3900,0.8800,-9.4600
150449.0000,279.8750,13.4375,-174.1875,2.3900,0.8700,-9.4800
150473.0000,279.8750,13.4375,-174.1875,2.4000,0.8900,-9.4300
150477.0000,279.8750,13.4375,-174.1875,2.4000,0.8900,-9.4300
150523.0000,279.8750,13.4375,-174.1875,2.3900,0.8700,-9.4400
150545.0000,279.8750,13.4375,-174.1875,2.4100,0.8900,-9.4800
150549.0000,279.8750,13.4375,-174.1875,2.4100,0.8900,-9.4800
150596.0000,279.8750,13.4375,-174.1875,2.3800,0.8800,-9.4700
150620.0000,279.8750,13.4375,-174.1875,2.4000,0.8900,-9.4800
150626.0000,279.8750,13.4375,-174.1875,2.3900,0.8800,-9.4600
150671.0000,279.8750,13.4375,-174.1875,2.3900,0.9000,-9.4500
150695.0000,279.8750,13.4375,-174.1875,2.3700,0.8800,-9.4600
150699.0000,279.8750,13.4375,-174.1875,2.3700,0.8800,-9.4600
150766.0000,279.8750,13.4375,-174.1875,2.4000,0.8900,-9.4500
150771.0000,279.8750,13.4375,-174.1875,2.3700,0.8700,-9.4500
150818.0000,279.8750,13.4375,-174.1875,2.3700,0.8700,-9.4800
150842.0000,279.8750,13.4375,-174.1875,2.4000,0.8900,-9.4600
150847.0000,279.8750,13.4375,-174.1875,2.4000,0.8900,-9.4600
150894.0000,279.8750,13.4375,-174.1875,2.3800,0.8900,-9.4800
150916.0000,279.8750,13.4375,-174.1875,2.3900,0.9000,-9.4600
150920.0000,279.8750,13.4375,-174.1875,2.3900,0.9000,-9.4600
150987.0000,279.8750,13.4375,-174.1875,2.3900,0.8900,-9.4400
150992.0000,279.8750,13.4375,-174.1875,2.4000,0.8800,-9.4400
151039.0000,279.8750,13.4375,-174.1875,2.4200,0.8700,-9.4600
151063.0000,279.9375,13.4375,-174.1875,2.3500,0.8800,-9.5000
151067.0000,279.9375,13.4375,-174.1875,2.3500,0.8800,-9.5000
151114.0000,279.8750,13.4375,-174.1875,2.4100,0.8800,-9.4400
151136.0000,279.8750,13.4375,-174.1875,2.4200,0.8800,-9.4900
151140.0000,279.8750,13.4375,-174.1875,2.4200,0.8800,-9.4900
151208.0000,279.8750,13.4375,-174.1875,2.2800,0.8300,-9.4200
151213.0000,279.8750,13.4375,-174.1875,2.3800,0.8900,-9.4700
151280.0000,279.8125,13.4375,-174.1250,2.4100,0.8700,-9.4700
151284.0000,279.8125,13.4375,-174.1250,2.3600,0.8400,-9.4600
151350.0000,279.6875,13.4375,-174.1250,2.3800,0.8800,-9.4400
151356.0000,279.6875,13.4375,-174.1250,2.3800,0.8700,-9.4500
151402.0000,279.6250,13.4375,-174.1250,2.3800,0.8800,-9.4800
151425.0000,279.6250,13.4375,-174.1250,2.3700,0.8800,-9.4500
151429.0000,279.6250,13.4375,-174.1250,2.3700,0.8800,-9.4500
151475.0000,279.5000,13.4375,-174.0625,2.3700,0.8900,-9.4800
151497.0000,279.5000,13.4375,-174.0625,2.3700,0.8600,-9.4500
151501.0000,279.5000,13.4375,-174.0625,2.3700,0.8600,-9.4500
151549.0000,279.3750,13.4375,-174.0625,2.3700,0.8900,-9.4800
151573.0000,279.3750,13.4375,-174.0625,2.3400,0.8800,-9.4600
151578.0000,279.3125,13.4375,-174.0625,2.3900,0.8800,-9.4800
151644.0000,279.2500,13.3750,-174.0000,2.3400,0.8800,-9.4400
151648.0000,279.1875,13.3750,-174.0000,2.3800,0.9100,-9.4700
151694.0000,279.1250,13.3750,-174.0000,2.4600,0.9700,-9.5400
151717.0000,279.0625,13.3750,-174.0000,2.4200,0.9500,-9.5600
151721.0000,279.0625,13.3750,-174.0000,2.4200,0.9500,-9.5600
151768.0000,279.0000,13.3750,-174.0000,2.3600,0.8800,-9.4700
151790.0000,279.0000,13.3750,-173.9375,2.3500,0.9200,-9.4300
151794.0000,279.0000,13.3750,-173.9375,2.3500,0.9200,-9.4300
151840.0000,278.8750,13.3750,-173.9375,2.3700,0.9200,-9.4700
151862.0000,278.8125,13.3750,-173.8750,2.3500,0.9400,-9.4800
151868.0000,278.8125,13.3750,-173.8750,2.3800,0.9000,-9.4800
151934.0000,278.7500,13.3125,-173.8125,2.4000,0.9300,-9.5000
151939.0000,278.7500,13.3125,-173.8125,2.4000,0.9300,-9.5000
151986.0000,278.8125,13.3125,-173.8125,2.3500,0.9300,-9.4600
152008.0000,278.8750,13.3750,-173.8750,2.3800,0.9200,-9.5000
152012.0000,278.8750,13.3750,-173.8750,2.3800,0.9200,-9.5000
152060.0000,279.0000,13.3750,-173.9375,2.3400,0.9100,-9.4700
152082.0000,279.0625,13.3750,-173.9375,2.3600,0.9000,-9.4500
152086.0000,279.0625,13.3750,-173.9375,2.3700,0.8800,-9.5000
152152.0000,279.2500,13.3750,-174.0625,2.3300,0.8800,-9.4400
152158.0000,279.2500,13.3750,-174.0625,2.3500,0.8900,-9.4400
152203.0000,279.3125,13.3750,-174.0625,2.3400,0.8500,-9.4400
152227.0000,279.3750,13.3750,-174.0000,2.4300,0.9100,-9.4900
152231.0000,279.3750,13.3750,-174.0000,2.4300,0.9100,-9.4900
152277.0000,279.4375,13.4375,-174.0625,2.3700,0.8600,-9.4400
152299.0000,279.5000,13.4375,-174.0625,2.3300,0.8400,-9.4800
152303.0000,279.5000,13.4375,-174.0625,2.3300,0.8400,-9.4800
152351.0000,279.5000,13.4375,-174.0625,2.4100,0.8700,-9.4700
152375.0000,279.5625,13.4375,-174.0625,2.3800,0.8700,-9.4900
152380.0000,279.5625,13.4375,-174.0000,2.3900,0.8700,-9.4800
152426.0000,279.6250,13.4375,-174.0000,2.3900,0.8800,-9.4600
152449.0000,279.6250,13.5000,-174.0000,2.3800,0.8800,-9.5000
152453.0000,279.6250,13.5000,-174.0000,2.3800,0.8800,-9.5000
152521.0000,279.6875,13.5625,-173.9375,2.3700,0.8400,-9.4700
152525.0000,279.6875,13.5625,-173.9375,2.3700,0.8400,-9.4700
152573.0000,279.6875,13.5625,-173.9375,2.4100,0.8800,-9.4700
152597.0000,279.6875,13.5625,-173.9375,2.4000,0.8800,-9.4800
152601.0000,279.6875,13.5625,-173.9375,2.4000,0.8800,-9.4800
152648.0000,279.6875,13.5625,-173.9375,2.4000,0.8800,-9.4700
152670.0000,279.6875,13.5625,-173.9375,2.3800,0.8800,-9.4700
152674.0000,279.6875,13.5625,-173.9375,2.3800,0.8800,-9.4700
152742.0000,279.6875,13.5625,-173.9375,2.4000,0.8800,-9.4500
152747.0000,279.6875,13.5625,-173.9375,2.4100,0.8800,-9.4500
152794.0000,279.6875,13.5625,-173.9375,2.4000,0.8700,-9.4500
152817.0000,279.6875,13.5625,-173.9375,2.3800,0.8700,-9.4500
152822.0000,279.6875,13.5625,-173.9375,2.3800,0.8700,-9.4500
152889.0000,279.6875,13.5625,-173.9375,2.4000,0.8800,-9.4500
152893.0000,279.6875,13.5625,-173.9375,2.4000,0.8800,-9.4500
152959.0000,279.6875,13.5625,-173.9375,2.3900,0.8700,-9.4900
152963.0000,279.6875,13.5625,-173.9375,2.3900,0.8700,-9.4900
153011.0000,279.6875,13.5625,-173.9375,2.3800,0.8600,-9.4800
153033.0000,279.6875,13.5625,-173.9375,2.3900,0.8600,-9.4200
153037.0000,279.6875,13.5625,-173.9375,2.3700,0.8800,-9.4100
153104.0000,279.6250,13.5625,-173.9375,2.4000,0.8800,-9.4600
153110.0000,279.6250,13.5625,-173.9375,2.4100,0.9000,-9.4700
153156.0000,279.6250,13.5625,-173.9375,2.3800,0.8700,-9.4600
153180.0000,279.6250,13.5625,-173.9375,2.4000,0.9000,-9.4600
153184.0000,279.6250,13.5625,-173.9375,2.4000,0.9000,-9.4600
153229.0000,279.6250,13.5625,-173.9375,2.4300,0.8800,-9.4700
153252.0000,279.6250,13.5625,-173.9375,2.4000,0.8800,-9.4600
153256.0000,279.6250,13.5625,-173.9375,2.4000,0.8800,-9.4600
153304.0000,279.6250,13.5625,-173.9375,2.3900,0.8700,-9.4400
153327.0000,279.6250,13.5625,-173.9375,2.4000,0.8600,-9.4600
153333.0000,279.6250,13.5625,-173.9375,2.4000,0.8800,-9.4600
153379.0000,279.6250,13.5625,-173.9375,2.4000,0.8700,-9.4600
153402.0000,279.6250,13.5625,-173.9375,2.4000,0.9000,-9.4900
153406.0000,279.6250,13.5625,-173.9375,2.4000,0.9000,-9.4900
153453.0000,279.6250,13.5625,-173.9375,2.4000,0.8800,-9.4500
153476.0000,279.6250,13.5625,-173.9375,2.4100,0.8900,-9.4700
153482.0000,279.6250,13.5625,-173.9375,2.3900,0.8600,-9.4400
153548.0000,279.6250,13.5625,-173.9375,2.3700,0.8700,-9.4400
153553.0000,279.6250,13.5625,-173.9375,2.4000,0.8800,-9.4700
153600.0000,279.6250,13.5625,-173.8750,2.3700,0.8500,-9.4700
153622.0000,279.6250,13.5625,-173.8750,2.4200,0.8600,-9.4800
153626.0000,279.6250,13.5625,-173.8750,2.4200,0.8600,-9.4800
153674.0000,279.6250,13.5625,-173.9375,2.3500,0.8400,-9.4700
153697.0000,279.6250,13.5000,-173.9375,2.3900,0.8400,-9.4500
153703.0000,279.5625,13.5000,-173.9375,2.3700,0.8500,-9.4400
153748.0000,279.5625,13.5000,-173.8750,2.3800,0.8800,-9.4400
153771.0000,279.5000,13.5000,-173.8750,2.3900,0.8800,-9.4900
153775.0000,279.5000,13.5000,-173.8750,2.3900,0.8800,-9.4900
153842.0000,279.3750,13.5000,-173.8125,2.3700,0.8900,-9.4600
153846.0000,279.3750,13.5000,-173.8125,2.3700,0.8900,-9.4600
153891.0000,279.2500,13.5000,-173.8125,2.3700,0.8700,-9.4700
153914.0000,279.1875,13.5000,-173.8125,2.3700,0.8800,-9.4800
153918.0000,279.1875,13.5000,-173.8125,2.3700,0.8800,-9.4800
153965.0000,279.1250,13.5000,-173.7500,2.3900,0.8900,-9.4800
153988.0000,279.0625,13.5000,-173.7500,2.3400,0.8900,-9.4400
153992.0000,279.0625,13.5000,-173.7500,2.3700,0.8700,-9.4300
154058.0000,278.9375,13.4375,-173.7500,2.3700,0.8800,-9.4800
154064.0000,278.9375,13.4375,-173.7500,2.3500,0.8900,-9.4800
154109.0000,278.8750,13.4375,-173.6875,2.3700,0.9000,-9.4900
154133.0000,278.8125,13.4375,-173.6875,2.3700,0.9100,-9.4700
154137.0000,278.8125,13.4375,-173.6875,2.3700,0.9100,-9.4700
154183.0000,278.6875,13.4375,-173.6875,2.3300,0.8800,-9.4200
154205.0000,278.6250,13.4375,-173.6250,2.4100,0.9200,-9.5000
154209.0000,278.6250,13.4375,-173.6250,2.4100,0.9200,-9.5000
154276.0000,278.6250,13.4375,-173.6875,2.3700,0.9200,-9.4800
154282.0000,278.6250,13.4375,-173.6875,2.3500,0.9000,-9.4600
154328.0000,278.6250,13.4375,-173.6250,2.3900,0.9200,-9.4800
154352.0000,278.6875,13.4375,-173.6250,2.3500,0.9100,-9.4800
154357.0000,278.6875,13.4375,-173.6250,2.3500,0.9100,-9.4800
154424.0000,278.8125,13.4375,-173.6250,2.3800,0.9000,-9.5000
154428.0000,278.8125,13.4375,-173.6250,2.3800,0.9000,-9.5000
154475.0000,278.9375,13.4375,-173.7500,2.3400,0.8800,-9.4500
154498.0000,279.0000,13.4375,-173.7500,2.3000,0.8400,-9.4100
154501.0000,279.0000,13.4375,-173.7500,2.3000,0.8400,-9.4100
154547.0000,279.0625,13.4375,-173.7500,2.3700,0.8700,-9.4700
154571.0000,279.0625,13.4375,-173.8125,2.3500,0.8600,-9.4400
154576.0000,279.1250,13.4375,-173.8125,2.3500,0.8600,-9.4400
154642.0000,279.1875,13.4375,-173.8125,2.3700,0.8700,-9.4500
154647.0000,279.1875,13.4375,-173.8125,2.3700,0.8700,-9.4500
154714.0000,279.2500,13.5000,-173.8125,2.3900,0.8600,-9.4900
154718.0000,279.2500,13.5000,-173.8125,2.3900,0.8600,-9.4900
154765.0000,279.3125,13.5000,-173.8125,2.3800,0.8700,-9.4500
154787.0000,279.3125,13.5000,-173.8125,2.3500,0.8400,-9.4400
154791.0000,279.3125,13.5000,-173.8125,2.3500,0.8400,-9.4400
154838.0000,279.3125,13.5000,-173.8125,2.3800,0.8500,-9.4700
154860.0000,279.3750,13.5000,-173.8750,2.3300,0.8300,-9.4400
154866.0000,279.3750,13.5000,-173.8750,2.3100,0.8400,-9.4700
154912.0000,279.3750,13.5000,-173.8750,2.3600,0.8300,-9.4400
154935.0000,279.3750,13.5000,-173.8125,2.3900,0.8600,-9.4700
154939.0000,279.3750,13.5000,-173.8125,2.3900,0.8600,-9.4700
154985.0000,279.3750,13.5000,-173.8125,2.3700,0.8800,-9.4800
155007.0000,279.3750,13.5000,-173.8125,2.3700,0.8500,-9.4600
155011.0000,279.3750,13.5000,-173.8125,2.3700,0.8500,-9.4600
155059.0000,279.3750,13.5000,-173.7500,2.3900,0.8600,-9.4800
155083.0000,279.3750,13.5000,-173.7500,2.3700,0.8700,-9.4600
155088.0000,279.3750,13.5000,-173.7500,2.3700,0.8700,-9.4600
155134.0000,279.3750,13.5000,-173.7500,2.3800,0.8400,-9.4600
155157.0000,279.3750,13.5000,-173.7500,2.3900,0.8500,-9.4700
155161.0000,279.3750,13.5000,-173.7500,2.3900,0.8500,-9.4700
155208.0000,279.3750,13.5000,-173.7500,2.3900,0.8700,-9.4800
155231.0000,279.3750,13.5000,-173.7500,2.3800,0.8800,-9.4800
155237.0000,279.3750,13.5000,-173.7500,2.3700,0.8600,-9.4300
155283.0000,279.3750,13.5000,-173.7500,2.3900,0.8900,-9.4300
155307.0000,279.3750,13.5000,-173.7500,2.4000,0.8400,-9.5000
155311.0000,279.3750,13.5000,-173.7500,2.4000,0.8400,-9.5000
155358.0000,279.3750,13.5000,-173.7500,2.4000,0.8800,-9.4500
155381.0000,279.3750,13.5000,-173.7500,2.3700,0.8800,-9.4600
155387.0000,279.3750,13.5000,-173.7500,2.3900,0.8700,-9.4600
155453.0000,279.3750,13.5000,-173.7500,2.3800,0.8700,-9.4600
155458.0000,279.3750,13.5000,-173.7500,2.4000,0.8800,-9.4600
155504.0000,279.3750,13.5000,-173.7500,2.3800,0.8600,-9.4600
155527.0000,279.3750,13.5000,-173.7500,2.3900,0.8700,-9.4800
155531.0000,279.3750,13.5000,-173.7500,2.3900,0.8700,-9.4800
155599.0000,279.3750,13.5000,-173.7500,2.3900,0.8600,-9.4800
155603.0000,279.3750,13.5000,-173.7500,2.3900,0.8600,-9.4800
155650.0000,279.3750,13.5000,-173.7500,2.3900,0.8600,-9.4500
155674.0000,279.3750,13.5000,-173.7500,2.3800,0.8700,-9.4400
155679.0000,279.3750,13.5000,-173.7500,2.3800,0.8700,-9.4400
155746.0000,279.3750,13.5000,-173.7500,2.4200,0.8700,-9.4800
155750.0000,279.3750,13.5000,-173.7500,2.4200,0.8700,-9.4800
155798.0000,279.3750,13.5000,-173.7500,2.3400,0.8500,-9.4600
155820.0000,279.3750,13.5000,-173.7500,2.3700,0.8600,-9.4300
155824.0000,279.3750,13.5000,-173.7500,2.3800,0.8600,-9.4100
155871.0000,279.3750,13.5000,-173.7500,2.4200,0.8800,-9.5100
155895.0000,279.3750,13.5000,-173.7500,2.3900,0.8500,-9.4400
155900.0000,279.3750,13.5000,-173.7500,2.3900,0.8500,-9.4400
155946.0000,279.3750,13.5000,-173.6875,2.4100,0.8700,-9.4600
155969.0000,279.3750,13.5000,-173.6875,2.4000,0.8800,-9.5000
155973.0000,279.3750,13.5000,-173.6875,2.4000,0.8800,-9.5000
156040.0000,279.3750,13.5000,-173.6875,2.4000,0.8800,-9.4600
156044.0000,279.3750,13.5000,-173.6875,2.4000,0.8800,-9.4600
156091.0000,279.3750,13.5000,-173.6875,2.3800,0.8700,-9.4700
156113.0000,279.3750,13.5000,-173.6875,2.3900,0.8600,-9.4500
156119.0000,279.3750,13.5000,-173.6875,2.3800,0.8600,-9.4600
156185.0000,279.3750,13.5000,-173.6875,2.3600,0.8500,-9.4600
156191.0000,279.3750,13.5000,-173.6875,2.3800,0.8800,-9.4300
156256.0000,279.3750,13.5000,-173.6875,2.3800,0.9000,-9.4800
156261.0000,279.3750,13.5000,-173.6875,2.3800,0.9000,-9.4800
156328.0000,279.3750,13.5000,-173.6875,2.3700,0.8800,-9.4600
156332.0000,279.3750,13.5000,-173.6875,2.3700,0.8800,-9.4600
156379.0000,279.3750,13.5000,-173.6875,2.3700,0.8500,-9.4500
156401.0000,279.3750,13.5000,-173.6875,2.3700,0.8700,-9.4400
156405.0000,279.3750,13.5000,-173.6875,2.3700,0.8700,-9.4400
156472.0000,279.3750,13.5000,-173.6875,2.3700,0.8500,-9.4400
156478.0000,279.3750,13.5000,-173.6875,2.3800,0.8400,-9.4400
156524.0000,279.3125,13.5000,-173.6875,2.4000,0.8400,-9.4400
156548.0000,279.3125,13.4375,-173.6875,2.3900,0.8700,-9.4500
156552.0000,279.3125,13.4375,-173.6875,2.3900,0.8700,-9.4500
156620.0000,279.3125,13.4375,-173.6875,2.3800,0.8400,-9.4800
156624.0000,279.3125,13.4375,-173.6875,2.3800,0.8400,-9.4800
156671.0000,279.2500,13.4375,-173.6875,2.3900,0.8800,-9.4900
156694.0000,279.1875,13.4375,-173.6875,2.4100,0.8800,-9.4500
156698.0000,279.1875,13.4375,-173.6875,2.3800,0.8600,-9.4500
156744.0000,279.1875,13.4375,-173.6875,2.2700,0.8200,-9.4000
156766.0000,279.1250,13.4375,-173.6875,2.3600,0.8600,-9.4400
156772.0000,279.1250,13.4375,-173.6250,2.3800,0.8800,-9.4900
156818.0000,279.0625,13.4375,-173.6875,2.3500,0.8700,-9.4300
156841.0000,279.0000,13.4375,-173.6875,2.3600,0.8600,-9.4700
156845.0000,279.0000,13.4375,-173.6875,2.3600,0.8600,-9.4700
156890.0000,278.9375,13.4375,-173.6250,2.3600,0.8800,-9.4700
156912.0000,278.9375,13.4375,-173.6250,2.3900,0.8800,-9.4700
156916.0000,278.9375,13.4375,-173.6250,2.3900,0.8800,-9.4700
156984.0000,278.7500,13.3750,-173.6250,2.3600,0.8900,-9.4600
156990.0000,278.7500,13.3750,-173.6250,2.3500,0.8900,-9.4400
157056.0000,278.6250,13.3750,-173.5625,2.3700,0.9100,-9.4900
157060.0000,278.6250,13.3750,-173.5625,2.3600,0.8800,-9.4700
157106.0000,278.5625,13.3750,-173.5625,2.4200,0.9600,-9.5200
157128.0000,278.5000,13.3750,-173.5625,2.3600,0.9100,-9.5000
157133.0000,278.5000,13.3750,-173.5625,2.4000,0.9200,-9.5100
157179.0000,278.5000,13.3750,-173.5625,2.3600,0.8800,-9.4800
157202.0000,278.4375,13.3750,-173.5625,2.3200,0.9000,-9.4200
157206.0000,278.4375,13.3750,-173.5625,2.3200,0.9000,-9.4200
157252.0000,278.3750,13.3125,-173.5000,2.3800,0.9000,-9.4800
157274.0000,278.3750,13.3125,-173.5000,2.3500,0.8800,-9.4900
157278.0000,278.3750,13.3125,-173.5000,2.3500,0.8800,-9.4900
157325.0000,278.3125,13.3125,-173.4375,2.3700,0.9100,-9.4800
157349.0000,278.3125,13.3125,-173.4375,2.3700,0.9300,-9.4800
157354.0000,278.3125,13.3125,-173.4375,2.3700,0.9300,-9.4800
157401.0000,278.3750,13.3125,-173.4375,2.3800,0.9300,-9.5000
157423.0000,278.3750,13.3750,-173.5000,2.3500,0.8800,-9.4900
157427.0000,278.3750,13.3750,-173.5000,2.3500,0.8800,-9.4900
157474.0000,278.4375,13.3750,-173.5000,2.3600,0.8900,-9.5200
157497.0000,278.5000,13.3750,-173.5625,2.3500,0.9000,-9.4700
157501.0000,278.5000,13.3750,-173.5625,2.3500,0.9000,-9.4500
157547.0000,278.5625,13.3750,-173.5625,2.3500,0.9000,-9.4700
157569.0000,278.5625,13.3750,-173.5625,2.3300,0.8900,-9.4800
157574.0000,278.6250,13.3750,-173.5625,2.3300,0.8900,-9.4800
157641.0000,278.6875,13.3750,-173.6250,2.3600,0.8900,-9.4500
157646.0000,278.6875,13.3750,-173.6250,2.3600,0.8900,-9.4500
157711.0000,278.8750,13.3750,-173.6250,2.3200,0.8800,-9.4600
157715.0000,278.8750,13.3750,-173.6250,2.3200,0.8800,-9.4600
157762.0000,279.0000,13.4375,-173.6875,2.3600,0.8500,-9.4500
157784.0000,279.0000,13.4375,-173.6875,2.3600,0.8600,-9.4300
157788.0000,279.0000,13.4375,-173.6875,2.3600,0.8600,-9.4300
157836.0000,279.1250,13.4375,-173.6250,2.3900,0.8600,-9.4700
157860.0000,279.1250,13.4375,-173.6250,2.2500,0.8100,-9.4100
157865.0000,279.1250,13.4375,-173.6250,2.3900,0.8800,-9.4600
157911.0000,279.1250,13.4375,-173.6250,2.3900,0.8700,-9.4700
157934.0000,279.1250,13.4375,-173.6250,2.3800,0.8600,-9.4600
157938.0000,279.1250,13.4375,-173.6250,2.3800,0.8600,-9.4600
157985.0000,279.1250,13.4375,-173.6250,2.3800,0.8800,-9.4700
158008.0000,279.1250,13.4375,-173.6250,2.3700,0.8800,-9.4600
158014.0000,279.1250,13.4375,-173.6250,2.3700,0.8800,-9.4600
158080.0000,279.1250,13.4375,-173.6250,2.3800,0.8500,-9.4800
158085.0000,279.1250,13.4375,-173.6250,2.3700,0.8500,-9.4700
158132.0000,279.1250,13.4375,-173.6250,2.3900,0.8600,-9.4500
158154.0000,279.1250,13.4375,-173.6250,2.3600,0.8500,-9.4600
158158.0000,279.1250,13.4375,-173.6250,2.3600,0.8500,-9.4600
158206.0000,279.1250,13.4375,-173.6250,2.4100,0.8500,-9.4600
158228.0000,279.1250,13.4375,-173.6250,2.3700,0.8500,-9.4800
158234.0000,279.1250,13.4375,-173.6250,2.3800,0.8700,-9.4500
158300.0000,279.1250,13.4375,-173.6250,2.3700,0.8400,-9.4500
158305.0000,279.1250,13.4375,-173.6250,2.3800,0.8400,-9.4400
158371.0000,279.1250,13.4375,-173.6250,2.4000,0.8300,-9.4500
158376.0000,279.1250,13.4375,-173.6250,2.4300,0.8700,-9.4800
158422.0000,279.1250,13.4375,-173.6250,2.3500,0.8400,-9.4400
158445.0000,279.1250,13.4375,-173.6250,2.3800,0.8700,-9.4600
158449.0000,279.1250,13.4375,-173.6250,2.3800,0.8700,-9.4600
158515.0000,279.1250,13.4375,-173.6250,2.3700,0.8500,-9.4400
158519.0000,279.1250,13.4375,-173.6250,2.3700,0.8500,-9.4400
158566.0000,279.1250,13.4375,-173.5625,2.3900,0.8900,-9.4900
158588.0000,279.1250,13.5000,-173.5625,2.4000,0.8800,-9.5100
158594.0000,279.1250,13.5000,-173.5625,2.4000,0.9000,-9.4600
158660.0000,279.1875,13.5000,-173.6250,2.3700,0.8800,-9.4500
158666.0000,279.1875,13.5000,-173.6250,2.4000,0.8900,-9.4700
158712.0000,279.1875,13.5000,-173.6875,2.3800,0.8800,-9.4400
158735.0000,279.1875,13.5625,-173.6875,2.3900,0.8700,-9.4800
158739.0000,279.1875,13.5625,-173.6875,2.3900,0.8700,-9.4800
158807.0000,279.1875,13.5625,-173.7500,2.3500,0.8600,-9.4700
158811.0000,279.1875,13.5625,-173.7500,2.3500,0.8600,-9.4700
158859.0000,279.1875,13.5625,-173.7500,2.3900,0.8800,-9.4300
158882.0000,279.1875,13.5625,-173.7500,2.3600,0.8500,-9.4700
158887.0000,279.1875,13.5625,-173.8125,2.3800,0.8700,-9.4600
158933.0000,279.1875,13.6250,-173.8125,2.3700,0.8600,-9.4600
158956.0000,279.1875,13.6250,-173.8125,2.3900,0.8700,-9.4500
158960.0000,279.1875,13.6250,-173.8125,2.3900,0.8700,-9.4500
159028.0000,279.1875,13.6250,-173.8750,2.3900,0.8800,-9.4700
159032.0000,279.1875,13.6250,-173.8750,2.3900,0.8800,-9.4700
159079.0000,279.1875,13.6250,-173.8750,2.3800,0.8700,-9.4500
159102.0000,279.1875,13.6250,-173.8750,2.3600,0.8500,-9.4600
159108.0000,279.1875,13.6250,-173.8750,2.3600,0.8500,-9.4500
159153.0000,279.1250,13.6250,-173.8750,2.3600,0.8600,-9.4300
159177.0000,279.0625,13.6250,-173.8750,2.3800,0.8600,-9.4800
159181.0000,279.0625,13.6250,-173.8750,2.3800,0.8600,-9.4800
159228.0000,279.0625,13.6875,-173.9375,2.3700,0.8900,-9.4500
159250.0000,279.0625,13.6875,-173.9375,2.3300,0.8600,-9.4700
159254.0000,279.0625,13.6875,-173.9375,2.3600,0.8800,-9.4800
159321.0000,278.9375,13.6250,-173.9375,2.3700,0.8700,-9.4800
159326.0000,278.9375,13.6250,-173.9375,2.3400,0.8700,-9.4700
159392.0000,278.8125,13.6250,-173.9375,2.3200,0.8400,-9.4200
159398.0000,278.8125,13.6250,-173.9375,2.4200,0.9100,-9.4700
159444.0000,278.6875,13.6250,-173.9375,2.4100,0.8900,-9.5200
159467.0000,278.6875,13.6250,-173.9375,2.3800,0.8800,-9.5000
159471.0000,278.6875,13.6250,-173.9375,2.3800,0.8800,-9.5000
159539.0000,278.5625,13.6250,-173.9375,2.3800,0.9100,-9.4800
159543.0000,278.5625,13.6250,-173.9375,2.3800,0.9100,-9.4800
159591.0000,278.4375,13.6250,-173.8750,2.3600,0.8900,-9.4800
159614.0000,278.4375,13.6250,-173.8750,2.4100,0.9100,-9.4700
159618.0000,278.3750,13.6250,-173.8750,2.3500,0.8900,-9.4500
159663.0000,278.3750,13.6250,-173.8750,2.3600,0.9100,-9.4600
159687.0000,278.3125,13.6250,-173.8750,2.3400,0.8800,-9.4900
159691.0000,278.3125,13.6250,-173.8750,2.3400,0.8800,-9.4900
159738.0000,278.3125,13.6250,-173.8750,2.2900,0.8800,-9.4600
159760.0000,278.2500,13.6250,-173.8750,2.4000,0.9000,-9.4500
159764.0000,278.2500,13.6250,-173.8750,2.4000,0.9000,-9.4500
159810.0000,278.1250,13.6250,-173.8125,2.3400,0.9100,-9.4900
159832.0000,278.0625,13.6250,-173.8125,2.4100,0.9400,-9.5100
159838.0000,278.0625,13.6250,-173.8125,2.3900,0.9500,-9.5100
159884.0000,278.1875,13.6250,-173.8750,2.4000,0.9300,-9.5000
159908.0000,278.3125,13.6250,-173.8125,2.4000,0.9300,-9.4400
159912.0000,278.3125,13.6250,-173.8125,2.4000,0.9300,-9.4400
159957.0000,278.4375,13.6250,-173.8125,2.3600,0.8800,-9.4400
159979.0000,278.5625,13.6250,-173.8750,2.3800,0.9100,-9.4400
159983.0000,278.5625,13.6250,-173.8750,2.3800,0.9100,-9.4400
160031.0000,278.6875,13.6250,-173.9375,2.3600,0.8800,-9.5100
160054.0000,278.8125,13.6875,-173.9375,2.3300,0.8400,-9.4500
160058.0000,278.8125,13.6875,-173.9375,2.3200,0.8400,-9.4400
160103.0000,278.8750,13.6875,-174.0000,2.3600,0.8500,-9.4400
160125.0000,278.9375,13.6875,-174.0000,2.3500,0.8700,-9.4800
160131.0000,278.9375,13.7500,-174.0000,2.3800,0.8500,-9.4900
160197.0000,279.0625,13.7500,-174.0625,2.3600,0.8500,-9.4700
160202.0000,279.0625,13.7500,-174.0625,2.3600,0.8500,-9.4700
160248.0000,279.0625,13.7500,-174.0625,2.3600,0.8600,-9.4500
160270.0000,279.0625,13.7500,-174.0625,2.3800,0.8700,-9.4600
160274.0000,279.0625,13.7500,-174.0625,2.3800,0.8700,-9.4600
160322.0000,279.0625,13.7500,-174.0625,2.3800,0.8500,-9.4600
160345.0000,279.0625,13.7500,-174.0625,2.3800,0.8500,-9.4400
160351.0000,279.0625,13.7500,-174.0625,2.3700,0.8500,-9.4400
160397.0000,279.0625,13.7500,-174.0625,2.3800,0.8500,-9.4700
160420.0000,279.0625,13.7500,-174.0625,2.3900,0.8700,-9.4600
160424.0000,279.0625,13.7500,-174.0625,2.3900,0.8700,-9.4600
160492.0000,279.0625,13.7500,-174.0625,2.4100,0.8400,-9.4500
160496.0000,279.0625,13.7500,-174.0625,2.4100,0.8400,-9.4500
160544.0000,279.0625,13.7500,-174.0625,2.3700,0.8700,-9.4600
160568.0000,279.0625,13.7500,-174.0625,2.3100,0.8300,-9.3900
160573.0000,279.0625,13.7500,-174.0625,2.3100,0.8300,-9.3900
160619.0000,279.0000,13.7500,-174.0000,2.4000,0.8800,-9.4800
160642.0000,279.0000,13.7500,-174.0000,2.3900,0.8400,-9.4600
160646.0000,279.0000,13.7500,-174.0000,2.3900,0.8400,-9.4600
160693.0000,279.0000,13.7500,-174.0000,2.3700,0.8500,-9.4500
160716.0000,279.0000,13.7500,-174.0000,2.3800,0.8600,-9.4300
160722.0000,279.0000,13.7500,-174.0000,2.3900,0.8400,-9.4500
160768.0000,279.0000,13.7500,-174.0000,2.3900,0.8600,-9.4500
160791.0000,279.0000,13.7500,-174.0000,2.3700,0.8600,-9.4800
160795.0000,279.0000,13.7500,-174.0000,2.3700,0.8600,-9.4800
160843.0000,279.0000,13.7500,-174.0000,2.3900,0.8600,-9.4800
160865.0000,279.0000,13.7500,-174.0000,2.3800,0.8700,-9.4600
160870.0000,279.0000,13.7500,-174.0000,2.3900,0.8500,-9.4700
160916.0000,279.0000,13.7500,-174.0000,2.3700,0.8600,-9.4600
160940.0000,279.0000,13.7500,-174.0000,2.3800,0.8700,-9.4900
160944.0000,279.0000,13.7500,-174.0000,2.3800,0.8700,-9.4900
160991.0000,279.0000,13.7500,-174.0000,2.3700,0.8600,-9.4700
161013.0000,279.0000,13.7500,-174.0000,2.4100,0.8700,-9.4500
161017.0000,279.0000,13.7500,-174.0000,2.4100,0.8700,-9.4500
161065.0000,279.0000,13.7500,-174.0000,2.4000,0.8600,-9.4500
161089.0000,279.0000,13.7500,-174.0000,2.3900,0.8600,-9.4500
161094.0000,279.0000,13.7500,-174.0000,2.3900,0.8600,-9.4500
161160.0000,279.0000,13.7500,-174.0000,2.3900,0.8700,-9.4500
161165.0000,279.0000,13.7500,-174.0000,2.3900,0.8700,-9.4500
161211.0000,279.0000,13.7500,-174.0000,2.3900,0.8700,-9.4700
161233.0000,279.0000,13.7500,-174.0000,2.4000,0.8500,-9.4800
161237.0000,279.0000,13.7500,-174.0000,2.4000,0.8500,-9.4800
161305.0000,279.0000,13.7500,-174.0000,2.3900,0.8800,-9.4900
161309.0000,279.0000,13.7500,-174.0000,2.3900,0.8800,-9.4900
161356.0000,279.0625,13.7500,-174.0000,2.3600,0.8400,-9.4700
161378.0000,279.0625,13.7500,-174.0000,2.3700,0.8600,-9.4300
161384.0000,279.0000,13.7500,-174.0000,2.4000,0.8700,-9.4800
161450.0000,279.0000,13.7500,-174.0000,2.3900,0.8700,-9.4400
161455.0000,279.0000,13.7500,-174.0000,2.3900,0.8700,-9.4400
161521.0000,279.0000,13.7500,-174.0000,2.3700,0.8500,-9.4800
161526.0000,279.0000,13.7500,-174.0000,2.3700,0.8500,-9.4800
161572.0000,279.0000,13.7500,-174.0000,2.3900,0.8900,-9.4800
161594.0000,278.9375,13.7500,-174.0625,2.3900,0.8600,-9.4600
161598.0000,278.9375,13.7500,-174.0625,2.3900,0.8600,-9.4600
161646.0000,278.9375,13.6875,-174.0625,2.3500,0.8500,-9.4600
161669.0000,278.9375,13.6875,-174.0625,2.3700,0.8600,-9.4400
161675.0000,278.9375,13.6875,-174.0625,2.3900,0.8500,-9.4800
161741.0000,278.8750,13.6875,-174.0625,2.3800,0.8600,-9.4700
161746.0000,278.8125,13.6875,-174.0625,2.3800,0.8600,-9.4700
161812.0000,278.7500,13.6875,-174.0000,2.3800,0.8800,-9.4600
161817.0000,278.7500,13.6875,-174.0000,2.3800,0.8800,-9.4600
161883.0000,278.7500,13.6875,-174.0000,2.3700,0.8800,-9.4800
161887.0000,278.7500,13.6875,-174.0000,2.3700,0.8800,-9.4800
161954.0000,278.6250,13.6250,-174.0000,2.3700,0.8400,-9.4400
161958.0000,278.6250,13.6250,-174.0000,2.3700,0.8400,-9.4400
162003.0000,278.5625,13.6250,-174.0000,2.3500,0.8500,-9.4800
162026.0000,278.5000,13.6250,-173.9375,2.3700,0.8700,-9.4500
162030.0000,278.5000,13.6250,-173.9375,2.3700,0.8700,-9.4500
162077.0000,278.3750,13.6250,-173.9375,2.4300,0.9000,-9.5000
162101.0000,278.3125,13.6250,-173.9375,2.3300,0.8900,-9.4400
162107.0000,278.3125,13.6250,-173.9375,2.3600,0.9000,-9.4600
162152.0000,278.3125,13.6250,-173.9375,2.3400,0.8900,-9.4400
162175.0000,278.2500,13.6250,-173.9375,2.3800,0.8900,-9.4700
162179.0000,278.2500,13.6250,-173.9375,2.3800,0.8900,-9.4700
162227.0000,278.1875,13.6250,-173.8750,2.3600,0.9000,-9.4300
162250.0000,278.1875,13.6250,-173.8750,2.3400,0.8900,-9.4800
162256.0000,278.1875,13.6250,-173.8750,2.3100,0.8600,-9.4200
162301.0000,278.1250,13.6250,-173.8750,2.3900,0.9200,-9.5000
162325.0000,278.0625,13.5625,-173.8750,2.3900,0.9300,-9.4800
162329.0000,278.0625,13.5625,-173.8750,2.3900,0.9300,-9.4800
162397.0000,278.1250,13.5625,-173.8750,2.3400,0.8700,-9.4500
162401.0000,278.1250,13.5625,-173.8750,2.3400,0.8700,-9.4500
162469.0000,278.1875,13.5625,-173.8750,2.3900,0.8900,-9.4800
162473.0000,278.1875,13.5625,-173.8750,2.3900,0.8900,-9.4800
162518.0000,278.2500,13.6250,-173.9375,2.3500,0.8700,-9.4600
162541.0000,278.3125,13.6250,-173.9375,2.3300,0.8700,-9.4500
162546.0000,278.3125,13.6250,-173.9375,2.3500,0.8800,-9.4600
162612.0000,278.4375,13.6250,-174.0000,2.3600,0.8500,-9.4600
162618.0000,278.4375,13.6250,-174.0000,2.3800,0.8600,-9.4400
162663.0000,278.5000,13.6250,-174.0000,2.4300,0.8800,-9.5100
162686.0000,278.5000,13.6250,-174.0000,2.3400,0.8700,-9.4600
162690.0000,278.5000,13.6250,-174.0000,2.3400,0.8700,-9.4600
162737.0000,278.5625,13.6250,-174.0000,2.3700,0.8500,-9.4800
162759.0000,278.5625,13.6250,-174.0000,2.3700,0.8600,-9.4500
162763.0000,278.5625,13.6250,-174.0000,2.3900,0.8500,-9.4600
162810.0000,278.5625,13.6250,-174.0000,2.3500,0.8500,-9.4500
162832.0000,278.6250,13.6250,-174.0000,2.3400,0.8600,-9.4700
162838.0000,278.6250,13.6250,-174.0000,2.3600,0.8600,-9.5000
162904.0000,278.6250,13.6250,-174.0000,2.3800,0.8800,-9.4500
162909.0000,278.6875,13.6250,-174.0000,2.3800,0.8800,-9.4500
162975.0000,278.6875,13.6250,-174.0000,2.3800,0.8400,-9.4500
162980.0000,278.6875,13.6250,-174.0000,2.3800,0.8400,-9.4500
163026.0000,278.6875,13.6250,-174.0000,2.3900,0.8500,-9.4600
163048.0000,278.6875,13.6250,-174.0000,2.3900,0.8800,-9.4200
163052.0000,278.6875,13.6250,-174.0000,2.3900,0.8800,-9.4200
163100.0000,278.6875,13.6250,-174.0000,2.3800,0.8400,-9.4700
163124.0000,278.6875,13.6250,-174.0000,2.3600,0.8700,-9.4500
163129.0000,278.6875,13.6250,-174.0000,2.3900,0.8600,-9.4800
163175.0000,278.6875,13.6250,-174.0000,2.3700,0.8700,-9.4500
163198.0000,278.6875,13.6250,-174.0000,2.4000,0.8600,-9.4500
163202.0000,278.6875,13.6250,-174.0000,2.4000,0.8600,-9.4500
163270.0000,278.6875,13.6250,-174.0000,2.3700,0.8700,-9.4400
163275.0000,278.6875,13.6250,-174.0000,2.4000,0.8600,-9.4700
163321.0000,278.6875,13.6250,-174.0000,2.3900,0.8500,-9.4400
163345.0000,278.6875,13.6250,-174.0000,2.3800,0.8800,-9.4600
163350.0000,278.6875,13.6250,-174.0000,2.3800,0.8800,-9.4600
163417.0000,278.6875,13.6250,-174.0000,2.3900,0.8500,-9.4400
163421.0000,278.6875,13.6250,-174.0000,2.3900,0.8500,-9.4400
163488.0000,278.6875,13.6250,-174.0000,2.3300,0.8400,-9.4800
163492.0000,278.6875,13.6250,-174.0000,2.3300,0.8400,-9.4800
163539.0000,278.6875,13.6250,-174.0000,2.3800,0.8700,-9.4700
163561.0000,278.6875,13.6250,-174.0000,2.3900,0.8700,-9.4800
163565.0000,278.6875,13.6250,-174.0000,2.4100,0.8800,-9.4500
163612.0000,278.6875,13.6250,-174.0000,2.3800,0.8800,-9.4200
163634.0000,278.6875,13.6250,-174.0000,2.3800,0.8400,-9.4200
163640.0000,278.6875,13.6250,-174.0000,2.4100,0.8800,-9.4800
163706.0000,278.6875,13.6250,-173.9375,2.4000,0.8600,-9.4600
163711.0000,278.6875,13.6250,-173.9375,2.4000,0.8600,-9.4600
163777.0000,278.6875,13.6250,-173.9375,2.3800,0.8700,-9.4600
163782.0000,278.6875,13.6250,-173.9375,2.3800,0.8700,-9.4600
163828.0000,278.6875,13.6250,-173.9375,2.3800,0.8600,-9.4500
163851.0000,278.6875,13.6250,-173.9375,2.3800,0.8500,-9.4600
163854.0000,278.6875,13.6250,-173.9375,2.3800,0.8500,-9.4600
163902.0000,278.6875,13.6250,-173.9375,2.4000,0.8500,-9.4500
163926.0000,278.6875,13.6250,-173.9375,2.3700,0.8600,-9.4500
163931.0000,278.6875,13.6250,-173.9375,2.3800,0.8700,-9.4300
163977.0000,278.6875,13.6250,-173.9375,2.3800,0.8600,-9.4700
164000.0000,278.6875,13.6250,-173.9375,2.3900,0.8700,-9.4700
164004.0000,278.6875,13.6250,-173.9375,2.3900,0.8700,-9.4700
164072.0000,278.6875,13.6250,-173.9375,2.3700,0.8700,-9.4500
164077.0000,278.6875,13.6250,-173.9375,2.3800,0.8600,-9.4900
164124.0000,278.6875,13.6250,-173.9375,2.3800,0.8600,-9.4500
164147.0000,278.6875,13.6250,-173.9375,2.4000,0.8600,-9.4600
164152.0000,278.6875,13.6250,-173.9375,2.4000,0.8600,-9.4600
164199.0000,278.6875,13.6250,-173.9375,2.3600,0.8800,-9.4700
164221.0000,278.6875,13.6250,-173.9375,2.3700,0.8600,-9.4700
164225.0000,278.6875,13.6250,-173.9375,2.3700,0.8600,-9.4700
164293.0000,278.6875,13.6250,-173.9375,2.4100,0.8900,-9.4800
164298.0000,278.6875,13.6250,-173.9375,2.3800,0.8700,-9.5000
164344.0000,278.6875,13.6250,-174.0000,2.3900,0.8500,-9.5100
164369.0000,278.6875,13.6250,-174.0000,2.3700,0.8500,-9.4200
164373.0000,278.6875,13.6250,-174.0000,2.3700,0.8500,-9.4200
164444.0000,278.6250,13.6250,-173.9375,2.3500,0.8400,-9.4600
164449.0000,278.6250,13.6250,-173.9375,2.3700,0.8400,-9.4500
164495.0000,278.5000,13.6250,-173.9375,2.4000,0.8900,-9.4900
164519.0000,278.5000,13.6250,-173.9375,2.4000,0.8600,-9.5000
164524.0000,278.5000,13.6250,-173.9375,2.4000,0.8600,-9.5000
164569.0000,278.4375,13.6250,-173.9375,2.3700,0.8700,-9.4500
164592.0000,278.3750,13.6250,-173.9375,2.3800,0.8800,-9.5000
164596.0000,278.3750,13.6250,-173.9375,2.3800,0.8800,-9.5000
164647.0000,278.3125,13.6250,-173.9375,2.3300,0.8700,-9.4800
164671.0000,278.2500,13.6250,-173.9375,2.3500,0.8500,-9.4500
164675.0000,278.2500,13.6250,-173.9375,2.3500,0.8500,-9.4500
164741.0000,278.1250,13.5625,-173.8750,2.3400,0.8500,-9.4700
164745.0000,278.1250,13.5625,-173.8750,2.3400,0.8500,-9.4700
164812.0000,278.0000,13.5625,-173.8750,2.3700,0.8800,-9.4800
164816.0000,278.0000,13.5625,-173.8750,2.3700,0.8800,-9.4800
164862.0000,277.9375,13.5625,-173.8750,2.3500,0.8800,-9.4600
164884.0000,277.9375,13.5625,-173.8750,2.3300,0.8800,-9.4500
164888.0000,277.9375,13.5625,-173.8750,2.3300,0.8800,-9.4500
164935.0000,277.8750,13.5625,-173.8750,2.3800,0.8800,-9.4600
164959.0000,277.8125,13.5625,-173.8750,2.3600,0.8800,-9.4800
164965.0000,277.8125,13.5625,-173.8750,2.3600,0.8800,-9.4800
165010.0000,277.8125,13.5625,-173.8125,2.3400,0.8900,-9.4400
165033.0000,277.7500,13.5625,-173.8125,2.3600,0.8900,-9.4600
165037.0000,277.7500,13.5625,-173.8125,2.3600,0.8900,-9.4600
165105.0000,277.7500,13.5625,-173.8125,2.3700,0.9000,-9.4800
165110.0000,277.7500,13.5625,-173.8125,2.2800,0.8400,-9.4100
165177.0000,277.6875,13.5625,-173.8125,2.3500,0.9000,-9.4800
165181.0000,277.6875,13.5625,-173.8125,2.3500,0.8900,-9.4700
165247.0000,277.6250,13.5000,-173.7500,2.3600,0.9000,-9.4700
165253.0000,277.6250,13.5000,-173.7500,2.3300,0.8800,-9.4400
165298.0000,277.6250,13.5000,-173.7500,2.3700,0.9200,-9.4500
165322.0000,277.6250,13.5000,-173.7500,2.3400,0.9100,-9.4900
165327.0000,277.6250,13.5000,-173.7500,2.3400,0.9100,-9.4900
165393.0000,277.6875,13.5625,-173.8125,2.3600,0.9000,-9.5000
165397.0000,277.6875,13.5625,-173.8125,2.3600,0.9000,-9.5000
165465.0000,277.7500,13.5625,-173.8750,2.3500,0.8700,-9.4800
165469.0000,277.7500,13.5625,-173.8750,2.3500,0.8700,-9.4800
165514.0000,277.8125,13.5625,-173.8750,2.4000,0.8900,-9.5300
165537.0000,277.8750,13.5625,-173.8750,2.3700,0.9000,-9.5200
165541.0000,277.8750,13.5625,-173.8750,2.3300,0.8700,-9.4900
165608.0000,278.0000,13.5625,-173.9375,2.3400,0.8300,-9.4700
165614.0000,278.0000,13.5625,-173.9375,2.3300,0.8300,-9.4500
165660.0000,278.0625,13.5625,-173.9375,2.3600,0.8600,-9.4800
165684.0000,278.1250,13.5625,-173.9375,2.3600,0.8800,-9.4700
165688.0000,278.1250,13.5625,-173.9375,2.3600,0.8800,-9.4700
165735.0000,278.1250,13.5625,-173.9375,2.3600,0.8600,-9.4300
165757.0000,278.1250,13.5625,-173.9375,2.3700,0.8800,-9.5000
165761.0000,278.1250,13.5625,-173.9375,2.3700,0.8800,-9.4700
165809.0000,278.1250,13.5625,-173.9375,2.3600,0.8500,-9.4600
165833.0000,278.1875,13.5625,-173.9375,2.3600,0.8600,-9.4600
165837.0000,278.1875,13.5625,-173.9375,2.3600,0.8600,-9.4600
165904.0000,278.1875,13.5625,-173.9375,2.3600,0.8600,-9.4600
165908.0000,278.1875,13.5625,-173.9375,2.3600,0.8600,-9.4600
165955.0000,278.1875,13.6250,-173.9375,2.3700,0.8800,-9.4900
165977.0000,278.1875,13.6250,-173.9375,2.3500,0.8600,-9.4400
165981.0000,278.1875,13.6250,-173.9375,2.3500,0.8600,-9.4400
166049.0000,278.1875,13.6250,-173.9375,2.3800,0.8800,-9.4800
166055.0000,278.1875,13.6250,-173.9375,2.3800,0.8500,-9.4800
166100.0000,278.1875,13.6250,-173.9375,2.3800,0.8700,-9.4700
166124.0000,278.1875,13.6250,-173.9375,2.3700,0.8500,-9.4800
166129.0000,278.1875,13.6250,-173.9375,2.3700,0.8500,-9.4800
166195.0000,278.1875,13.6250,-173.9375,2.3600,0.8500,-9.4900
166199.0000,278.1875,13.6250,-173.9375,2.3600,0.8500,-9.4900
166267.0000,278.1875,13.6250,-173.9375,2.3700,0.8700,-9.4500
166271.0000,278.1875,13.6250,-173.9375,2.3700,0.8700,-9.4500
166337.0000,278.2500,13.6250,-173.9375,2.3400,0.8200,-9.4800
166341.0000,278.2500,13.6250,-173.9375,2.3400,0.8200,-9.4800
166388.0000,278.2500,13.6250,-173.9375,2.3900,0.8600,-9.4400
166411.0000,278.2500,13.6250,-173.9375,2.4000,0.8700,-9.4800
166417.0000,278.2500,13.6250,-173.9375,2.3800,0.8500,-9.4800
166483.0000,278.2500,13.6250,-173.9375,2.3900,0.8600,-9.4500
166488.0000,278.2500,13.6250,-173.8750,2.3800,0.8700,-9.4500
166534.0000,278.2500,13.6250,-173.8750,2.3700,0.8600,-9.4500
166557.0000,278.2500,13.6250,-173.8750,2.3900,0.8600,-9.4800
166561.0000,278.2500,13.6250,-173.8750,2.3900,0.8600,-9.4800
166609.0000,278.2500,13.6250,-173.8750,2.3900,0.8600,-9.4500
166632.0000,278.2500,13.6250,-173.8750,2.3700,0.8800,-9.4400
166637.0000,278.2500,13.6250,-173.8750,2.3800,0.8800,-9.4600
166683.0000,278.2500,13.6250,-173.8750,2.3800,0.8600,-9.4500
166707.0000,278.2500,13.6250,-173.8750,2.4000,0.8800,-9.4600
166711.0000,278.2500,13.6250,-173.8750,2.4000,0.8800,-9.4600
166758.0000,278.2500,13.6250,-173.8750,2.3800,0.8500,-9.4500
166781.0000,278.2500,13.6250,-173.8750,2.3600,0.8500,-9.4800
166787.0000,278.2500,13.6250,-173.8750,2.3700,0.8500,-9.4600
166832.0000,278.2500,13.6250,-173.8750,2.3900,0.8600,-9.4600
166856.0000,278.2500,13.6250,-173.8750,2.3900,0.8600,-9.4400
166861.0000,278.2500,13.6250,-173.8750,2.3900,0.8600,-9.4400
166928.0000,278.2500,13.6250,-173.8750,2.3800,0.8600,-9.4300
166932.0000,278.2500,13.6250,-173.8750,2.3800,0.8600,-9.4300
166979.0000,278.2500,13.6250,-173.8750,2.3800,0.8600,-9.4400
167001.0000,278.2500,13.6250,-173.8750,2.3600,0.8800,-9.5000
167007.0000,278.2500,13.6250,-173.8750,2.3900,0.8800,-9.4900
167053.0000,278.2500,13.6250,-173.8750,2.3800,0.8500,-9.4700
167077.0000,278.2500,13.6250,-173.8750,2.4000,0.8500,-9.4400
167081.0000,278.2500,13.6250,-173.8750,2.4000,0.8500,-9.4400
167149.0000,278.2500,13.6250,-173.8750,2.3400,0.8100,-9.4800
167153.0000,278.2500,13.6250,-173.8750,2.3400,0.8100,-9.4800
167200.0000,278.2500,13.6250,-173.8750,2.3800,0.8700,-9.4300
167223.0000,278.2500,13.6250,-173.8750,2.4100,0.8600,-9.4500
167227.0000,278.2500,13.6250,-173.8750,2.4000,0.8800,-9.4800
167273.0000,278.2500,13.6250,-173.8750,2.3800,0.8500,-9.4600
167295.0000,278.2500,13.6250,-173.8750,2.3300,0.8700,-9.4100
167301.0000,278.2500,13.6250,-173.8750,2.3500,0.8600,-9.4300
167367.0000,278.1875,13.6250,-173.8750,2.3600,0.8500,-9.4300
167372.0000,278.1875,13.6250,-173.8750,2.3600,0.8500,-9.4300
167417.0000,278.1875,13.6250,-173.8750,2.3700,0.8400,-9.4700
167440.0000,278.1250,13.5625,-173.9375,2.3700,0.8800,-9.4800
167444.0000,278.1250,13.5625,-173.9375,2.3700,0.8800,-9.4800
167492.0000,278.1250,13.5625,-173.8750,2.3600,0.8600,-9.4500
167515.0000,278.0625,13.5625,-173.8750,2.4000,0.8600,-9.5100
167521.0000,278.0625,13.5625,-173.8750,2.3800,0.8600,-9.4600
167587.0000,277.9375,13.5625,-173.8750,2.3800,0.8600,-9.4800
167591.0000,277.9375,13.5625,-173.8750,2.3700,0.8500,-9.5000
167657.0000,277.8750,13.5625,-173.8750,2.3700,0.8800,-9.4500
167662.0000,277.8125,13.5625,-173.8125,2.3700,0.8800,-9.4500
167708.0000,277.8125,13.5625,-173.8125,2.3800,0.8800,-9.4800
167731.0000,277.7500,13.5625,-173.8125,2.3500,0.8800,-9.4500
167735.0000,277.7500,13.5625,-173.8125,2.3500,0.8800,-9.4500
167783.0000,277.7500,13.6250,-173.8125,2.3700,0.8700,-9.4800
167805.0000,277.6875,13.5625,-173.8125,2.4300,0.9400,-9.5300
167810.0000,277.6875,13.5625,-173.7500,2.4000,0.9300,-9.5000
167856.0000,277.6250,13.5625,-173.7500,2.3200,0.8600,-9.4800
167880.0000,277.5625,13.5625,-173.7500,2.3400,0.8800,-9.4600
167884.0000,277.5625,13.5625,-173.7500,2.3400,0.8800,-9.4600
167930.0000,277.4375,13.5625,-173.6875,2.4100,0.9300,-9.5200
167952.0000,277.4375,13.5625,-173.6875,2.3800,0.8800,-9.4800
167956.0000,277.4375,13.5625,-173.6875,2.3800,0.8800,-9.4800
168008.0000,277.4375,13.5625,-173.6875,2.3700,0.9200,-9.4700
168031.0000,277.4375,13.5625,-173.6875,2.4000,0.9200,-9.5000
168035.0000,277.4375,13.5625,-173.6875,2.4000,0.9200,-9.5000
168082.0000,277.5625,13.5625,-173.7500,2.3500,0.8800,-9.4500
168104.0000,277.6250,13.5625,-173.8125,2.3800,0.8700,-9.4800
168110.0000,277.6250,13.5625,-173.8125,2.3500,0.8400,-9.4600
168176.0000,277.8125,13.6250,-173.8750,2.3600,0.8400,-9.4600
168180.0000,277.8125,13.6250,-173.8750,2.3600,0.8600,-9.4700
168246.0000,277.9375,13.6250,-173.8750,2.3400,0.8600,-9.4500
168252.0000,277.9375,13.6250,-173.9375,2.3600,0.8400,-9.4800
168298.0000,278.0000,13.6250,-173.9375,2.3700,0.8600,-9.4600
168321.0000,278.0000,13.6250,-173.9375,2.3500,0.8600,-9.4400
168325.0000,278.0000,13.6250,-173.9375,2.3500,0.8600,-9.4400
168391.0000,278.1250,13.6250,-173.9375,2.3500,0.8300,-9.4600
168395.0000,278.1250,13.6250,-173.9375,2.3500,0.8300,-9.4600
168462.0000,278.1250,13.6250,-173.9375,2.4000,0.8500,-9.4700
168466.0000,278.1250,13.6250,-173.9375,2.4000,0.8500,-9.4700
168534.0000,278.1875,13.6250,-173.9375,2.3500,0.8600,-9.4500
168538.0000,278.1875,13.6250,-173.9375,2.3500,0.8600,-9.4500
168585.0000,278.1250,13.6250,-173.8750,2.4200,0.8700,-9.5000
168609.0000,278.1250,13.6250,-173.8750,2.4000,0.8700,-9.5100
168614.0000,278.1250,13.6250,-173.8750,2.4000,0.8700,-9.5100
168681.0000,278.1250,13.6250,-173.8750,2.3800,0.8400,-9.4600
168685.0000,278.1250,13.6250,-173.8750,2.3800,0.8400,-9.4600
168753.0000,278.1250,13.6250,-173.8750,2.3900,0.8500,-9.5000
168757.0000,278.1250,13.6250,-173.8750,2.3900,0.8500,-9.5000
168808.0000,278.1250,13.6250,-173.8750,2.4000,0.8500,-9.4800
168832.0000,278.1250,13.6250,-173.8750,2.3800,0.8800,-9.4700
168836.0000,278.1250,13.6250,-173.8750,2.3800,0.8800,-9.4700
168887.0000,278.1250,13.6250,-173.8750,2.4000,0.8600,-9.4500
168911.0000,278.1250,13.6250,-173.8750,2.3700,0.8600,-9.4800
168916.0000,278.1250,13.6250,-173.8750,2.3700,0.8600,-9.4800
168983.0000,278.1250,13.6250,-173.8750,2.4000,0.8500,-9.4400
168987.0000,278.1250,13.6250,-173.8750,2.4000,0.8500,-9.4400
169038.0000,278.1250,13.6250,-173.8750,2.4000,0.8600,-9.4900
169062.0000,278.1250,13.6250,-173.8750,2.3900,0.8500,-9.5100
169067.0000,278.1250,13.6250,-173.8750,2.3900,0.8500,-9.5100
169134.0000,278.1250,13.6250,-173.8750,2.3700,0.8300,-9.4100
169138.0000,278.1250,13.6250,-173.8750,2.3700,0.8300,-9.4100
169185.0000,278.1250,13.6250,-173.8750,2.3800,0.8500,-9.4500
169207.0000,278.1250,13.6250,-173.8750,2.3900,0.8300,-9.4800
169213.0000,278.1250,13.6250,-173.8750,2.3900,0.8600,-9.4700
169259.0000,278.1250,13.6250,-173.8750,2.4100,0.8600,-9.4800
169283.0000,278.1250,13.6250,-173.8750,2.4300,0.8600,-9.4900
169287.0000,278.1250,13.6250,-173.8750,2.4300,0.8600,-9.4900
169355.0000,278.1250,13.6250,-173.8750,2.3800,0.8500,-9.4500
169359.0000,278.1250,13.6250,-173.8750,2.3800,0.8500,-9.4500
169410.0000,278.1250,13.6250,-173.8750,2.3900,0.8500,-9.4600
169434.0000,278.1250,13.6250,-173.8750,2.4000,0.8500,-9.4600
169438.0000,278.1250,13.6250,-173.8750,2.4000,0.8500,-9.4600
169485.0000,278.1250,13.6250,-173.8750,2.3800,0.8600,-9.4500
169507.0000,278.1250,13.6250,-173.8750,2.3800,0.8400,-9.4800
169513.0000,278.1250,13.6250,-173.8750,2.3800,0.8500,-9.4700
169559.0000,278.1250,13.6250,-173.8750,2.3900,0.8800,-9.4700
169583.0000,278.1250,13.6250,-173.8750,2.3900,0.8500,-9.4400
169588.0000,278.1250,13.6250,-173.8750,2.3900,0.8500,-9.4400
169655.0000,278.1250,13.6250,-173.8750,2.3900,0.8800,-9.4600
169659.0000,278.1250,13.6250,-173.8750,2.3900,0.8800,-9.4600
169706.0000,278.1250,13.6250,-173.8750,2.3900,0.8400,-9.4700
169728.0000,278.1250,13.6250,-173.8750,2.3900,0.8500,-9.4300
169732.0000,278.1250,13.6250,-173.8750,2.4000,0.8400,-9.4400
169779.0000,278.1250,13.6250,-173.8750,2.3800,0.8400,-9.4500
169801.0000,278.1250,13.6250,-173.8750,2.3800,0.8500,-9.4500
169807.0000,278.1250,13.6250,-173.8750,2.3500,0.8200,-9.4500
169873.0000,278.1250,13.6250,-173.8750,2.4100,0.8400,-9.4800
169878.0000,278.1250,13.6875,-173.8750,2.4100,0.8400,-9.4800
169944.0000,278.0625,13.6875,-173.8750,2.2700,0.7800,-9.3600
169949.0000,278.0625,13.6875,-173.8750,2.2700,0.7800,-9.3600
169995.0000,277.9375,13.6875,-173.7500,2.4200,0.8800,-9.4500
170017.0000,277.8750,13.6875,-173.6250,2.4400,0.9100,-9.4800
170021.0000,277.8750,13.6875,-173.6250,2.4400,0.9100,-9.4800
170069.0000,277.7500,13.6875,-173.4375,2.4100,0.9200,-9.5200
170092.0000,277.7500,13.6250,-173.5000,2.4200,0.9500,-9.5100
170096.0000,277.7500,13.6250,-173.5000,2.4200,0.9300,-9.4800
170142.0000,277.7500,13.5625,-173.6875,2.3700,0.8700,-9.4700
170164.0000,277.7500,13.5000,-173.8750,2.3400,0.8600,-9.4300
170169.0000,277.6875,13.5000,-173.9375,2.3400,0.8600,-9.4300
170215.0000,277.6875,13.4375,-174.1250,2.3500,0.8000,-9.3700
170238.0000,277.6250,13.4375,-174.1250,2.3600,0.8200,-9.4000
170242.0000,277.6250,13.4375,-174.1250,2.3600,0.8200,-9.4000
170287.0000,277.5000,13.5000,-173.9375,2.4000,0.8700,-9.4700
170309.0000,277.5000,13.5000,-173.8750,2.3500,0.8400,-9.4700
170314.0000,277.5000,13.5000,-173.8750,2.3600,0.8600,-9.4700
170361.0000,277.5000,13.5000,-173.6875,2.4300,0.9000,-9.5700
170385.0000,277.5000,13.5000,-173.6875,2.3700,0.8600,-9.4400
170389.0000,277.5000,13.5000,-173.7500,2.3700,0.8800,-9.4700
170455.0000,277.5000,13.6250,-173.8750,2.3400,0.8200,-9.4000
170460.0000,277.5000,13.6250,-173.8750,2.3400,0.8200,-9.4000
170506.0000,277.3750,13.6250,-173.8125,2.3900,0.8700,-9.4500
170529.0000,277.3750,13.6250,-173.7500,2.4300,0.9200,-9.4900
170532.0000,277.3750,13.6250,-173.7500,2.4300,0.9200,-9.4900
170578.0000,277.3125,13.5625,-173.6250,2.4100,0.9100,-9.5000
170600.0000,277.2500,13.5625,-173.6250,2.4300,0.9300,-9.5100
170605.0000,277.2500,13.5625,-173.6250,2.4200,0.9200,-9.5100
170652.0000,277.3750,13.5625,-173.6875,2.4200,0.9100,-9.4800
170676.0000,277.5000,13.5625,-173.7500,2.3600,0.8600,-9.4600
170681.0000,277.5000,13.5625,-173.7500,2.3600,0.8600,-9.4600
170726.0000,277.6875,13.5625,-173.8750,2.2800,0.8200,-9.4000
170749.0000,277.8125,13.5625,-173.8750,2.3600,0.8500,-9.4300
170753.0000,277.8125,13.5625,-173.8750,2.3600,0.8500,-9.4300
170821.0000,277.9375,13.6875,-173.9375,2.3700,0.8200,-9.4500
170826.0000,277.9375,13.6875,-173.9375,2.3400,0.8400,-9.4600
170872.0000,278.0625,13.8125,-173.9375,2.4200,0.8300,-9.4800
170896.0000,278.0625,13.8750,-174.0000,2.4300,0.8100,-9.4300
170901.0000,278.0625,13.8750,-174.0000,2.4300,0.8100,-9.4300
170947.0000,278.1250,13.9375,-174.0000,2.4300,0.8300,-9.4700
170970.0000,278.1250,13.9375,-174.0000,2.4200,0.8100,-9.4300
170974.0000,278.1250,13.9375,-174.0000,2.4200,0.8100,-9.4300
171041.0000,278.1250,13.9375,-174.0000,2.4700,0.8300,-9.4600
171046.0000,278.1250,13.9375,-174.0000,2.4600,0.8100,-9.4500
171113.0000,278.1250,13.9375,-174.0000,2.4500,0.8100,-9.4300
171119.0000,278.1250,13.9375,-174.0000,2.4700,0.8400,-9.4500
171164.0000,278.1875,14.0000,-174.0000,2.4300,0.8100,-9.4500
171188.0000,278.1875,14.0000,-174.0000,2.4300,0.8100,-9.4500
171192.0000,278.1875,14.0000,-174.0000,2.4300,0.8100,-9.4500
171238.0000,278.2500,14.1250,-173.9375,2.4300,0.8300,-9.3900
171260.0000,278.2500,14.1250,-173.9375,2.4600,0.8400,-9.4500
171264.0000,278.2500,14.1250,-173.9375,2.4600,0.8400,-9.4500
171332.0000,278.2500,14.1875,-173.8125,2.4900,0.8300,-9.4300
171336.0000,278.2500,14.1875,-173.8125,2.4900,0.8300,-9.4300
171383.0000,278.2500,14.1250,-173.8750,2.4800,0.8300,-9.4400
171405.0000,278.2500,14.1250,-173.8750,2.4600,0.8300,-9.4400
171411.0000,278.2500,14.1250,-173.8750,2.4500,0.8300,-9.4500
171477.0000,278.2500,14.0625,-174.0000,2.4600,0.7800,-9.3700
171482.0000,278.2500,14.0625,-174.0000,2.4600,0.7800,-9.3700
171528.0000,278.2500,14.0625,-174.0000,2.4400,0.7900,-9.4100
171551.0000,278.2500,14.0625,-174.0000,2.4100,0.8100,-9.4100
171555.0000,278.2500,14.0625,-174.0000,2.4100,0.8100,-9.4100
171603.0000,278.1875,14.0625,-174.0000,2.4800,0.8100,-9.4400
171626.0000,278.1250,14.0625,-174.0000,2.4800,0.8400,-9.4800
171632.0000,278.1250,14.0000,-174.0000,2.4400,0.8100,-9.4300
171677.0000,278.1250,13.9375,-174.0000,2.4500,0.8300,-9.4800
171701.0000,278.0625,13.9375,-174.0000,2.5000,0.8400,-9.4300
171705.0000,278.0625,13.9375,-174.0000,2.5000,0.8400,-9.4300
171752.0000,278.0000,13.9375,-174.0000,2.5000,0.8000,-9.4500
171774.0000,278.0000,13.9375,-174.0625,2.4600,0.8000,-9.4300
171780.0000,278.0000,13.9375,-174.0625,2.4200,0.8000,-9.4200
171826.0000,278.0000,14.0000,-174.0625,2.4800,0.7900,-9.4300
171850.0000,278.0000,14.0000,-174.0000,2.4700,0.8200,-9.4300
171854.0000,278.0000,14.0000,-174.0000,2.4700,0.8200,-9.4300
171901.0000,278.0000,14.1250,-173.9375,2.4400,0.8300,-9.4300
171924.0000,278.0000,14.1250,-173.8750,2.4600,0.8100,-9.4200
171928.0000,278.0000,14.1250,-173.8750,2.4800,0.8400,-9.4300
171975.0000,277.9375,14.1875,-173.7500,2.4700,0.8700,-9.4700
171999.0000,277.8750,14.1875,-173.6875,2.4900,0.8700,-9.4700
172003.0000,277.8750,14.1875,-173.6250,2.4900,0.8700,-9.4700
172050.0000,277.7500,14.1250,-173.5625,2.4500,0.8800,-9.4400
172072.0000,277.6875,14.0625,-173.5625,2.5000,0.9100,-9.4800
172076.0000,277.6875,14.0625,-173.5625,2.5000,0.9100,-9.4800
172123.0000,277.5625,14.0000,-173.6250,2.5300,0.9100,-9.4800
172145.0000,277.5625,14.0000,-173.6250,2.5000,0.9100,-9.5100
172149.0000,277.5625,14.0000,-173.6250,2.5000,0.9100,-9.5100
172195.0000,277.5000,14.0000,-173.7500,2.4300,0.8500,-9.4500
172217.0000,277.4375,14.0000,-173.8125,2.4500,0.8500,-9.4400
172223.0000,277.4375,14.0000,-173.8125,2.4400,0.8600,-9.4100
172273.0000,277.3125,14.0000,-173.8125,2.4400,0.8700,-9.4400
172295.0000,277.3125,14.0000,-173.8125,2.4800,0.8600,-9.4800
172299.0000,277.3125,14.0000,-173.8125,2.4800,0.8600,-9.4800
172344.0000,277.2500,13.9375,-173.8125,2.4100,0.8600,-9.4400
172366.0000,277.2500,13.9375,-173.8125,2.4400,0.8500,-9.5600
172372.0000,277.1875,13.9375,-173.8125,2.4400,0.8500,-9.5400
172418.0000,277.1250,13.8750,-173.8750,2.4200,0.8500,-9.4200
172442.0000,277.0625,13.8750,-173.8750,2.4100,0.8400,-9.4500
172446.0000,277.0625,13.8750,-173.8750,2.4100,0.8400,-9.4500
172512.0000,276.9375,13.8125,-173.9375,2.4400,0.8200,-9.4600
172516.0000,276.9375,13.8125,-173.9375,2.4400,0.8200,-9.4600
172563.0000,276.9375,13.7500,-173.8750,2.4200,0.8500,-9.4900
172585.0000,276.9375,13.6875,-173.8750,2.4000,0.8400,-9.4900
172589.0000,276.9375,13.6875,-173.8750,2.4000,0.8400,-9.4900
172635.0000,276.9375,13.6250,-173.8750,2.3000,0.8000,-9.3000
172657.0000,276.9375,13.6250,-173.9375,2.4400,0.8300,-9.4700
172663.0000,276.9375,13.6250,-173.9375,2.4900,0.8500,-9.5500
172708.0000,277.0000,13.7500,-174.0000,2.3400,0.8000,-9.4000
172732.0000,277.0625,13.8125,-174.0625,2.4400,0.8100,-9.4600
172737.0000,277.0625,13.8125,-174.0625,2.4400,0.8100,-9.4600
172782.0000,277.0625,13.8125,-174.0625,2.4300,0.8100,-9.4800
172805.0000,277.0000,13.8125,-174.0000,2.4000,0.8000,-9.4500
172809.0000,277.0000,13.8125,-174.0000,2.4000,0.8000,-9.4500
172856.0000,276.8750,13.6875,-173.9375,2.3400,0.8700,-9.5200
172878.0000,276.8125,13.6250,-173.9375,2.4200,0.8400,-9.5100
172884.0000,276.7500,13.5625,-173.9375,2.4600,0.9000,-9.5100
172950.0000,276.8125,13.7500,-174.0625,2.3900,0.8700,-9.4400
172954.0000,276.8125,13.8125,-174.0625,2.3600,0.8200,-9.4100
173020.0000,276.7500,13.7500,-174.0625,2.4000,0.8200,-9.4500
173025.0000,276.7500,13.7500,-174.0625,2.3900,0.8300,-9.4200
173091.0000,276.5625,13.7500,-174.0000,2.4300,0.8600,-9.4800
173095.0000,276.5625,13.7500,-174.0000,2.4300,0.8500,-9.4500
173161.0000,276.4375,13.6875,-174.0625,2.4200,0.8700,-9.4300
173166.0000,276.3750,13.6875,-174.0625,2.4200,0.8700,-9.5000
173232.0000,276.4375,13.6875,-174.1250,2.3900,0.8200,-9.4300
173237.0000,276.4375,13.6875,-174.1875,2.3900,0.8200,-9.4300
173303.0000,276.5000,13.6875,-174.1875,2.3800,0.8100,-9.5000
173307.0000,276.5000,13.6875,-174.1875,2.3800,0.8100,-9.5000
173374.0000,276.6250,13.6875,-174.2500,2.4000,0.8300,-9.4800
173378.0000,276.6250,13.6875,-174.2500,2.4000,0.8300,-9.4800
173445.0000,276.6250,13.7500,-174.3125,2.3600,0.8300,-9.4500
173449.0000,276.6250,13.7500,-174.3125,2.3600,0.8300,-9.4500
173496.0000,276.6875,13.7500,-174.3125,2.3500,0.8200,-9.4600
173518.0000,276.6875,13.7500,-174.3125,2.3800,0.8100,-9.4600
173523.0000,276.6875,13.7500,-174.3125,2.3900,0.8100,-9.4800
173590.0000,276.6875,13.7500,-174.3125,2.3600,0.8300,-9.4600
173594.0000,276.6875,13.7500,-174.3125,2.3600,0.8100,-9.4400
173640.0000,276.6875,13.7500,-174.3750,2.3700,0.8100,-9.4600
173662.0000,276.6875,13.7500,-174.3750,2.3800,0.8200,-9.4700
173667.0000,276.6875,13.7500,-174.3750,2.3800,0.8100,-9.4800
173713.0000,276.6875,13.7500,-174.3750,2.3900,0.8000,-9.4800
173736.0000,276.6875,13.7500,-174.3750,2.3800,0.8100,-9.4800
173740.0000,276.6875,13.7500,-174.3750,2.3800,0.8100,-9.4800
173806.0000,276.7500,13.7500,-174.3750,2.3600,0.7700,-9.4500
173810.0000,276.7500,13.7500,-174.3750,2.3600,0.7700,-9.4500
173857.0000,276.8125,13.7500,-174.3750,2.4000,0.7900,-9.4900
173879.0000,276.8125,13.7500,-174.4375,2.3800,0.8000,-9.5100
173885.0000,276.8125,13.8125,-174.4375,2.4300,0.8000,-9.5100
173931.0000,276.8750,13.8750,-174.5625,2.4500,0.7800,-9.5700
173955.0000,276.9375,13.9375,-174.7500,2.4300,0.7100,-9.4200
173959.0000,276.9375,13.9375,-174.8125,2.4300,0.7100,-9.4200
174005.0000,277.0625,14.0000,-175.1250,2.4200,0.6500,-9.4300
174027.0000,277.1250,14.0000,-175.1875,2.3800,0.6500,-9.4500
174031.0000,277.1250,14.0000,-175.1875,2.3800,0.6500,-9.4500
174079.0000,277.2500,14.0625,-175.3125,2.3900,0.6100,-9.4500
174102.0000,277.2500,14.0625,-175.3125,2.3900,0.6500,-9.4100
174106.0000,277.2500,14.0625,-175.3750,2.4300,0.6300,-9.4000
174152.0000,277.2500,14.0625,-175.3125,2.4500,0.6400,-9.4800
174174.0000,277.2500,14.0625,-175.2500,2.4500,0.6900,-9.4900
174179.0000,277.2500,14.0625,-175.2500,2.4500,0.6900,-9.4900
174245.0000,277.3125,14.0625,-175.2500,2.2900,0.5900,-9.4100
174249.0000,277.2500,14.0625,-175.2500,2.3900,0.6600,-9.4500
174295.0000,277.1250,14.0625,-175.2500,2.4600,0.6500,-9.4700
174317.0000,277.0625,14.0625,-175.1875,2.4300,0.6500,-9.4800
174321.0000,277.0625,14.0625,-175.1875,2.4300,0.6500,-9.4800
174368.0000,276.9375,14.0625,-175.1875,2.4200,0.6700,-9.4800
174390.0000,276.8750,14.0000,-175.1250,2.4500,0.6800,-9.4800
174394.0000,276.8750,14.0000,-175.1250,2.4500,0.6800,-9.4800
174440.0000,276.8125,13.9375,-175.0625,2.4400,0.6700,-9.4900
174462.0000,276.7500,13.9375,-175.0625,2.4000,0.6700,-9.4200
174468.0000,276.7500,13.9375,-175.0625,2.3900,0.6800,-9.4800
174534.0000,276.6250,13.9375,-175.0000,2.3800,0.6800,-9.4500
174540.0000,276.6250,13.9375,-175.0000,2.4100,0.7000,-9.4500
174585.0000,276.4375,13.9375,-175.0000,2.4400,0.6900,-9.5100
174609.0000,276.3750,13.9375,-174.9375,2.4100,0.7200,-9.4400
174613.0000,276.3750,13.9375,-174.9375,2.4100,0.7200,-9.4400
174660.0000,276.2500,13.9375,-174.9375,2.4400,0.7400,-9.4400
174683.0000,276.1875,13.9375,-174.9375,2.4800,0.7600,-9.5500
174689.0000,276.1875,13.9375,-174.9375,2.5000,0.7300,-9.5300
174735.0000,276.1875,13.9375,-175.0000,2.3800,0.7000,-9.3900
174758.0000,276.2500,13.9375,-175.0000,2.4100,0.7000,-9.4600
174762.0000,276.2500,13.9375,-175.0000,2.4100,0.7000,-9.4600
174810.0000,276.2500,13.9375,-175.0000,2.4200,0.7100,-9.4300
174832.0000,276.2500,13.9375,-175.0000,2.3700,0.6800,-9.4300
174838.0000,276.2500,13.9375,-175.0000,2.4000,0.6800,-9.4400
174904.0000,276.1250,13.8750,-174.9375,2.3900,0.6900,-9.4400
174908.0000,276.1250,13.8750,-174.8750,2.4300,0.7400,-9.5300
174954.0000,276.0000,13.8750,-174.8750,2.4900,0.7400,-9.4900
174978.0000,276.0625,13.8750,-174.9375,2.4100,0.7000,-9.4600
174982.0000,276.0625,13.8750,-174.9375,2.4100,0.7000,-9.4600
175029.0000,276.1875,13.8750,-174.8750,2.3800,0.7000,-9.4900
175051.0000,276.1875,13.8750,-174.8750,2.4300,0.7100,-9.5000
175055.0000,276.1875,13.8750,-174.8750,2.4300,0.7100,-9.5000
175103.0000,276.2500,13.8750,-174.8750,2.4200,0.7300,-9.4800
175125.0000,276.3125,13.8750,-174.8750,2.4300,0.7200,-9.5100
175130.0000,276.3125,13.8750,-174.9375,2.3900,0.7000,-9.4800
175176.0000,276.3750,13.8750,-175.0000,2.3800,0.6700,-9.4500
175200.0000,276.4375,13.8750,-175.1250,2.4200,0.6800,-9.4900
175203.0000,276.4375,13.8750,-175.1250,2.4200,0.6800,-9.4900
175249.0000,276.5625,13.9375,-175.3125,2.3700,0.6200,-9.4000
175271.0000,276.6250,13.9375,-175.4375,2.3900,0.6100,-9.4500
175275.0000,276.6250,13.9375,-175.4375,2.3900,0.6100,-9.4500
175343.0000,276.8125,13.9375,-175.5000,2.4100,0.6000,-9.4400
175347.0000,276.8125,13.9375,-175.5000,2.4100,0.6000,-9.4400
175393.0000,276.8125,13.9375,-175.3750,2.3100,0.5700,-9.4500
175415.0000,276.8125,13.9375,-175.3125,2.4300,0.6300,-9.5100
175421.0000,276.8125,13.9375,-175.3125,2.4300,0.6500,-9.5300
175466.0000,276.8125,13.9375,-175.3750,2.4300,0.6300,-9.4600
175490.0000,276.8750,13.9375,-175.4375,2.4000,0.6000,-9.4400
175494.0000,276.8750,13.9375,-175.4375,2.4000,0.6000,-9.4400
175540.0000,276.8750,13.9375,-175.4375,2.4300,0.6300,-9.4600
175562.0000,276.8750,13.9375,-175.4375,2.4100,0.6200,-9.4500
175566.0000,276.8750,13.9375,-175.4375,2.4100,0.6200,-9.4500
175613.0000,276.8750,13.9375,-175.4375,2.4400,0.5900,-9.4600
175637.0000,276.8750,13.9375,-175.4375,2.4300,0.6200,-9.4600
175643.0000,276.8750,13.9375,-175.4375,2.4000,0.6300,-9.4600
175688.0000,276.8750,13.9375,-175.4375,2.4300,0.6100,-9.4600
175711.0000,276.8750,13.9375,-175.4375,2.4300,0.6100,-9.4600
175715.0000,276.8750,13.9375,-175.4375,2.4300,0.6100,-9.4600
175763.0000,276.8750,13.9375,-175.4375,2.4200,0.5800,-9.4700
175786.0000,276.8750,13.9375,-175.4375,2.4300,0.6100,-9.4500
175792.0000,276.8750,13.9375,-175.4375,2.4300,0.6000,-9.4800
175838.0000,276.8750,13.9375,-175.4375,2.4200,0.6000,-9.4700
175861.0000,276.8750,13.9375,-175.4375,2.4300,0.5800,-9.4600
175865.0000,276.8750,13.9375,-175.4375,2.4300,0.5800,-9.4600
175913.0000,276.8750,13.9375,-175.4375,2.4700,0.6400,-9.5300
175935.0000,276.8750,13.9375,-175.4375,2.4300,0.6100,-9.5300
175941.0000,276.8750,13.9375,-175.4375,2.4700,0.6100,-9.4500
176007.0000,276.9375,14.0000,-175.5000,2.4100,0.5900,-9.4000
176013.0000,276.9375,13.9375,-175.4375,2.4500,0.5900,-9.4700
176079.0000,276.9375,13.9375,-175.4375,2.4200,0.6100,-9.4700
176084.0000,276.9375,13.9375,-175.4375,2.4200,0.6100,-9.4700
176130.0000,276.8750,13.9375,-175.4375,2.4300,0.6200,-9.5000
176153.0000,276.8750,13.9375,-175.4375,2.4600,0.6200,-9.5000
176157.0000,276.8750,13.9375,-175.4375,2.4600,0.6200,-9.5000
176225.0000,276.8750,13.9375,-175.4375,2.4200,0.6000,-9.4700
176229.0000,276.8750,13.9375,-175.4375,2.4200,0.5900,-9.4500
176276.0000,276.8750,13.9375,-175.4375,2.4300,0.6100,-9.4800
176300.0000,276.8750,13.9375,-175.4375,2.4700,0.6100,-9.4500
176305.0000,276.8750,13.9375,-175.4375,2.4700,0.6100,-9.4500
176372.0000,276.8750,13.9375,-175.3125,2.4400,0.6300,-9.4900
176376.0000,276.8750,13.9375,-175.3125,2.4400,0.6300,-9.4900
176423.0000,276.8125,13.9375,-175.3125,2.4000,0.6200,-9.5100
176445.0000,276.7500,13.9375,-175.3125,2.4300,0.6300,-9.4500
176449.0000,276.7500,13.9375,-175.3125,2.4300,0.6300,-9.4500
176515.0000,276.6875,13.8750,-175.2500,2.3900,0.6500,-9.4800
176519.0000,276.6875,13.8750,-175.2500,2.3900,0.6500,-9.4800
176567.0000,276.6250,13.8125,-175.2500,2.4100,0.6400,-9.4600
176590.0000,276.6250,13.8125,-175.2500,2.4200,0.6600,-9.5100
176596.0000,276.6250,13.8125,-175.2500,2.4200,0.6600,-9.5100
176641.0000,276.5625,13.8125,-175.2500,2.4300,0.6600,-9.4700
176664.0000,276.5000,13.8125,-175.1875,2.3900,0.6700,-9.4500
176668.0000,276.5000,13.8125,-175.1875,2.3900,0.6700,-9.4500
176736.0000,276.4375,13.8125,-175.1875,2.4200,0.6600,-9.4700
176741.0000,276.4375,13.8125,-175.1875,2.3700,0.6400,-9.4500
176808.0000,276.3125,13.8125,-175.1875,2.4100,0.6700,-9.4400
176812.0000,276.3125,13.8125,-175.1875,2.4300,0.6500,-9.5200
176878.0000,276.2500,13.8125,-175.0625,2.4000,0.6700,-9.4800
176884.0000,276.1875,13.8125,-175.0625,2.3700,0.6600,-9.4700
176930.0000,276.1250,13.8125,-175.0000,2.4100,0.6800,-9.5100
176953.0000,276.1250,13.7500,-175.0000,2.4000,0.6700,-9.4800
176957.0000,276.1250,13.7500,-175.0000,2.4000,0.6700,-9.4800
177003.0000,276.0000,13.7500,-175.0000,2.3900,0.6700,-9.4700
177025.0000,276.0000,13.7500,-175.0000,2.3900,0.7000,-9.4600
177029.0000,276.0000,13.7500,-175.0000,2.3900,0.7000,-9.4600
177097.0000,275.8750,13.7500,-174.9375,2.3700,0.6900,-9.4400
177101.0000,275.8750,13.7500,-174.9375,2.3700,0.6900,-9.4400
177167.0000,275.8125,13.7500,-174.9375,2.4000,0.7000,-9.4700
177171.0000,275.8125,13.7500,-174.9375,2.3800,0.7100,-9.4800
177218.0000,275.8125,13.7500,-174.9375,2.3900,0.7000,-9.4600
177242.0000,275.8125,13.7500,-174.9375,2.4100,0.7100,-9.4900
177247.0000,275.8125,13.7500,-174.9375,2.4100,0.7100,-9.4900
177293.0000,275.8750,13.7500,-174.9375,2.3700,0.7100,-9.4800
177316.0000,275.9375,13.7500,-175.0000,2.4000,0.6700,-9.4600
177320.0000,275.9375,13.7500,-175.0000,2.4000,0.6700,-9.4600
177368.0000,276.0625,13.7500,-175.0625,2.3500,0.6400,-9.4400
177391.0000,276.1250,13.7500,-175.1250,2.3900,0.6600,-9.4300
177397.0000,276.1250,13.7500,-175.1250,2.4200,0.6800,-9.4600
177442.0000,276.1875,13.8125,-175.1250,2.3800,0.6300,-9.4800
177466.0000,276.2500,13.8125,-175.1250,2.2700,0.6200,-9.3800
177470.0000,276.2500,13.8125,-175.1250,2.2700,0.6200,-9.3800
177517.0000,276.3750,13.8125,-175.1250,2.4000,0.6700,-9.4900
177540.0000,276.3750,13.8125,-175.1875,2.4100,0.6800,-9.4800
177546.0000,276.4375,13.8125,-175.1875,2.3800,0.6700,-9.4800
177591.0000,276.5000,13.8125,-175.1875,2.3800,0.6500,-9.4700
177615.0000,276.5000,13.8125,-175.1875,2.4000,0.6600,-9.5100
177619.0000,276.5000,13.8125,-175.1875,2.4000,0.6600,-9.5100
177667.0000,276.6250,13.8125,-175.1875,2.3900,0.6500,-9.4500
177689.0000,276.6875,13.8125,-175.2500,2.4100,0.6500,-9.4600
177695.0000,276.6875,13.8125,-175.2500,2.4000,0.6400,-9.4800
177761.0000,276.7500,13.8125,-175.2500,2.3900,0.6400,-9.4600
177767.0000,276.7500,13.8125,-175.2500,2.4000,0.6400,-9.4800
177813.0000,276.7500,13.8125,-175.2500,2.4100,0.6500,-9.4400
177836.0000,276.7500,13.8125,-175.2500,2.4000,0.6500,-9.4700
177840.0000,276.7500,13.8125,-175.2500,2.4000,0.6500,-9.4700
177908.0000,276.7500,13.8125,-175.2500,2.4100,0.6400,-9.4700
177912.0000,276.7500,13.8125,-175.2500,2.4100,0.6400,-9.4700
177960.0000,276.7500,13.8125,-175.2500,2.4100,0.6500,-9.5200
177983.0000,276.7500,13.8125,-175.2500,2.4300,0.6400,-9.4600
177988.0000,276.7500,13.8125,-175.2500,2.4300,0.6300,-9.5300
178034.0000,276.8125,13.8125,-175.2500,2.3800,0.6200,-9.4700
178057.0000,276.8125,13.8125,-175.2500,2.4000,0.6200,-9.4300
178061.0000,276.8125,13.8125,-175.2500,2.4000,0.6200,-9.4300
178129.0000,276.7500,13.8125,-175.2500,2.4100,0.6600,-9.5000
178133.0000,276.7500,13.8125,-175.2500,2.4100,0.6600,-9.5000
178180.0000,276.7500,13.8125,-175.1875,2.4300,0.6400,-9.4700
178204.0000,276.7500,13.8125,-175.1875,2.4500,0.6500,-9.5100
178209.0000,276.7500,13.8125,-175.1875,2.4500,0.6500,-9.5100
178276.0000,276.7500,13.8125,-175.1875,2.4200,0.6700,-9.4800
178280.0000,276.7500,13.8125,-175.1875,2.4200,0.6700,-9.4800
178328.0000,276.7500,13.8125,-175.1875,2.3900,0.6400,-9.4500
178350.0000,276.7500,13.8125,-175.1875,2.4100,0.6200,-9.4600
178354.0000,276.7500,13.8125,-175.1875,2.4100,0.6200,-9.4600
178421.0000,276.7500,13.8125,-175.1875,2.4300,0.6500,-9.4600
178427.0000,276.7500,13.8125,-175.1875,2.3900,0.6500,-9.5100
178473.0000,276.7500,13.8125,-175.1875,2.4200,0.6500,-9.4500
178497.0000,276.7500,13.8125,-175.1875,2.4100,0.6500,-9.4500
178501.0000,276.7500,13.8125,-175.1875,2.4100,0.6500,-9.4500
178567.0000,276.7500,13.8125,-175.1875,2.4100,0.6500,-9.4500
178571.0000,276.7500,13.8125,-175.1875,2.4100,0.6500,-9.4500
178618.0000,276.7500,13.8125,-175.1875,2.4100,0.6500,-9.4700
178640.0000,276.7500,13.8125,-175.1875,2.4200,0.6500,-9.4800
178645.0000,276.7500,13.8125,-175.1875,2.4200,0.6500,-9.4800
178692.0000,276.7500,13.8125,-175.1875,2.4100,0.6500,-9.4500
178716.0000,276.7500,13.8125,-175.1875,2.4300,0.6600,-9.5400
178721.0000,276.7500,13.8125,-175.1875,2.4300,0.6600,-9.5400
178788.0000,276.7500,13.8125,-175.1875,2.4300,0.6600,-9.4900
178792.0000,276.7500,13.8125,-175.1875,2.4300,0.6600,-9.4900
178839.0000,276.7500,13.8125,-175.1875,2.4400,0.6500,-9.4800
178861.0000,276.7500,13.8125,-175.1875,2.4400,0.6500,-9.4800
178866.0000,276.7500,13.8125,-175.1875,2.4400,0.6500,-9.4800
178933.0000,276.7500,13.8125,-175.1875,2.4500,0.6800,-9.4900
178939.0000,276.6875,13.8125,-175.1875,2.4300,0.6600,-9.4600
178984.0000,276.6875,13.8125,-175.1875,2.4200,0.6500,-9.4800
179008.0000,276.6875,13.8125,-175.1875,2.4100,0.6400,-9.4600
179012.0000,276.6875,13.8125,-175.1875,2.4100,0.6400,-9.4600
179060.0000,276.6250,13.8125,-175.1250,2.4100,0.6500,-9.4700
179082.0000,276.5625,13.8125,-175.1250,2.4000,0.6500,-9.4900
179086.0000,276.5625,13.8125,-175.1250,2.4000,0.6500,-9.4900
179153.0000,276.4375,13.8125,-175.1250,2.4100,0.6500,-9.4600
179157.0000,276.4375,13.8125,-175.1250,2.4100,0.6500,-9.4600
179223.0000,276.3125,13.8125,-175.1250,2.3900,0.6600,-9.4800
179229.0000,276.3125,13.8125,-175.1250,2.3900,0.6600,-9.5000
179275.0000,276.2500,13.7500,-175.0625,2.4300,0.6500,-9.4900
179299.0000,276.1875,13.7500,-175.0625,2.3800,0.6500,-9.4500
179303.0000,276.1875,13.7500,-175.0625,2.3800,0.6500,-9.4500
179369.0000,276.1250,13.7500,-175.0625,2.4900,0.7100,-9.5400
179373.0000,276.0625,13.7500,-175.0625,2.4900,0.7100,-9.5400
179440.0000,276.0000,13.7500,-175.0625,2.3800,0.6700,-9.5100
179444.0000,276.0000,13.7500,-175.0625,2.3800,0.6700,-9.5100
179491.0000,275.9375,13.7500,-175.0000,2.3900,0.7000,-9.4600
179513.0000,275.8750,13.7500,-175.0000,2.4300,0.6800,-9.5000
179517.0000,275.8750,13.7500,-175.0000,2.4300,0.6800,-9.5000
179563.0000,275.8125,13.7500,-174.9375,2.2900,0.6400,-9.3900
179585.0000,275.8125,13.7500,-174.9375,2.4400,0.6900,-9.4900
179591.0000,275.7500,13.7500,-174.9375,2.3600,0.6900,-9.4800
179637.0000,275.7500,13.7500,-174.8750,2.3900,0.7000,-9.4700
179661.0000,275.6875,13.7500,-174.8750,2.4100,0.7000,-9.4700
179665.0000,275.6875,13.7500,-174.8750,2.4100,0.7000,-9.4700
179732.0000,275.7500,13.7500,-174.9375,2.3800,0.6800,-9.4800
179736.0000,275.7500,13.7500,-174.9375,2.3800,0.6800,-9.4800
179783.0000,275.7500,13.7500,-174.9375,2.3800,0.7100,-9.5000
179806.0000,275.8125,13.7500,-174.9375,2.4000,0.6900,-9.5100
179810.0000,275.8125,13.7500,-174.9375,2.3700,0.6800,-9.4800
179856.0000,275.8750,13.7500,-175.0000,2.3500,0.6600,-9.4400
179878.0000,275.8750,13.7500,-175.0000,2.3800,0.6700,-9.4500
179883.0000,275.9375,13.7500,-175.0000,2.3800,0.6600,-9.4800
179929.0000,275.9375,13.7500,-175.0000,2.3900,0.6700,-9.4600
179952.0000,276.0000,13.7500,-175.0625,2.3300,0.6500,-9.4400
179956.0000,276.0000,13.7500,-175.0625,2.3300,0.6500,-9.4400
180022.0000,276.1250,13.7500,-175.0625,2.3800,0.6500,-9.4800
180026.0000,276.1250,13.7500,-175.0625,2.3800,0.6500,-9.4800
180074.0000,276.1875,13.7500,-175.0625,2.4000,0.6500,-9.4700
180096.0000,276.1875,13.7500,-175.0625,2.4100,0.6700,-9.4900
180102.0000,276.1875,13.7500,-175.0625,2.4200,0.6600,-9.4300
180147.0000,276.1875,13.7500,-175.0625,2.4000,0.6600,-9.5000
180171.0000,276.2500,13.7500,-175.0625,2.3900,0.6400,-9.4800
180175.0000,276.2500,13.7500,-175.0625,2.3900,0.6400,-9.4800
180243.0000,276.3125,13.8125,-175.0625,2.3900,0.6600,-9.4900
180247.0000,276.3125,13.8125,-175.0625,2.3900,0.6600,-9.4900
180294.0000,276.3750,13.8125,-175.1250,2.4000,0.6500,-9.4800
180317.0000,276.3750,13.8125,-175.1250,2.3900,0.6500,-9.4700
180322.0000,276.4375,13.8125,-175.1250,2.4100,0.6400,-9.4900
180368.0000,276.4375,13.8125,-175.1250,2.3900,0.6300,-9.4900
180392.0000,276.4375,13.8125,-175.1250,2.4000,0.6300,-9.4700
180396.0000,276.4375,13.8125,-175.1250,2.4000,0.6300,-9.4700
180444.0000,276.4375,13.8125,-175.1250,2.4000,0.6500,-9.5000
180466.0000,276.4375,13.8125,-175.1250,2.3900,0.6400,-9.4700
180470.0000,276.4375,13.8125,-175.1250,2.3900,0.6100,-9.4400
180517.0000,276.4375,13.8125,-175.1250,2.4100,0.6400,-9.4600
180541.0000,276.4375,13.8125,-175.1250,2.4600,0.6500,-9.5500
180546.0000,276.4375,13.8125,-175.1250,2.4600,0.6500,-9.5500
180592.0000,276.5000,13.8125,-175.1250,2.3500,0.6100,-9.4800
180615.0000,276.5000,13.8125,-175.1250,2.4000,0.6200,-9.4500
180619.0000,276.5000,13.8125,-175.1250,2.4000,0.6200,-9.4500
180666.0000,276.5000,13.8125,-175.1250,2.4400,0.6600,-9.4800
180689.0000,276.5000,13.8125,-175.1250,2.4200,0.6500,-9.4900
180695.0000,276.5000,13.8125,-175.1250,2.4000,0.6300,-9.4800
180740.0000,276.5000,13.8125,-175.1250,2.4200,0.6100,-9.4300
180764.0000,276.5000,13.8125,-175.1250,2.4200,0.6600,-9.4700
180768.0000,276.5000,13.8125,-175.1250,2.4200,0.6600,-9.4700
180815.0000,276.5000,13.8125,-175.1250,2.4000,0.6400,-9.4400
180837.0000,276.5000,13.8125,-175.1250,2.4100,0.6600,-9.4800
180843.0000,276.5000,13.8125,-175.1250,2.4000,0.6300,-9.4800
180889.0000,276.5000,13.8125,-175.1250,2.4000,0.6500,-9.4700
180913.0000,276.5000,13.8125,-175.1250,2.4000,0.6400,-9.4600
180917.0000,276.5000,13.8125,-175.1250,2.4000,0.6400,-9.4600
180985.0000,276.5000,13.8125,-175.1250,2.4100,0.6500,-9.4800
180989.0000,276.5000,13.8125,-175.1250,2.4100,0.6500,-9.4800
181036.0000,276.5000,13.8125,-175.1250,2.4100,0.6500,-9.4800
181059.0000,276.5000,13.8125,-175.1250,2.4200,0.6300,-9.4700
181063.0000,276.5000,13.8125,-175.1250,2.3900,0.6200,-9.4600
181109.0000,276.5000,13.8125,-175.1250,2.4000,0.6400,-9.4500
181131.0000,276.5000,13.8125,-175.1250,2.4000,0.6400,-9.4800
181137.0000,276.5000,13.8125,-175.1250,2.4100,0.6300,-9.4800
181183.0000,276.5000,13.8125,-175.1250,2.4200,0.6300,-9.5100
181206.0000,276.5000,13.8125,-175.1250,2.4000,0.6600,-9.5200
181210.0000,276.5000,13.8125,-175.1250,2.4000,0.6600,-9.5200
181255.0000,276.5000,13.8125,-175.1250,2.4200,0.6500,-9.5200
181277.0000,276.5000,13.8125,-175.1250,2.3700,0.6300,-9.4500
181282.0000,276.5000,13.8125,-175.1250,2.4000,0.6600,-9.4500
181329.0000,276.5000,13.8125,-175.1250,2.4400,0.6400,-9.4900
181353.0000,276.5000,13.8125,-175.1250,2.4200,0.6500,-9.4500
181358.0000,276.5000,13.8125,-175.1250,2.4200,0.6500,-9.4500
181424.0000,276.4375,13.8125,-175.0625,2.4800,0.6700,-9.5100
181428.0000,276.4375,13.8125,-175.0625,2.4800,0.6700,-9.5100
181475.0000,276.4375,13.8125,-175.0625,2.4200,0.6300,-9.4600
181497.0000,276.4375,13.8125,-175.0625,2.4100,0.6500,-9.4800
181501.0000,276.4375,13.8125,-175.0625,2.4100,0.6500,-9.4800
181549.0000,276.4375,13.8125,-175.0625,2.4100,0.6500,-9.4800
181573.0000,276.4375,13.8125,-175.0625,2.4200,0.6300,-9.4600
181578.0000,276.4375,13.8125,-175.0625,2.4200,0.6300,-9.4600
181645.0000,276.4375,13.8125,-175.0625,2.4000,0.6500,-9.4600
181649.0000,276.4375,13.8125,-175.0625,2.4000,0.6500,-9.4600
181696.0000,276.4375,13.8125,-175.0625,2.4000,0.6400,-9.4900
181718.0000,276.4375,13.8125,-175.1250,2.3900,0.6200,-9.4500
181723.0000,276.4375,13.8125,-175.1250,2.3900,0.6200,-9.4500
181770.0000,276.3750,13.8125,-175.1250,2.4100,0.6400,-9.4800
181794.0000,276.3750,13.8125,-175.1250,2.4200,0.6400,-9.4800
181799.0000,276.3750,13.8125,-175.0625,2.4200,0.6400,-9.4800
181845.0000,276.3125,13.8125,-175.0625,2.4000,0.6200,-9.4500
181868.0000,276.3125,13.8125,-175.0625,2.4100,0.6500,-9.4700
181872.0000,276.3125,13.8125,-175.0625,2.4100,0.6500,-9.4700
181917.0000,276.2500,13.7500,-175.0625,2.4100,0.6500,-9.4600
181939.0000,276.2500,13.7500,-175.0625,2.3400,0.6200,-9.4700
181945.0000,276.2500,13.7500,-175.0625,2.3700,0.6400,-9.5000
181991.0000,276.1250,13.7500,-175.0625,2.4100,0.6500,-9.4300
182015.0000,276.1250,13.7500,-175.0625,2.4100,0.6500,-9.4800
182019.0000,276.0625,13.7500,-175.0000,2.4400,0.6500,-9.4900
182085.0000,276.0000,13.7500,-175.0000,2.4400,0.6700,-9.4500
182090.0000,275.9375,13.7500,-175.0000,2.4400,0.6700,-9.4500
182137.0000,275.8750,13.7500,-174.9375,2.3900,0.6600,-9.5000
182159.0000,275.8125,13.7500,-174.9375,2.3800,0.6700,-9.4700
182163.0000,275.8125,13.7500,-174.9375,2.3800,0.6700,-9.4700
182208.0000,275.7500,13.7500,-174.9375,2.3600,0.6500,-9.4500
182230.0000,275.7500,13.7500,-174.9375,2.4100,0.6800,-9.4600
182236.0000,275.7500,13.7500,-174.9375,2.3700,0.6500,-9.4700
182282.0000,275.6250,13.7500,-174.8750,2.3800,0.6600,-9.4600
182306.0000,275.6250,13.6875,-174.8750,2.3900,0.6700,-9.4900
182311.0000,275.6250,13.6875,-174.8750,2.3900,0.6700,-9.4900
182356.0000,275.5625,13.6875,-174.8750,2.3900,0.6800,-9.4800
182379.0000,275.5000,13.6875,-174.8750,2.3700,0.6700,-9.4600
182383.0000,275.5000,13.6875,-174.8750,2.3700,0.6700,-9.4600
182451.0000,275.4375,13.6875,-174.8125,2.5000,0.7300,-9.5800
182455.0000,275.4375,13.6875,-174.8125,2.4400,0.7000,-9.5400
182502.0000,275.5000,13.6875,-174.8750,2.3600,0.6800,-9.4500
182526.0000,275.5000,13.6875,-174.8750,2.3900,0.6800,-9.4600
182531.0000,275.5000,13.6875,-174.8750,2.3900,0.6800,-9.4600
182598.0000,275.6875,13.7500,-174.9375,2.3700,0.6800,-9.4700
182602.0000,275.6875,13.7500,-174.9375,2.3700,0.6800,-9.4700
182649.0000,275.7500,13.7500,-174.9375,2.4100,0.6600,-9.4700
182671.0000,275.8125,13.7500,-175.0000,2.3800,0.6500,-9.4600
182675.0000,275.8125,13.7500,-175.0000,2.3800,0.6500,-9.4600
182721.0000,275.8750,13.7500,-175.0000,2.3700,0.6500,-9.4800
182743.0000,275.8750,13.7500,-175.0000,2.3800,0.6500,-9.4700
182749.0000,275.9375,13.7500,-175.0000,2.3800,0.6600,-9.4700
182815.0000,276.0000,13.7500,-175.0000,2.4000,0.6400,-9.4600
182820.0000,276.0000,13.7500,-175.0000,2.3900,0.6200,-9.4600
182866.0000,276.0625,13.7500,-175.0625,2.4100,0.6600,-9.4700
182889.0000,276.0625,13.7500,-175.0625,2.3700,0.6300,-9.4900
182893.0000,276.0625,13.7500,-175.0625,2.3700,0.6300,-9.4900
182961.0000,276.1250,13.7500,-175.0625,2.4100,0.6400,-9.4800
182965.0000,276.1250,13.7500,-175.0625,2.4100,0.6400,-9.4800
183012.0000,276.1250,13.7500,-175.0625,2.4000,0.6400,-9.4800
183034.0000,276.1250,13.7500,-175.0625,2.3800,0.6500,-9.4800
183040.0000,276.1250,13.7500,-175.0625,2.3800,0.6400,-9.4900
183085.0000,276.1250,13.7500,-175.0625,2.3900,0.6400,-9.4300
183109.0000,276.1250,13.7500,-175.0625,2.4600,0.6700,-9.5100
183113.0000,276.1250,13.7500,-175.0625,2.4600,0.6700,-9.5100
183179.0000,276.1875,13.7500,-175.0625,2.3800,0.6100,-9.4800
183183.0000,276.1875,13.7500,-175.0625,2.3800,0.6100,-9.4800
183230.0000,276.1875,13.7500,-175.0625,2.4500,0.6500,-9.4700
183252.0000,276.2500,13.7500,-175.0625,2.4200,0.6300,-9.5000
183257.0000,276.2500,13.7500,-175.0625,2.4100,0.6400,-9.4700
183304.0000,276.2500,13.7500,-175.0625,2.3300,0.6100,-9.3900
183328.0000,276.2500,13.7500,-175.0625,2.3900,0.6500,-9.4700
183333.0000,276.1875,13.7500,-175.0000,2.3900,0.6500,-9.4700
183400.0000,276.1875,13.7500,-175.0000,2.4100,0.6400,-9.4800
183404.0000,276.1875,13.7500,-175.0000,2.4100,0.6400,-9.4800
183451.0000,276.1875,13.7500,-175.0000,2.3900,0.6400,-9.4700
183473.0000,276.1875,13.7500,-175.0000,2.4100,0.6500,-9.4600
183478.0000,276.1875,13.7500,-175.0000,2.4100,0.6500,-9.4700
183525.0000,276.1875,13.7500,-175.0000,2.4200,0.6600,-9.4500
183549.0000,276.1875,13.7500,-175.0000,2.3900,0.6400,-9.4900
183554.0000,276.1875,13.7500,-175.0000,2.3900,0.6400,-9.4900
183600.0000,276.1875,13.7500,-175.0000,2.3900,0.6500,-9.5000
183622.0000,276.1875,13.7500,-175.0000,2.4100,0.6500,-9.4600
183626.0000,276.1875,13.7500,-175.0000,2.4100,0.6500,-9.4600
183694.0000,276.1875,13.7500,-175.0000,2.4200,0.6400,-9.5200
183699.0000,276.1875,13.7500,-175.0000,2.4100,0.6500,-9.4800
183766.0000,276.1875,13.7500,-175.0000,2.4100,0.6500,-9.4600
183770.0000,276.1875,13.7500,-175.0000,2.4100,0.6400,-9.4900
183816.0000,276.1875,13.7500,-175.0000,2.4000,0.6300,-9.4600
183838.0000,276.1875,13.7500,-175.0000,2.4100,0.6400,-9.4600
183844.0000,276.1875,13.7500,-175.0000,2.4100,0.6500,-9.4800
183910.0000,276.1875,13.7500,-175.0000,2.4000,0.6400,-9.4700
183915.0000,276.1875,13.7500,-175.0000,2.4000,0.6400,-9.4700
183960.0000,276.1875,13.7500,-175.0000,2.3800,0.6300,-9.4200
183983.0000,276.1875,13.7500,-175.0000,2.4300,0.6400,-9.4900
183987.0000,276.1875,13.7500,-175.0000,2.4300,0.6400,-9.4900
184055.0000,276.1875,13.7500,-175.0000,2.3900,0.6800,-9.4800
184060.0000,276.1875,13.7500,-175.0000,2.3500,0.6400,-9.4100
184127.0000,276.1875,13.7500,-175.0000,2.4300,0.6400,-9.4700
184133.0000,276.1875,13.7500,-175.0000,2.4300,0.6400,-9.4700
184178.0000,276.1875,13.7500,-175.0000,2.4100,0.6500,-9.4500
184202.0000,276.1875,13.7500,-175.0000,2.4200,0.6300,-9.4500
184206.0000,276.1875,13.7500,-175.0000,2.4200,0.6300,-9.4500
184274.0000,276.1875,13.7500,-175.0000,2.4000,0.6500,-9.4500
184278.0000,276.1875,13.7500,-175.0000,2.4000,0.6500,-9.4500
184345.0000,276.1875,13.7500,-175.0000,2.4100,0.6500,-9.4900
184350.0000,276.1875,13.7500,-175.0000,2.4100,0.6200,-9.4900
184397.0000,276.1875,13.7500,-175.0000,2.4000,0.6500,-9.4800
184421.0000,276.1875,13.7500,-175.0000,2.4200,0.6500,-9.4400
184426.0000,276.1875,13.7500,-175.0000,2.4200,0.6500,-9.4400
184472.0000,276.1250,13.7500,-175.0000,2.3900,0.6200,-9.4600
184495.0000,276.1250,13.7500,-175.0000,2.4200,0.6600,-9.4900
184499.0000,276.1250,13.7500,-175.0000,2.4200,0.6600,-9.4900
184546.0000,276.0625,13.7500,-175.0000,2.4000,0.6500,-9.4900
184569.0000,276.0625,13.7500,-175.0000,2.4000,0.6500,-9.4600
184575.0000,276.0625,13.7500,-175.0000,2.4000,0.6500,-9.4700
184620.0000,276.0000,13.7500,-174.9375,2.3600,0.6300,-9.4600
184642.0000,276.0000,13.7500,-174.9375,2.4900,0.6800,-9.5400
184647.0000,275.9375,13.7500,-174.9375,2.4900,0.6800,-9.5400
184694.0000,275.9375,13.7500,-174.9375,2.3100,0.6300,-9.4600
184716.0000,275.8750,13.7500,-174.9375,2.4300,0.6600,-9.4900
184720.0000,275.8750,13.7500,-174.9375,2.4300,0.6600,-9.4900
184765.0000,275.7500,13.6875,-174.9375,2.4200,0.6700,-9.4800
184787.0000,275.7500,13.6875,-174.8750,2.4100,0.6600,-9.5100
184793.0000,275.7500,13.6875,-174.8750,2.3900,0.6500,-9.4800
184859.0000,275.6250,13.6875,-174.8125,2.4300,0.6900,-9.5000
184865.0000,275.5625,13.6875,-174.8125,2.3800,0.6800,-9.4800
184911.0000,275.5000,13.6875,-174.8125,2.4200,0.6900,-9.4800
184935.0000,275.4375,13.6875,-174.7500,2.4000,0.6900,-9.4800
184939.0000,275.4375,13.6875,-174.7500,2.4000,0.6900,-9.4800
184986.0000,275.3750,13.6875,-174.7500,2.3900,0.6700,-9.5000
185008.0000,275.3750,13.6250,-174.7500,2.3900,0.6900,-9.4700
185014.0000,275.3125,13.6250,-174.7500,2.3900,0.6800,-9.4400
185080.0000,275.2500,13.6250,-174.7500,2.3800,0.7000,-9.4800
185084.0000,275.2500,13.6250,-174.7500,2.4100,0.7200,-9.4800
185150.0000,275.1875,13.6250,-174.6875,2.3700,0.6800,-9.4600
185156.0000,275.1875,13.6250,-174.6875,2.3700,0.6800,-9.4500
185201.0000,275.1250,13.6250,-174.6875,2.4000,0.6900,-9.5100
185225.0000,275.1875,13.6250,-174.7500,2.3800,0.6900,-9.4500
185229.0000,275.1875,13.6250,-174.7500,2.3800,0.6900,-9.4500
185295.0000,275.3125,13.6250,-174.7500,2.4200,0.6900,-9.5200
185299.0000,275.3125,13.6250,-174.7500,2.4200,0.6900,-9.5200
185346.0000,275.4375,13.6875,-174.8125,2.4300,0.7200,-9.5200
185368.0000,275.5000,13.6875,-174.8125,2.4500,0.7200,-9.4900
185372.0000,275.5000,13.6875,-174.8125,2.4500,0.7200,-9.4900
185438.0000,275.6250,13.6875,-174.9375,2.3900,0.6700,-9.4800
185442.0000,275.6250,13.6875,-174.9375,2.3900,0.6700,-9.4800
185489.0000,275.6875,13.6875,-174.9375,2.3800,0.6400,-9.4200
185513.0000,275.7500,13.6875,-174.9375,2.4000,0.6500,-9.4700
185518.0000,275.7500,13.6875,-174.9375,2.4000,0.6500,-9.4700
185564.0000,275.7500,13.6875,-174.9375,2.4000,0.6600,-9.4700
185587.0000,275.8125,13.6875,-174.9375,2.4000,0.6500,-9.4800
185591.0000,275.8125,13.6875,-174.9375,2.4000,0.6500,-9.4800
185659.0000,275.8750,13.6875,-175.0000,2.3900,0.6500,-9.4700
185663.0000,275.8750,13.6875,-175.0000,2.4000,0.6400,-9.4800
185711.0000,275.9375,13.6875,-175.0000,2.4000,0.6100,-9.4800
185735.0000,275.9375,13.6875,-175.0000,2.4100,0.6500,-9.4900
185739.0000,275.9375,13.6875,-175.0000,2.4100,0.6500,-9.4900
185806.0000,275.9375,13.6875,-175.0000,2.4000,0.6500,-9.5100
185810.0000,275.9375,13.6875,-175.0000,2.4000,0.6500,-9.5100
185857.0000,275.9375,13.6875,-175.0000,2.4300,0.6800,-9.5300
185879.0000,275.9375,13.6875,-175.0000,2.3900,0.6300,-9.4900
185883.0000,275.9375,13.6875,-175.0000,2.3900,0.6300,-9.4900
185951.0000,276.0000,13.7500,-175.0000,2.3900,0.6200,-9.4600
185957.0000,276.0000,13.7500,-175.0000,2.3800,0.6100,-9.4200
186002.0000,276.0000,13.7500,-175.0000,2.4300,0.6400,-9.5200
186026.0000,276.0000,13.7500,-175.0000,2.4300,0.6500,-9.4700
186031.0000,276.0000,13.7500,-175.0000,2.4300,0.6500,-9.4700
186098.0000,276.0000,13.7500,-174.9375,2.4400,0.6600,-9.5100
186102.0000,276.0000,13.7500,-174.9375,2.4400,0.6600,-9.5100
186149.0000,276.0000,13.7500,-174.9375,2.4100,0.6400,-9.4800
186171.0000,276.0000,13.7500,-174.9375,2.4100,0.6400,-9.4800
186175.0000,276.0000,13.7500,-174.9375,2.4100,0.6400,-9.4400
186222.0000,276.0000,13.7500,-174.9375,2.4000,0.6400,-9.4200
186244.0000,276.0000,13.7500,-174.9375,2.4200,0.6500,-9.4800
186250.0000,276.0000,13.7500,-174.9375,2.4200,0.6600,-9.4800
186295.0000,276.0000,13.7500,-174.9375,2.4000,0.6500,-9.4900
186318.0000,276.0000,13.7500,-174.9375,2.4200,0.6300,-9.4800
186322.0000,276.0000,13.7500,-174.9375,2.4200,0.6300,-9.4800
186368.0000,276.0000,13.7500,-174.9375,2.4200,0.6500,-9.4800
186390.0000,276.0000,13.7500,-174.9375,2.4100,0.6400,-9.4800
186394.0000,276.0000,13.7500,-174.9375,2.4100,0.6400,-9.4800
186462.0000,276.0000,13.7500,-174.9375,2.4100,0.6500,-9.4800
186467.0000,276.0000,13.7500,-174.9375,2.4200,0.6500,-9.4800
186514.0000,276.0000,13.7500,-174.9375,2.4000,0.6600,-9.4700
186538.0000,276.0000,13.7500,-174.9375,2.4200,0.6500,-9.4700
186542.0000,276.0000,13.7500,-174.9375,2.4200,0.6500,-9.4700
186609.0000,276.0000,13.7500,-174.9375,2.4200,0.6400,-9.4900
186613.0000,276.0000,13.7500,-174.9375,2.4200,0.6400,-9.4900
186660.0000,276.0000,13.7500,-174.9375,2.4400,0.6500,-9.4700
186682.0000,276.0000,13.7500,-174.9375,2.3600,0.6200,-9.4500
186688.0000,276.0000,13.7500,-174.9375,2.4300,0.6500,-9.4900
186754.0000,276.0000,13.7500,-174.9375,2.4500,0.6700,-9.4900
186760.0000,276.0000,13.7500,-174.9375,2.4300,0.6500,-9.4800
186805.0000,276.0000,13.7500,-174.9375,2.4000,0.6500,-9.4700
186829.0000,276.0000,13.6875,-174.9375,2.3900,0.6400,-9.4500
186833.0000,276.0000,13.6875,-174.9375,2.3900,0.6400,-9.4500
186901.0000,275.9375,13.6875,-174.9375,2.4100,0.6600,-9.4700
186905.0000,275.9375,13.6875,-174.9375,2.4100,0.6600,-9.4700
186953.0000,275.9375,13.6875,-174.9375,2.4200,0.6500,-9.4700
186976.0000,275.9375,13.6875,-174.9375,2.4100,0.6300,-9.4600
186982.0000,275.9375,13.6875,-174.9375,2.4100,0.6600,-9.4700
187027.0000,275.9375,13.6875,-174.9375,2.4200,0.6500,-9.4800
187050.0000,275.9375,13.6875,-174.9375,2.4100,0.6700,-9.4700
187054.0000,275.9375,13.6875,-174.9375,2.4100,0.6700,-9.4700
187102.0000,275.9375,13.6875,-174.9375,2.3800,0.6400,-9.4700
187125.0000,275.9375,13.6875,-174.8750,2.4100,0.6600,-9.4800
187129.0000,275.9375,13.6875,-174.8750,2.4200,0.6600,-9.4700
187195.0000,275.9375,13.6875,-174.9375,2.3900,0.6500,-9.4600
187201.0000,275.9375,13.6875,-174.9375,2.4100,0.6400,-9.5000
187247.0000,275.8750,13.6875,-174.9375,2.4000,0.6600,-9.5100
187270.0000,275.8125,13.6875,-174.9375,2.4100,0.6300,-9.4800
187274.0000,275.8125,13.6875,-174.9375,2.4100,0.6300,-9.4800
187340.0000,275.7500,13.6875,-174.8750,2.4000,0.6500,-9.4800
187344.0000,275.7500,13.6875,-174.8750,2.4000,0.6500,-9.4800
187392.0000,275.6250,13.6875,-174.8750,2.3800,0.6500,-9.4200
187414.0000,275.6250,13.6875,-174.8750,2.4100,0.6200,-9.4800
187418.0000,275.6250,13.6875,-174.8750,2.4600,0.7000,-9.5100
187465.0000,275.5625,13.6875,-174.8750,2.3700,0.6600,-9.4400
187489.0000,275.5000,13.6875,-174.9375,2.3500,0.6500,-9.4800
187493.0000,275.5000,13.6875,-174.9375,2.3900,0.6600,-9.4800
187539.0000,275.4375,13.6875,-174.9375,2.3900,0.6600,-9.4600
187561.0000,275.3750,13.6875,-174.8750,2.4300,0.6700,-9.5000
187565.0000,275.3750,13.6875,-174.8750,2.4300,0.6700,-9.5000
187613.0000,275.3125,13.7500,-174.8750,2.3100,0.6200,-9.4300
187635.0000,275.2500,13.7500,-174.8750,2.4300,0.6800,-9.4700
187639.0000,275.2500,13.7500,-174.8750,2.4300,0.6800,-9.4700
187705.0000,275.1250,13.7500,-174.8750,2.3800,0.6600,-9.4600
187710.0000,275.1250,13.7500,-174.8750,2.3900,0.6800,-9.4700
187756.0000,275.0625,13.7500,-174.8750,2.4000,0.6700,-9.4800
187780.0000,275.0625,13.7500,-174.8750,2.3800,0.7000,-9.4700
187784.0000,275.0000,13.7500,-174.8750,2.4100,0.7000,-9.4700
187830.0000,274.9375,13.7500,-174.8750,2.4000,0.7000,-9.4600
187852.0000,274.9375,13.7500,-174.8750,2.4100,0.7000,-9.4900
187856.0000,274.9375,13.7500,-174.8750,2.4100,0.7000,-9.4900
187904.0000,274.8750,13.7500,-174.9375,2.3900,0.7000,-9.4800
187926.0000,274.8750,13.7500,-174.9375,2.3600,0.7000,-9.4600
187930.0000,274.8750,13.7500,-174.9375,2.3500,0.7000,-9.4700
187977.0000,274.8750,13.7500,-174.9375,2.4500,0.7300,-9.5700
187999.0000,274.9375,13.7500,-174.9375,2.4000,0.7200,-9.4800
188004.0000,274.9375,13.7500,-174.9375,2.3500,0.6600,-9.4400
188050.0000,275.0000,13.7500,-175.0625,2.3700,0.6500,-9.4800
188073.0000,275.0625,13.7500,-175.1250,2.3800,0.6700,-9.4500
188077.0000,275.0625,13.7500,-175.1250,2.3800,0.6700,-9.4500
188143.0000,275.1250,13.8125,-175.1875,2.4000,0.6600,-9.5000
188147.0000,275.1250,13.8125,-175.1875,2.4000,0.6600,-9.5000
188194.0000,275.1875,13.8125,-175.1250,2.3800,0.6800,-9.5200
188217.0000,275.1875,13.8125,-175.1250,2.3600,0.6900,-9.5200
188222.0000,275.1875,13.8125,-175.1250,2.4000,0.6800,-9.4800
188268.0000,275.2500,13.8125,-175.1875,2.3700,0.6600,-9.4800
188292.0000,275.3125,13.8125,-175.1875,2.3800,0.6700,-9.4600
188296.0000,275.3125,13.8125,-175.1875,2.3800,0.6700,-9.4600
188343.0000,275.3750,13.8125,-175.2500,2.3800,0.6700,-9.4700
188365.0000,275.3750,13.8125,-175.2500,2.4000,0.6600,-9.5000
188369.0000,275.3750,13.8125,-175.2500,2.4000,0.6600,-9.5000
188417.0000,275.4375,13.8125,-175.2500,2.3800,0.6600,-9.4800
188441.0000,275.4375,13.8125,-175.2500,2.3700,0.6500,-9.4500
188446.0000,275.4375,13.8125,-175.2500,2.3700,0.6500,-9.4500
188492.0000,275.4375,13.8125,-175.2500,2.3800,0.6500,-9.4800
188515.0000,275.4375,13.8125,-175.2500,2.3700,0.6500,-9.4800
188519.0000,275.4375,13.8125,-175.2500,2.3700,0.6500,-9.4800
188566.0000,275.4375,13.8125,-175.2500,2.4000,0.6700,-9.4500
188589.0000,275.4375,13.8125,-175.2500,2.3900,0.6500,-9.4600
188595.0000,275.4375,13.8125,-175.2500,2.3800,0.6400,-9.4800
188641.0000,275.4375,13.8125,-175.2500,2.3900,0.6700,-9.4800
188664.0000,275.4375,13.8750,-175.2500,2.3800,0.6400,-9.4900
188668.0000,275.4375,13.8750,-175.2500,2.3800,0.6400,-9.4900
188716.0000,275.5000,13.8750,-175.2500,2.3900,0.6700,-9.5100
188738.0000,275.5000,13.8750,-175.3125,2.4300,0.6500,-9.4600
188742.0000,275.5000,13.8750,-175.3125,2.4400,0.6700,-9.4700
188788.0000,275.5625,13.8750,-175.3125,2.3700,0.6500,-9.4500
188812.0000,275.5625,13.8750,-175.3125,2.4200,0.6600,-9.4600
188817.0000,275.5625,13.8750,-175.3125,2.4200,0.6600,-9.4600
188884.0000,275.6250,13.8750,-175.2500,2.3700,0.6400,-9.4200
188888.0000,275.6250,13.8750,-175.2500,2.3700,0.6400,-9.4200
188934.0000,275.6250,13.8750,-175.2500,2.4200,0.6700,-9.5100
188957.0000,275.6250,13.8750,-175.2500,2.4200,0.6500,-9.4900
188961.0000,275.6250,13.8750,-175.2500,2.4200,0.6500,-9.4900
189008.0000,275.6250,13.8750,-175.2500,2.4100,0.6500,-9.5000
189032.0000,275.6250,13.8750,-175.2500,2.4200,0.6500,-9.4700
189037.0000,275.6250,13.8750,-175.2500,2.4200,0.6500,-9.4600
189083.0000,275.6250,13.8750,-175.2500,2.3900,0.6500,-9.4700
189106.0000,275.6250,13.8750,-175.2500,2.4200,0.6500,-9.4900
189110.0000,275.6250,13.8750,-175.2500,2.4200,0.6500,-9.4900
189157.0000,275.6250,13.8750,-175.2500,2.4100,0.6600,-9.4900
189180.0000,275.6250,13.8750,-175.2500,2.4100,0.6500,-9.4700
189184.0000,275.6250,13.8750,-175.2500,2.4200,0.6700,-9.4900
189230.0000,275.6250,13.8750,-175.2500,2.4100,0.6500,-9.4700
189252.0000,275.6250,13.8750,-175.2500,2.4300,0.6500,-9.4500
189258.0000,275.6250,13.8750,-175.2500,2.4000,0.6700,-9.5100
189303.0000,275.6250,13.8750,-175.2500,2.4200,0.6700,-9.5000
189326.0000,275.6250,13.8750,-175.2500,2.4100,0.6700,-9.4900
189330.0000,275.6250,13.8750,-175.2500,2.4100,0.6700,-9.4900
189396.0000,275.6250,13.8750,-175.2500,2.4200,0.6500,-9.4700
189400.0000,275.6250,13.8750,-175.2500,2.4200,0.6500,-9.4700
189448.0000,275.6250,13.8750,-175.2500,2.4300,0.6500,-9.4200
189470.0000,275.6250,13.8750,-175.2500,2.3900,0.6300,-9.4600
189475.0000,275.6250,13.8750,-175.2500,2.4000,0.6500,-9.5100
189521.0000,275.6250,13.8750,-175.2500,2.4100,0.6500,-9.4200
189545.0000,275.6250,13.8750,-175.2500,2.4300,0.6600,-9.4800
189550.0000,275.6250,13.8750,-175.2500,2.4300,0.6600,-9.4800
189617.0000,275.6250,13.8750,-175.1875,2.3800,0.6300,-9.4000
189621.0000,275.6250,13.8750,-175.1875,2.3800,0.6300,-9.4000
189669.0000,275.6250,13.8750,-175.1875,2.4100,0.6700,-9.4500
189691.0000,275.6250,13.8750,-175.1875,2.3900,0.6500,-9.4700
189697.0000,275.6250,13.8750,-175.1875,2.3900,0.6600,-9.4700
189743.0000,275.6250,13.8750,-175.1875,2.4200,0.6500,-9.4600
189767.0000,275.6250,13.8750,-175.1875,2.4100,0.6600,-9.4700
189771.0000,275.6250,13.8750,-175.1875,2.4100,0.6600,-9.4700
189838.0000,275.6250,13.8750,-175.1875,2.4000,0.6500,-9.4800
189842.0000,275.6250,13.8750,-175.1875,2.4000,0.6500,-9.4800
189890.0000,275.6250,13.8750,-175.1875,2.4000,0.6500,-9.4600
189912.0000,275.6250,13.8750,-175.1875,2.3900,0.6400,-9.4700
189918.0000,275.6250,13.8750,-175.1875,2.4000,0.6400,-9.4700
189984.0000,275.5625,13.8750,-175.1875,2.4000,0.6500,-9.4500
189989.0000,275.5625,13.8750,-175.1875,2.4000,0.6500,-9.4500
190035.0000,275.5625,13.8750,-175.1875,2.3600,0.6500,-9.4400
190057.0000,275.5000,13.8750,-175.1875,2.4200,0.6400,-9.4800
190061.0000,275.5000,13.8750,-175.1875,2.4200,0.6400,-9.4800
190129.0000,275.4375,13.8750,-175.1875,2.4100,0.6500,-9.4800
190133.0000,275.4375,13.8750,-175.1875,2.4100,0.6500,-9.4800
190199.0000,275.3125,13.8125,-175.1250,2.4300,0.6700,-9.4600
190203.0000,275.3125,13.8125,-175.1250,2.4300,0.6700,-9.4600
190251.0000,275.3125,13.8125,-175.1875,2.4300,0.6600,-9.4400
190273.0000,275.2500,13.8125,-175.1250,2.3400,0.6300,-9.4600
190279.0000,275.2500,13.8125,-175.1250,2.4100,0.6700,-9.4700
190325.0000,275.1875,13.8125,-175.1250,2.4200,0.6700,-9.4400
190349.0000,275.1250,13.8125,-175.1250,2.4300,0.6600,-9.5000
190353.0000,275.1250,13.8125,-175.1250,2.4300,0.6600,-9.5000
190420.0000,275.0000,13.8125,-175.0625,2.3600,0.6700,-9.4500
190424.0000,275.0000,13.8125,-175.0625,2.3600,0.6700,-9.4500
190492.0000,274.8750,13.8125,-175.0625,2.3900,0.6900,-9.4700
190496.0000,274.8750,13.8125,-175.0625,2.3900,0.6900,-9.4700
190542.0000,274.8125,13.8125,-175.0000,2.4000,0.6700,-9.4500
190564.0000,274.7500,13.8125,-175.0000,2.3700,0.6800,-9.4800
190570.0000,274.7500,13.8125,-175.0000,2.4000,0.6800,-9.4700
190616.0000,274.6875,13.8125,-175.0000,2.4000,0.7000,-9.4700
190639.0000,274.6875,13.8125,-175.0000,2.3800,0.6900,-9.4500
190643.0000,274.6875,13.8125,-175.0000,2.3800,0.6900,-9.4500
190691.0000,274.6250,13.7500,-175.0000,2.3900,0.7200,-9.4700
190713.0000,274.6250,13.7500,-175.0000,2.3700,0.7000,-9.4800
190719.0000,274.6250,13.7500,-175.0000,2.3600,0.6900,-9.4700
190764.0000,274.6250,13.7500,-174.9375,2.4300,0.7000,-9.5400
190788.0000,274.6875,13.8125,-175.0000,2.4000,0.7000,-9.4800
190793.0000,274.6875,13.8125,-175.0000,2.4000,0.7000,-9.4800
190838.0000,274.7500,13.8125,-175.0625,2.3600,0.6500,-9.4500
190861.0000,274.8125,13.8125,-175.1250,2.3700,0.6500,-9.5000
190865.0000,274.8125,13.8125,-175.1250,2.3700,0.6500,-9.5000
190912.0000,274.8750,13.8125,-175.1250,2.3900,0.6600,-9.4800
190935.0000,274.9375,13.8125,-175.1250,2.4200,0.6900,-9.5200
190939.0000,274.9375,13.8125,-175.1250,2.2200,0.6000,-9.3800
191005.0000,274.9375,13.8125,-175.1250,2.4100,0.6800,-9.4900
191011.0000,275.0000,13.8125,-175.1250,2.4000,0.6900,-9.4900
191056.0000,275.0625,13.8125,-175.1250,2.3500,0.6500,-9.4700
191080.0000,275.0625,13.8125,-175.1250,2.4000,0.6500,-9.4500
191084.0000,275.0625,13.8125,-175.1250,2.4000,0.6500,-9.4500
191150.0000,275.1250,13.8125,-175.1875,2.3900,0.6400,-9.4400
191154.0000,275.1250,13.8125,-175.1875,2.3900,0.6400,-9.4400
191201.0000,275.1875,13.8125,-175.1875,2.3900,0.6600,-9.4800
191223.0000,275.1875,13.8125,-175.1875,2.3700,0.6500,-9.4600
191228.0000,275.1875,13.8125,-175.1875,2.3700,0.6500,-9.4800
191275.0000,275.1875,13.8125,-175.1875,2.3900,0.6600,-9.4800
191299.0000,275.1875,13.8125,-175.1875,2.4000,0.6700,-9.4800
191304.0000,275.1875,13.8125,-175.1875,2.4000,0.6700,-9.4800
191351.0000,275.2500,13.8125,-175.1875,2.4000,0.6500,-9.5100
191373.0000,275.2500,13.8125,-175.1875,2.3900,0.6400,-9.4600
191377.0000,275.2500,13.8125,-175.1875,2.3900,0.6400,-9.4600
191424.0000,275.2500,13.8125,-175.1875,2.4000,0.6500,-9.5500
191447.0000,275.3125,13.8125,-175.1875,2.4500,0.6500,-9.4700
191453.0000,275.3125,13.8125,-175.1875,2.4300,0.6500,-9.5000
191499.0000,275.3125,13.8125,-175.1875,2.3900,0.6400,-9.4300
191522.0000,275.3125,13.8125,-175.1875,2.4300,0.6500,-9.4700
191526.0000,275.3125,13.8125,-175.1875,2.4300,0.6500,-9.4700
191594.0000,275.3125,13.8125,-175.1875,2.3800,0.6500,-9.4600
191598.0000,275.3125,13.8125,-175.1875,2.3800,0.6500,-9.4600
191645.0000,275.3125,13.8125,-175.1250,2.4300,0.6700,-9.5000
191669.0000,275.3125,13.8125,-175.1250,2.4000,0.6400,-9.4700
191674.0000,275.3125,13.8125,-175.1250,2.4000,0.6400,-9.4700
191741.0000,275.3125,13.8125,-175.1250,2.4100,0.6500,-9.4600
191745.0000,275.3125,13.8125,-175.1250,2.4100,0.6500,-9.4600
191813.0000,275.3125,13.8125,-175.1250,2.4100,0.6400,-9.5300
191817.0000,275.3125,13.8125,-175.1250,2.4100,0.6400,-9.5300
191864.0000,275.3125,13.8125,-175.1250,2.3900,0.6700,-9.4800
191887.0000,275.3125,13.8125,-175.1250,2.4000,0.6600,-9.4800
191891.0000,275.3125,13.8125,-175.1250,2.3900,0.6400,-9.4600
191937.0000,275.3125,13.8125,-175.1250,2.3900,0.6500,-9.4700
191959.0000,275.3125,13.8125,-175.1250,2.4100,0.6500,-9.4700
191965.0000,275.3125,13.8125,-175.1250,2.4100,0.6400,-9.4900
192011.0000,275.3125,13.8125,-175.1250,2.4100,0.6500,-9.4800
192034.0000,275.3125,13.8125,-175.1250,2.4100,0.6400,-9.4800
192038.0000,275.3125,13.8125,-175.1250,2.4100,0.6400,-9.4800
192083.0000,275.3125,13.8125,-175.1250,2.3900,0.6200,-9.4800
192105.0000,275.3125,13.8125,-175.1250,2.3900,0.6400,-9.4200
192110.0000,275.3125,13.8125,-175.1250,2.4100,0.6400,-9.4800
192177.0000,275.3125,13.8125,-175.1250,2.4100,0.6700,-9.4700
192183.0000,275.3125,13.8125,-175.1250,2.3700,0.6400,-9.4300
192229.0000,275.3125,13.8125,-175.1250,2.3800,0.6500,-9.4300
192253.0000,275.3125,13.8125,-175.1250,2.4300,0.6500,-9.4800
192257.0000,275.3125,13.8125,-175.1250,2.4300,0.6500,-9.4800
192324.0000,275.3125,13.8125,-175.1250,2.3900,0.6400,-9.4700
192328.0000,275.3125,13.8125,-175.1250,2.3900,0.6400,-9.4700
192376.0000,275.3125,13.8125,-175.1250,2.4600,0.6900,-9.5000
192398.0000,275.3125,13.8125,-175.1250,2.4000,0.6500,-9.4900
192403.0000,275.3125,13.8125,-175.1250,2.4300,0.6600,-9.4800
192469.0000,275.3125,13.8125,-175.1250,2.4000,0.6400,-9.4600
192475.0000,275.3125,13.8125,-175.1250,2.4100,0.6400,-9.4800
192520.0000,275.3125,13.8125,-175.1250,2.4000,0.6700,-9.5100
192544.0000,275.3125,13.8125,-175.1250,2.4200,0.6400,-9.5000
192548.0000,275.3125,13.8125,-175.1250,2.4200,0.6400,-9.5000
192616.0000,275.3125,13.8125,-175.1250,2.4200,0.6500,-9.4900
192620.0000,275.3125,13.8125,-175.1250,2.4200,0.6500,-9.4900
192667.0000,275.3125,13.8125,-175.1250,2.4200,0.6700,-9.4800
192691.0000,275.3125,13.8125,-175.1250,2.4100,0.6600,-9.4500
192696.0000,275.3125,13.8125,-175.1250,2.4000,0.6500,-9.4800
192762.0000,275.3125,13.8125,-175.1250,2.4100,0.6700,-9.4800
192767.0000,275.3125,13.8125,-175.1250,2.4100,0.6700,-9.4800
192833.0000,275.3125,13.8125,-175.1250,2.4300,0.6500,-9.4600
192838.0000,275.3125,13.8125,-175.1250,2.4300,0.6500,-9.4600
192883.0000,275.3125,13.8125,-175.1250,2.4300,0.6500,-9.4600
192906.0000,275.3125,13.8125,-175.1250,2.4400,0.6600,-9.4700
192910.0000,275.3125,13.8125,-175.1250,2.4400,0.6600,-9.4700
192978.0000,275.2500,13.8125,-175.1250,2.4200,0.6400,-9.4300
192983.0000,275.2500,13.8125,-175.1250,2.4100,0.6400,-9.4800
193050.0000,275.1250,13.8125,-175.1250,2.3800,0.6400,-9.4500
193056.0000,275.1250,13.8125,-175.0625,2.3800,0.6500,-9.4800
193101.0000,275.0625,13.8125,-175.0625,2.4100,0.6800,-9.4700
193124.0000,275.0000,13.8125,-175.0625,2.3900,0.6800,-9.5000
193128.0000,275.0000,13.8125,-175.0625,2.3900,0.6800,-9.5000
193175.0000,274.9375,13.8125,-175.0625,2.3800,0.6500,-9.4600
193197.0000,274.8750,13.8125,-175.0625,2.4100,0.6500,-9.4500
193201.0000,274.8750,13.8125,-175.0625,2.4100,0.6500,-9.4500
193267.0000,274.8125,13.7500,-175.0000,2.3800,0.6700,-9.4700
193271.0000,274.8125,13.7500,-175.0000,2.3800,0.6700,-9.4700
193319.0000,274.6875,13.7500,-175.0000,2.3700,0.6500,-9.4700
193341.0000,274.6875,13.7500,-175.0000,2.4000,0.6800,-9.5000
193345.0000,274.6875,13.7500,-175.0000,2.4000,0.6900,-9.4700
193391.0000,274.5625,13.7500,-175.0000,2.4200,0.7000,-9.4700
193413.0000,274.5625,13.7500,-174.9375,2.3800,0.6800,-9.4600
193419.0000,274.5000,13.7500,-174.9375,2.3700,0.6600,-9.4600
193485.0000,274.4375,13.7500,-174.9375,2.3400,0.6700,-9.4300
193490.0000,274.4375,13.7500,-174.9375,2.3400,0.6700,-9.4300
193535.0000,274.4375,13.7500,-174.9375,2.3500,0.6900,-9.4300
193558.0000,274.3750,13.7500,-174.9375,2.3900,0.6900,-9.4700
193562.0000,274.3750,13.7500,-174.9375,2.3900,0.6900,-9.4700
193610.0000,274.3125,13.7500,-174.8750,2.3900,0.7300,-9.4600
193633.0000,274.3125,13.7500,-174.8750,2.3200,0.6800,-9.4300
193639.0000,274.3125,13.7500,-174.8750,2.4300,0.7000,-9.4400
193705.0000,274.3125,13.7500,-174.8125,2.3800,0.7100,-9.4800
193710.0000,274.3125,13.7500,-174.8125,2.3800,0.7100,-9.4800
193756.0000,274.3750,13.7500,-174.8750,2.3800,0.7000,-9.4900
193779.0000,274.3750,13.7500,-174.9375,2.3700,0.6700,-9.4900
193783.0000,274.3750,13.7500,-174.9375,2.3700,0.6700,-9.4900
193850.0000,274.4375,13.7500,-175.0000,2.3400,0.6500,-9.4800
193854.0000,274.4375,13.7500,-175.0000,2.3400,0.6500,-9.4800
193900.0000,274.5000,13.7500,-175.0000,2.3800,0.6600,-9.4800
193922.0000,274.5625,13.7500,-175.0000,2.3500,0.6600,-9.4800
193928.0000,274.5625,13.7500,-175.0000,2.3900,0.6700,-9.4800
193994.0000,274.6250,13.7500,-175.0000,2.3700,0.6700,-9.4900
193998.0000,274.6250,13.7500,-175.0000,2.4100,0.6600,-9.4900
194043.0000,274.6875,13.7500,-175.0625,2.3800,0.6500,-9.4800
194066.0000,274.6875,13.7500,-175.0625,2.3400,0.6500,-9.4400
194071.0000,274.6875,13.7500,-175.0625,2.3400,0.6500,-9.4400
194137.0000,274.7500,13.7500,-175.0625,2.3900,0.6500,-9.4800
194142.0000,274.7500,13.7500,-175.0625,2.3900,0.6500,-9.4800
194187.0000,274.8125,13.7500,-175.0625,2.3800,0.6500,-9.4600
194210.0000,274.8125,13.7500,-175.0625,2.4000,0.6700,-9.5100
194214.0000,274.8125,13.7500,-175.0625,2.4000,0.6700,-9.5100
194262.0000,274.8125,13.7500,-175.0625,2.4000,0.6700,-9.4800
194285.0000,274.8125,13.7500,-175.0625,2.3600,0.6500,-9.4900
194291.0000,274.8750,13.7500,-175.0625,2.3900,0.6600,-9.4600
194356.0000,274.8750,13.7500,-175.0625,2.3900,0.6400,-9.4800
194361.0000,274.8750,13.7500,-175.0625,2.3900,0.6400,-9.4800
194408.0000,274.9375,13.7500,-175.0625,2.3900,0.6500,-9.4700
194430.0000,274.9375,13.7500,-175.0625,2.4000,0.6500,-9.4700
194434.0000,274.9375,13.7500,-175.0625,2.4000,0.6500,-9.4700
194502.0000,274.9375,13.7500,-175.0625,2.4100,0.6600,-9.4600
194506.0000,274.9375,13.7500,-175.0625,2.4100,0.6600,-9.4600
194553.0000,275.0000,13.8125,-175.1250,2.3800,0.6600,-9.4600
194577.0000,275.0000,13.8125,-175.1250,2.4100,0.6400,-9.4900
194582.0000,275.0000,13.8125,-175.1250,2.4100,0.6400,-9.4900
194628.0000,275.0000,13.8125,-175.1250,2.3700,0.6500,-9.4800
194651.0000,275.0000,13.8125,-175.1250,2.4000,0.6600,-9.4800
194655.0000,275.0000,13.8125,-175.1250,2.4000,0.6600,-9.4800
194723.0000,275.0000,13.8125,-175.1250,2.4000,0.6500,-9.4600
194727.0000,275.0000,13.8125,-175.1250,2.4100,0.6500,-9.4800
