1862448.0,453.0,510.0,605.0
1862468.0,449.0,504.0,597.0
1862488.0,454.0,508.0,604.0
1862508.0,452.0,509.0,603.0
1862528.0,454.0,510.0,603.0
1862548.0,458.0,514.0,610.0
1862568.0,453.0,509.0,604.0
1862588.0,452.0,509.0,604.0
1862608.0,452.0,508.0,604.0
1862628.0,461.0,516.0,614.0
1862648.0,455.0,509.0,604.0
1862668.0,460.0,516.0,610.0
1862688.0,454.0,511.0,606.0
1862708.0,451.0,510.0,603.0
1862728.0,453.0,509.0,603.0
1862748.0,451.0,504.0,598.0
1862768.0,455.0,508.0,604.0
1862788.0,456.0,514.0,609.0
1862808.0,454.0,510.0,605.0
1862828.0,453.0,509.0,605.0
1862848.0,451.0,507.0,607.0
1862868.0,454.0,508.0,604.0
1862888.0,452.0,509.0,605.0
1862908.0,448.0,502.0,597.0
1862928.0,458.0,514.0,608.0
1862948.0,453.0,509.0,605.0
1862968.0,452.0,509.0,604.0
1862988.0,452.0,509.0,605.0
1863008.0,460.0,515.0,611.0
1863028.0,454.0,509.0,603.0
1863048.0,458.0,515.0,610.0
1863068.0,454.0,512.0,605.0
1863088.0,453.0,509.0,603.0
1863108.0,454.0,508.0,603.0
1863128.0,451.0,505.0,600.0
1863148.0,453.0,510.0,604.0
1863168.0,455.0,512.0,608.0
1863188.0,453.0,509.0,604.0
1863208.0,453.0,510.0,604.0
1863228.0,462.0,518.0,613.0
1863248.0,454.0,509.0,603.0
1863268.0,455.0,509.0,603.0
1863288.0,465.0,521.0,619.0
1863308.0,455.0,511.0,607.0
1863328.0,453.0,509.0,605.0
1863348.0,454.0,509.0,604.0
1863368.0,454.0,509.0,604.0
1863388.0,454.0,510.0,603.0
1863408.0,454.0,509.0,604.0
1863428.0,457.0,513.0,610.0
1863448.0,454.0,510.0,605.0
1863468.0,452.0,509.0,603.0
1863488.0,453.0,508.0,605.0
1863508.0,452.0,505.0,601.0
1863528.0,455.0,510.0,603.0
1863548.0,454.0,512.0,606.0
1863568.0,453.0,509.0,604.0
1863588.0,454.0,510.0,605.0
1863608.0,461.0,517.0,613.0
1863627.0,455.0,510.0,604.0
1863647.0,455.0,509.0,604.0
1863667.0,464.0,520.0,618.0
1863687.0,454.0,512.0,607.0
1863707.0,453.0,511.0,605.0
1863727.0,456.0,509.0,603.0
1863747.0,456.0,509.0,606.0
1863767.0,456.0,507.0,606.0
1863787.0,454.0,506.0,606.0
1863807.0,454.0,510.0,607.0
1863827.0,453.0,509.0,607.0
1863847.0,450.0,509.0,604.0
1863867.0,452.0,509.0,603.0
1863887.0,453.0,505.0,601.0
1863907.0,458.0,507.0,603.0
1863927.0,461.0,508.0,609.0
1863947.0,460.0,504.0,606.0
1863967.0,461.0,505.0,605.0
1863987.0,467.0,510.0,613.0
1864007.0,461.0,503.0,607.0
1864027.0,461.0,502.0,607.0
1864047.0,471.0,509.0,620.0
1864067.0,464.0,500.0,611.0
1864087.0,447.0,481.0,591.0
1864107.0,463.0,497.0,612.0
1864127.0,462.0,497.0,612.0
1864147.0,461.0,498.0,612.0
1864167.0,463.0,500.0,609.0
1864187.0,466.0,501.0,611.0
1864207.0,462.0,501.0,613.0
1864227.0,462.0,499.0,609.0
1864247.0,464.0,494.0,607.0
1864268.0,458.0,486.0,605.0
1864287.0,458.0,483.0,608.0
1864307.0,458.0,486.0,615.0
1864327.0,458.0,487.0,614.0
1864347.0,457.0,485.0,614.0
1864367.0,465.0,495.0,619.0
1864387.0,464.0,495.0,612.0
1864407.0,464.0,498.0,611.0
1864427.0,472.0,507.0,616.0
1864447.0,467.0,498.0,609.0
1864467.0,456.0,482.0,589.0
1864487.0,464.0,491.0,609.0
1864507.0,460.0,490.0,610.0
1864527.0,460.0,501.0,610.0
1864547.0,458.0,511.0,607.0
1864567.0,466.0,514.0,606.0
1864587.0,448.0,481.0,583.0
1864607.0,469.0,504.0,607.0
1864627.0,477.0,514.0,607.0
1864647.0,479.0,526.0,601.0
1864667.0,480.0,536.0,600.0
1864687.0,470.0,541.0,597.0
1864707.0,458.0,552.0,602.0
1864727.0,452.0,554.0,604.0
1864747.0,461.0,543.0,620.0
1864767.0,461.0,512.0,616.0
1864787.0,467.0,498.0,619.0
1864807.0,479.0,493.0,628.0
1864827.0,473.0,474.0,614.0
1864847.0,478.0,473.0,610.0
1864867.0,474.0,472.0,609.0
1864887.0,466.0,475.0,619.0
1864907.0,464.0,477.0,623.0
1864927.0,466.0,474.0,621.0
1864947.0,471.0,472.0,609.0
1864967.0,458.0,457.0,583.0
1864987.0,469.0,478.0,601.0
1865007.0,463.0,481.0,605.0
1865027.0,459.0,479.0,607.0
1865047.0,462.0,479.0,614.0
1865067.0,468.0,477.0,612.0
1865087.0,469.0,481.0,614.0
1865107.0,465.0,491.0,606.0
1865127.0,461.0,496.0,599.0
1865147.0,470.0,503.0,606.0
1865167.0,472.0,493.0,599.0
1865187.0,485.0,483.0,598.0
1865207.0,483.0,471.0,590.0
1865227.0,488.0,468.0,598.0
1865247.0,473.0,451.0,594.0
1865267.0,459.0,433.0,600.0
1865287.0,455.0,431.0,613.0
1865307.0,459.0,436.0,616.0
1865327.0,459.0,443.0,620.0
1865347.0,449.0,439.0,594.0
1865367.0,459.0,464.0,602.0
1865387.0,456.0,476.0,597.0
1865407.0,452.0,490.0,595.0
1865427.0,453.0,512.0,599.0
1865447.0,454.0,522.0,598.0
1865467.0,448.0,500.0,569.0
1865487.0,459.0,507.0,586.0
1865506.0,453.0,504.0,589.0
1865526.0,459.0,509.0,594.0
1865546.0,470.0,513.0,599.0
1865566.0,480.0,517.0,615.0
1865586.0,475.0,510.0,614.0
1865606.0,469.0,512.0,622.0
1865626.0,440.0,493.0,600.0
1865646.0,449.0,511.0,616.0
1865666.0,446.0,511.0,614.0
1865686.0,458.0,510.0,616.0
1865706.0,465.0,502.0,618.0
1865726.0,468.0,499.0,615.0
1865746.0,461.0,504.0,608.0
1865766.0,460.0,506.0,610.0
1865786.0,462.0,503.0,604.0
1865806.0,466.0,507.0,601.0
1865826.0,456.0,511.0,595.0
1865846.0,440.0,493.0,577.0
1865866.0,457.0,506.0,601.0
1865886.0,466.0,509.0,604.0
1865906.0,449.0,518.0,592.0
1865926.0,434.0,505.0,633.0
1865946.0,433.0,496.0,646.0
1865966.0,434.0,490.0,640.0
1865986.0,449.0,497.0,625.0
1866007.0,442.0,487.0,589.0
1866026.0,466.0,502.0,599.0
1866046.0,475.0,507.0,599.0
1866066.0,474.0,504.0,607.0
1866086.0,469.0,502.0,610.0
1866106.0,469.0,500.0,615.0
1866126.0,463.0,494.0,611.0
1866146.0,463.0,494.0,608.0
1866166.0,464.0,495.0,607.0
1866186.0,465.0,500.0,611.0
1866206.0,459.0,500.0,612.0
1866226.0,447.0,487.0,593.0
1866246.0,459.0,502.0,610.0
1866266.0,458.0,500.0,607.0
1866286.0,461.0,499.0,611.0
1866306.0,460.0,499.0,609.0
1866326.0,466.0,507.0,616.0
1866346.0,446.0,486.0,587.0
1866366.0,467.0,509.0,612.0
1866387.0,453.0,497.0,595.0
1866406.0,461.0,506.0,607.0
1866426.0,460.0,503.0,608.0
1866446.0,461.0,502.0,612.0
1866466.0,462.0,505.0,612.0
1866486.0,467.0,510.0,615.0
1866506.0,461.0,507.0,608.0
1866526.0,461.0,510.0,608.0
1866546.0,462.0,508.0,608.0
1866566.0,461.0,508.0,609.0
1866586.0,459.0,508.0,609.0
1866606.0,467.0,511.0,613.0
1866626.0,461.0,509.0,608.0
1866646.0,462.0,507.0,609.0
1866666.0,463.0,508.0,610.0
1866686.0,462.0,509.0,610.0
1866706.0,464.0,513.0,614.0
1866726.0,445.0,492.0,588.0
1866746.0,464.0,511.0,612.0
1866766.0,453.0,497.0,596.0
1866786.0,461.0,510.0,609.0
1866806.0,460.0,508.0,610.0
1866826.0,463.0,508.0,610.0
1866846.0,464.0,509.0,610.0
1866866.0,466.0,512.0,613.0
1866886.0,462.0,508.0,609.0
1866906.0,462.0,508.0,609.0
1866926.0,462.0,507.0,607.0
1866946.0,462.0,509.0,609.0
1866966.0,459.0,507.0,609.0
1866986.0,469.0,515.0,617.0
1867006.0,461.0,509.0,610.0
1867026.0,460.0,507.0,608.0
1867046.0,462.0,508.0,609.0
1867066.0,461.0,507.0,609.0
1867086.0,464.0,512.0,616.0
1867106.0,467.0,511.0,616.0
1867126.0,464.0,512.0,628.0
1867146.0,445.0,498.0,613.0
1867166.0,445.0,509.0,646.0
1867186.0,419.0,508.0,657.0
1867206.0,405.0,511.0,627.0
1867226.0,406.0,489.0,594.0
1867246.0,428.0,522.0,649.0
1867266.0,429.0,520.0,623.0
1867286.0,437.0,521.0,616.0
1867306.0,437.0,524.0,608.0
1867326.0,443.0,523.0,601.0
1867346.0,445.0,524.0,596.0
1867365.0,457.0,528.0,599.0
1867385.0,454.0,514.0,588.0
1867405.0,460.0,509.0,583.0
1867425.0,469.0,505.0,581.0
1867445.0,475.0,498.0,582.0
1867465.0,485.0,498.0,585.0
1867485.0,493.0,497.0,598.0
1867505.0,496.0,491.0,603.0
1867525.0,495.0,481.0,596.0
1867545.0,509.0,497.0,608.0
1867565.0,505.0,502.0,612.0
1867585.0,495.0,502.0,617.0
1867605.0,471.0,484.0,605.0
1867625.0,483.0,502.0,626.0
1867645.0,479.0,495.0,613.0
1867665.0,480.0,489.0,604.0
1867685.0,477.0,484.0,596.0
1867705.0,485.0,481.0,595.0
1867725.0,479.0,459.0,590.0
1867745.0,509.0,482.0,620.0
1867765.0,490.0,482.0,625.0
1867785.0,478.0,490.0,627.0
1867805.0,475.0,512.0,621.0
1867825.0,478.0,514.0,613.0
1867845.0,481.0,499.0,607.0
1867865.0,479.0,476.0,614.0
1867885.0,480.0,460.0,637.0
1867905.0,491.0,472.0,628.0
1867925.0,502.0,508.0,634.0
1867945.0,493.0,526.0,622.0
1867965.0,494.0,533.0,611.0
1867985.0,502.0,543.0,610.0
1868005.0,501.0,548.0,608.0
1868025.0,493.0,542.0,613.0
1868045.0,493.0,533.0,616.0
1868065.0,493.0,520.0,617.0
1868085.0,488.0,512.0,619.0
1868105.0,479.0,498.0,601.0
1868125.0,498.0,530.0,626.0
1868145.0,485.0,536.0,616.0
1868165.0,481.0,534.0,620.0
1868185.0,478.0,529.0,618.0
1868205.0,480.0,519.0,622.0
1868225.0,487.0,513.0,624.0
1868245.0,495.0,516.0,618.0
1868265.0,491.0,515.0,609.0
1868285.0,487.0,512.0,601.0
1868305.0,498.0,521.0,624.0
1868325.0,496.0,519.0,636.0
1868345.0,485.0,513.0,630.0
1868365.0,485.0,512.0,633.0
1868385.0,484.0,506.0,619.0
1868405.0,483.0,493.0,602.0
1868425.0,494.0,498.0,617.0
1868445.0,492.0,497.0,615.0
1868465.0,491.0,491.0,619.0
1868485.0,505.0,487.0,625.0
1868505.0,519.0,487.0,619.0
1868525.0,517.0,488.0,619.0
1868545.0,505.0,494.0,626.0
1868565.0,491.0,502.0,623.0
1868585.0,489.0,508.0,624.0
1868605.0,478.0,488.0,607.0
1868625.0,504.0,503.0,636.0
1868645.0,499.0,490.0,623.0
1868665.0,501.0,486.0,617.0
1868685.0,505.0,488.0,617.0
1868705.0,511.0,491.0,609.0
1868725.0,513.0,496.0,614.0
1868745.0,514.0,501.0,621.0
1868765.0,499.0,500.0,622.0
1868785.0,482.0,488.0,613.0
1868805.0,488.0,494.0,624.0
1868825.0,482.0,490.0,633.0
1868845.0,477.0,485.0,635.0
1868865.0,490.0,493.0,639.0
1868885.0,489.0,481.0,628.0
1868905.0,475.0,480.0,630.0
1868925.0,484.0,488.0,612.0
1868945.0,502.0,509.0,618.0
1868965.0,487.0,509.0,609.0
1868985.0,493.0,504.0,600.0
1869005.0,481.0,510.0,615.0
1869025.0,458.0,481.0,618.0
1869045.0,460.0,465.0,620.0
1869065.0,475.0,453.0,624.0
1869085.0,481.0,447.0,621.0
1869105.0,487.0,448.0,623.0
1869125.0,496.0,460.0,610.0
1869145.0,493.0,468.0,596.0
1869165.0,492.0,462.0,581.0
1869185.0,492.0,456.0,594.0
1869205.0,487.0,446.0,592.0
1869225.0,489.0,438.0,591.0
1869244.0,490.0,441.0,609.0
1869264.0,485.0,435.0,608.0
1869284.0,488.0,441.0,611.0
1869304.0,486.0,448.0,611.0
1869324.0,496.0,468.0,628.0
1869344.0,499.0,496.0,629.0
1869364.0,512.0,498.0,632.0
1869384.0,502.0,493.0,624.0
1869404.0,489.0,484.0,614.0
1869424.0,489.0,487.0,611.0
1869444.0,487.0,490.0,602.0
1869464.0,496.0,498.0,614.0
1869484.0,494.0,498.0,619.0
1869504.0,495.0,493.0,624.0
1869524.0,492.0,482.0,623.0
1869544.0,483.0,474.0,616.0
1869564.0,488.0,487.0,622.0
1869584.0,489.0,484.0,619.0
1869604.0,491.0,479.0,618.0
1869624.0,498.0,482.0,626.0
1869644.0,485.0,480.0,618.0
1869664.0,489.0,485.0,620.0
1869684.0,488.0,485.0,623.0
1869704.0,495.0,493.0,630.0
1869724.0,483.0,481.0,610.0
1869744.0,488.0,478.0,622.0
1869764.0,489.0,480.0,624.0
1869784.0,501.0,481.0,626.0
1869804.0,489.0,481.0,620.0
1869824.0,473.0,473.0,607.0
1869844.0,471.0,475.0,613.0
1869864.0,482.0,470.0,615.0
1869884.0,481.0,478.0,613.0
1869904.0,482.0,477.0,608.0
1869924.0,482.0,465.0,599.0
1869944.0,499.0,465.0,629.0
1869964.0,512.0,474.0,637.0
1869984.0,517.0,487.0,637.0
1870004.0,524.0,505.0,632.0
1870024.0,517.0,511.0,609.0
1870044.0,522.0,520.0,602.0
1870064.0,520.0,528.0,604.0
1870084.0,525.0,535.0,624.0
1870104.0,515.0,518.0,622.0
1870124.0,513.0,518.0,639.0
1870144.0,497.0,499.0,637.0
1870164.0,493.0,483.0,639.0
1870184.0,495.0,475.0,624.0
1870204.0,489.0,481.0,607.0
1870224.0,477.0,491.0,617.0
1870244.0,480.0,494.0,629.0
1870264.0,502.0,485.0,643.0
1870284.0,520.0,494.0,628.0
1870304.0,508.0,485.0,614.0
1870324.0,488.0,480.0,620.0
1870344.0,477.0,482.0,618.0
1870364.0,480.0,491.0,615.0
1870384.0,501.0,506.0,622.0
1870404.0,504.0,508.0,618.0
1870424.0,507.0,502.0,611.0
1870444.0,501.0,500.0,613.0
1870464.0,505.0,504.0,627.0
1870484.0,502.0,496.0,616.0
1870504.0,508.0,494.0,619.0
1870524.0,502.0,481.0,615.0
1870544.0,502.0,479.0,620.0
1870564.0,496.0,482.0,618.0
1870584.0,479.0,485.0,617.0
1870604.0,475.0,491.0,626.0
1870624.0,481.0,492.0,628.0
1870644.0,486.0,488.0,642.0
1870664.0,497.0,504.0,644.0
1870684.0,506.0,538.0,644.0
1870704.0,496.0,539.0,619.0
1870724.0,500.0,540.0,604.0
1870744.0,504.0,538.0,591.0
1870764.0,511.0,552.0,608.0
1870784.0,502.0,548.0,607.0
1870804.0,485.0,554.0,602.0
1870824.0,476.0,545.0,610.0
1870844.0,493.0,507.0,638.0
1870864.0,487.0,479.0,635.0
1870884.0,496.0,487.0,636.0
1870904.0,485.0,499.0,622.0
1870924.0,480.0,502.0,616.0
1870944.0,487.0,491.0,625.0
1870964.0,500.0,484.0,622.0
1870984.0,502.0,493.0,620.0
1871004.0,492.0,494.0,625.0
1871024.0,485.0,485.0,624.0
1871044.0,490.0,485.0,615.0
1871064.0,501.0,490.0,613.0
1871084.0,486.0,480.0,603.0
1871104.0,481.0,472.0,611.0
1871123.0,494.0,475.0,642.0
1871143.0,491.0,467.0,636.0
1871163.0,482.0,486.0,622.0
1871183.0,482.0,498.0,620.0
1871203.0,481.0,503.0,629.0
1871223.0,484.0,503.0,628.0
1871243.0,489.0,503.0,615.0
1871263.0,496.0,505.0,610.0
1871283.0,498.0,494.0,611.0
1871303.0,499.0,486.0,609.0
1871323.0,490.0,479.0,620.0
1871343.0,481.0,472.0,617.0
1871363.0,485.0,477.0,628.0
1871383.0,491.0,486.0,640.0
1871403.0,504.0,496.0,634.0
1871423.0,509.0,505.0,624.0
1871443.0,526.0,515.0,617.0
1871463.0,525.0,507.0,599.0
1871483.0,524.0,502.0,607.0
1871503.0,530.0,507.0,625.0
1871523.0,517.0,499.0,622.0
1871543.0,508.0,504.0,625.0
1871563.0,499.0,515.0,629.0
1871583.0,498.0,522.0,623.0
1871603.0,493.0,524.0,624.0
1871623.0,498.0,521.0,619.0
1871643.0,499.0,518.0,620.0
1871663.0,490.0,511.0,620.0
1871683.0,485.0,512.0,617.0
1871703.0,480.0,517.0,615.0
1871723.0,474.0,521.0,605.0
1871743.0,476.0,521.0,610.0
1871763.0,471.0,524.0,616.0
1871783.0,474.0,528.0,607.0
1871803.0,469.0,526.0,625.0
1871823.0,459.0,526.0,629.0
1871843.0,449.0,516.0,618.0
1871863.0,459.0,516.0,615.0
1871883.0,479.0,530.0,620.0
1871903.0,473.0,534.0,616.0
1871923.0,454.0,518.0,592.0
1871943.0,469.0,534.0,608.0
1871963.0,473.0,538.0,602.0
1871983.0,476.0,545.0,598.0
1872003.0,472.0,549.0,606.0
1872023.0,469.0,552.0,601.0
1872043.0,469.0,549.0,592.0
1872063.0,470.0,546.0,601.0
1872083.0,467.0,527.0,614.0
1872104.0,463.0,504.0,614.0
1872123.0,466.0,489.0,617.0
1872143.0,465.0,477.0,624.0
1872163.0,459.0,474.0,617.0
1872183.0,460.0,483.0,610.0
1872203.0,467.0,503.0,613.0
1872223.0,458.0,507.0,606.0
1872243.0,457.0,508.0,608.0
1872263.0,465.0,514.0,614.0
1872283.0,456.0,504.0,614.0
1872303.0,440.0,488.0,592.0
1872323.0,451.0,500.0,599.0
1872343.0,453.0,495.0,593.0
1872363.0,454.0,489.0,597.0
1872383.0,455.0,479.0,603.0
1872403.0,451.0,479.0,613.0
1872423.0,448.0,476.0,606.0
1872443.0,444.0,479.0,606.0
1872463.0,443.0,487.0,603.0
1872483.0,450.0,498.0,603.0
1872503.0,460.0,509.0,607.0
1872523.0,459.0,510.0,604.0
1872543.0,458.0,510.0,603.0
1872563.0,456.0,506.0,604.0
1872583.0,463.0,506.0,609.0
1872603.0,458.0,499.0,605.0
1872623.0,457.0,498.0,606.0
1872643.0,464.0,507.0,616.0
1872663.0,458.0,503.0,608.0
1872683.0,445.0,489.0,591.0
1872703.0,458.0,505.0,608.0
1872723.0,457.0,504.0,607.0
1872743.0,456.0,504.0,609.0
1872763.0,458.0,504.0,606.0
1872783.0,459.0,505.0,608.0
1872803.0,442.0,485.0,586.0
1872823.0,457.0,501.0,608.0
1872843.0,457.0,501.0,607.0
1872863.0,456.0,499.0,604.0
1872883.0,457.0,499.0,606.0
1872903.0,453.0,499.0,607.0
1872923.0,456.0,503.0,608.0
1872943.0,456.0,502.0,607.0
1872963.0,461.0,507.0,612.0
1872983.0,456.0,502.0,606.0
1873002.0,456.0,501.0,606.0
1873022.0,463.0,508.0,615.0
1873042.0,456.0,503.0,608.0
1873062.0,460.0,506.0,610.0
1873082.0,456.0,502.0,606.0
1873102.0,455.0,501.0,606.0
1873122.0,455.0,503.0,604.0
1873142.0,456.0,503.0,605.0
1873162.0,456.0,504.0,606.0
1873182.0,441.0,485.0,583.0
1873202.0,454.0,502.0,605.0
1873222.0,455.0,501.0,604.0
1873242.0,454.0,499.0,603.0
1873262.0,455.0,501.0,607.0
1873282.0,452.0,501.0,604.0
1873302.0,455.0,503.0,606.0
1873322.0,455.0,503.0,606.0
1873342.0,453.0,501.0,603.0
1873362.0,454.0,501.0,605.0
1873382.0,454.0,501.0,605.0
1873402.0,460.0,508.0,613.0
1873422.0,455.0,504.0,606.0
1873442.0,460.0,506.0,609.0
1873462.0,455.0,503.0,605.0
1873482.0,455.0,502.0,605.0
1873502.0,453.0,502.0,604.0
1873522.0,454.0,502.0,604.0
1873542.0,456.0,505.0,607.0
1873562.0,441.0,487.0,586.0
1873582.0,454.0,504.0,605.0
1873602.0,454.0,503.0,605.0
1873622.0,453.0,500.0,602.0
1873642.0,455.0,503.0,605.0
1873662.0,450.0,502.0,604.0
1873682.0,438.0,485.0,585.0
1873702.0,455.0,505.0,606.0
1873722.0,455.0,502.0,602.0
1873742.0,455.0,503.0,604.0
1873762.0,454.0,502.0,605.0
1873782.0,460.0,509.0,612.0
1873802.0,455.0,504.0,607.0
1873822.0,459.0,506.0,609.0
1873842.0,442.0,486.0,586.0
1873862.0,454.0,502.0,605.0
1873882.0,455.0,502.0,605.0
1873902.0,456.0,503.0,605.0
1873922.0,456.0,505.0,607.0
1873942.0,457.0,505.0,607.0
1873962.0,453.0,504.0,605.0
1873982.0,454.0,502.0,604.0
1874002.0,453.0,500.0,601.0
1874022.0,455.0,503.0,604.0
1874042.0,452.0,502.0,604.0
1874062.0,440.0,486.0,585.0
1874082.0,454.0,503.0,605.0
1874102.0,453.0,502.0,604.0
1874122.0,455.0,504.0,605.0
1874142.0,455.0,504.0,606.0
1874162.0,461.0,509.0,612.0
1874182.0,456.0,504.0,607.0
1874202.0,459.0,506.0,609.0
1874223.0,444.0,492.0,592.0
1874242.0,454.0,504.0,605.0
1874262.0,454.0,503.0,605.0
1874282.0,455.0,504.0,605.0
1874302.0,455.0,506.0,606.0
1874322.0,459.0,511.0,611.0
1874342.0,454.0,506.0,604.0
1874362.0,454.0,505.0,603.0
1874382.0,452.0,502.0,601.0
1874402.0,453.0,504.0,606.0
1874422.0,450.0,506.0,607.0
1874442.0,440.0,492.0,588.0
1874462.0,452.0,509.0,604.0
1874482.0,453.0,506.0,601.0
1874502.0,455.0,506.0,603.0
1874522.0,453.0,505.0,602.0
1874542.0,456.0,509.0,608.0
1874562.0,436.0,485.0,583.0
1874582.0,455.0,505.0,605.0
1874602.0,444.0,493.0,588.0
1874622.0,455.0,506.0,601.0
1874642.0,454.0,507.0,602.0
1874662.0,454.0,507.0,604.0
1874682.0,454.0,507.0,606.0
1874702.0,455.0,509.0,612.0
1874722.0,451.0,505.0,606.0
1874742.0,451.0,504.0,605.0
1874762.0,452.0,504.0,603.0
1874782.0,453.0,505.0,604.0
1874802.0,452.0,504.0,604.0
1874822.0,457.0,508.0,609.0
1874842.0,452.0,505.0,604.0
1874861.0,452.0,504.0,602.0
1874881.0,454.0,506.0,604.0
1874901.0,453.0,506.0,604.0
1874921.0,456.0,510.0,610.0
1874941.0,439.0,488.0,584.0
1874961.0,456.0,508.0,606.0
1874982.0,444.0,492.0,589.0
1875001.0,453.0,504.0,606.0
1875021.0,453.0,505.0,604.0
1875041.0,453.0,506.0,603.0
1875062.0,437.0,488.0,583.0
1875081.0,457.0,509.0,607.0
1875101.0,454.0,505.0,603.0
1875121.0,453.0,504.0,605.0
1875141.0,453.0,504.0,603.0
1875161.0,453.0,505.0,604.0
1875181.0,451.0,504.0,605.0
1875201.0,460.0,511.0,613.0
1875221.0,453.0,504.0,604.0
1875241.0,451.0,503.0,603.0
1875261.0,455.0,504.0,605.0
1875281.0,455.0,504.0,605.0
1875301.0,456.0,509.0,609.0
1875321.0,458.0,507.0,607.0
1875341.0,457.0,507.0,606.0
1875361.0,444.0,493.0,591.0
1875381.0,454.0,504.0,604.0
1875401.0,455.0,506.0,603.0
1875421.0,455.0,505.0,604.0
1875441.0,438.0,487.0,586.0
1875461.0,458.0,508.0,608.0
1875481.0,455.0,504.0,603.0
1875501.0,454.0,504.0,604.0
1875521.0,453.0,503.0,603.0
1875541.0,453.0,505.0,604.0
1875561.0,451.0,507.0,604.0
1875581.0,459.0,512.0,613.0
1875601.0,452.0,505.0,605.0
1875621.0,453.0,503.0,604.0
1875641.0,454.0,505.0,605.0
1875661.0,454.0,505.0,604.0
1875681.0,455.0,508.0,608.0
1875701.0,456.0,510.0,611.0
1875721.0,454.0,507.0,607.0
1875741.0,446.0,495.0,592.0
1875761.0,454.0,506.0,604.0
1875781.0,453.0,505.0,605.0
1875801.0,453.0,504.0,604.0
1875821.0,440.0,490.0,586.0
1875841.0,457.0,509.0,607.0
1875861.0,452.0,506.0,604.0
1875881.0,454.0,505.0,604.0
1875901.0,453.0,504.0,603.0
1875921.0,453.0,505.0,603.0
1875941.0,440.0,489.0,585.0
1875961.0,460.0,512.0,612.0
1875981.0,452.0,507.0,604.0
1876001.0,453.0,505.0,603.0
1876021.0,453.0,505.0,605.0
1876041.0,452.0,506.0,604.0
1876061.0,454.0,509.0,608.0
1876081.0,458.0,512.0,610.0
1876101.0,455.0,508.0,605.0
1876121.0,447.0,496.0,592.0
1876141.0,454.0,505.0,604.0
1876161.0,453.0,505.0,604.0
1876181.0,453.0,507.0,604.0
1876201.0,457.0,508.0,608.0
1876221.0,454.0,508.0,608.0
1876241.0,452.0,505.0,604.0
1876261.0,453.0,505.0,603.0
1876281.0,453.0,503.0,602.0
1876301.0,454.0,504.0,604.0
1876321.0,441.0,489.0,585.0
1876341.0,458.0,510.0,610.0
1876361.0,453.0,504.0,605.0
1876381.0,453.0,504.0,603.0
1876401.0,454.0,506.0,603.0
1876421.0,453.0,506.0,603.0
1876441.0,454.0,508.0,607.0
1876461.0,457.0,509.0,611.0
1876481.0,455.0,507.0,606.0
1876501.0,448.0,498.0,594.0
1876521.0,453.0,504.0,604.0
1876541.0,452.0,504.0,605.0
1876561.0,454.0,506.0,605.0
1876581.0,461.0,512.0,612.0
1876601.0,453.0,505.0,603.0
1876621.0,452.0,505.0,603.0
1876641.0,453.0,505.0,604.0
1876661.0,466.0,517.0,617.0
1876681.0,454.0,504.0,604.0
1876701.0,456.0,508.0,606.0
1876721.0,457.0,509.0,609.0
1876740.0,452.0,506.0,604.0
1876760.0,451.0,505.0,602.0
1876780.0,454.0,504.0,604.0
1876800.0,453.0,503.0,604.0
1876820.0,454.0,507.0,607.0
1876840.0,458.0,509.0,609.0
1876860.0,453.0,506.0,605.0
1876880.0,447.0,497.0,596.0
1876900.0,452.0,505.0,605.0
1876920.0,453.0,504.0,603.0
1876940.0,454.0,505.0,604.0
1876960.0,460.0,511.0,610.0
1876980.0,452.0,504.0,603.0
1877000.0,452.0,503.0,603.0
1877020.0,453.0,505.0,604.0
1877040.0,464.0,515.0,616.0
1877060.0,453.0,505.0,604.0
1877080.0,458.0,510.0,607.0
1877100.0,458.0,510.0,610.0
1877120.0,451.0,504.0,604.0
1877140.0,452.0,505.0,602.0
1877160.0,449.0,498.0,596.0
1877180.0,452.0,504.0,603.0
1877200.0,453.0,507.0,606.0
1877220.0,456.0,510.0,610.0
1877240.0,455.0,508.0,603.0
1877260.0,448.0,498.0,594.0
1877280.0,452.0,505.0,605.0
1877300.0,454.0,505.0,604.0
1877320.0,456.0,505.0,603.0
1877340.0,457.0,510.0,609.0
1877360.0,450.0,504.0,604.0
1877380.0,452.0,505.0,605.0
1877400.0,452.0,505.0,604.0
1877420.0,462.0,515.0,615.0
1877440.0,450.0,505.0,603.0
1877460.0,458.0,511.0,612.0
1877480.0,455.0,508.0,607.0
1877500.0,450.0,505.0,604.0
1877520.0,451.0,505.0,603.0
1877540.0,448.0,500.0,596.0
1877560.0,451.0,505.0,602.0
1877580.0,451.0,508.0,605.0
1877600.0,455.0,509.0,608.0
1877620.0,453.0,506.0,603.0
1877640.0,447.0,499.0,596.0
1877660.0,452.0,505.0,602.0
1877680.0,451.0,504.0,602.0
1877700.0,453.0,503.0,603.0
1877720.0,457.0,512.0,611.0
1877740.0,451.0,506.0,604.0
1877760.0,451.0,506.0,602.0
1877780.0,452.0,506.0,602.0
1877800.0,459.0,514.0,614.0
1877820.0,452.0,504.0,604.0
1877840.0,458.0,511.0,609.0
1877860.0,453.0,506.0,604.0
1877880.0,451.0,506.0,603.0
1877900.0,451.0,504.0,602.0
1877920.0,448.0,500.0,596.0
1877940.0,452.0,505.0,604.0
1877960.0,456.0,509.0,609.0
1877980.0,455.0,507.0,604.0
1878000.0,449.0,507.0,603.0
1878020.0,444.0,502.0,595.0
1878040.0,451.0,508.0,602.0
1878060.0,452.0,507.0,603.0
1878080.0,452.0,506.0,603.0
1878100.0,457.0,510.0,609.0
1878120.0,451.0,505.0,602.0
1878140.0,452.0,504.0,603.0
1878160.0,452.0,505.0,604.0
1878180.0,461.0,514.0,614.0
1878200.0,454.0,507.0,603.0
1878220.0,458.0,513.0,612.0
1878240.0,453.0,509.0,606.0
1878260.0,450.0,505.0,604.0
1878280.0,453.0,504.0,601.0
1878300.0,450.0,500.0,598.0
1878320.0,452.0,506.0,603.0
1878340.0,453.0,509.0,610.0
1878360.0,454.0,506.0,605.0
1878380.0,453.0,505.0,603.0
1878400.0,450.0,498.0,598.0
1878420.0,454.0,505.0,603.0
1878440.0,454.0,505.0,603.0
1878460.0,448.0,499.0,597.0
1878480.0,456.0,510.0,609.0
1878500.0,450.0,505.0,605.0
1878520.0,450.0,504.0,604.0
1878540.0,453.0,502.0,604.0
1878560.0,460.0,510.0,612.0
1878580.0,454.0,504.0,602.0
1878600.0,458.0,512.0,609.0
1878619.0,454.0,507.0,605.0
1878639.0,452.0,505.0,604.0
1878659.0,452.0,504.0,603.0
1878679.0,448.0,500.0,599.0
1878699.0,452.0,506.0,604.0
1878719.0,454.0,507.0,609.0
1878739.0,452.0,505.0,604.0
1878759.0,452.0,505.0,605.0
1878779.0,463.0,514.0,611.0
1878799.0,454.0,506.0,603.0
1878819.0,452.0,505.0,604.0
1878839.0,446.0,498.0,597.0
1878859.0,455.0,508.0,608.0
1878879.0,453.0,506.0,603.0
1878899.0,453.0,505.0,604.0
1878919.0,452.0,505.0,603.0
1878939.0,458.0,511.0,610.0
1878959.0,452.0,504.0,603.0
1878979.0,459.0,510.0,610.0
1878999.0,454.0,506.0,605.0
1879019.0,451.0,505.0,603.0
1879039.0,452.0,505.0,604.0
1879059.0,450.0,501.0,599.0
1879079.0,454.0,506.0,604.0
1879099.0,454.0,508.0,608.0
1879119.0,452.0,505.0,603.0
1879139.0,453.0,506.0,605.0
1879159.0,462.0,512.0,612.0
1879179.0,454.0,505.0,604.0
1879199.0,452.0,506.0,604.0
1879219.0,464.0,515.0,616.0
1879239.0,454.0,507.0,606.0
1879259.0,451.0,505.0,603.0
1879279.0,453.0,505.0,604.0
1879299.0,453.0,504.0,604.0
1879319.0,452.0,506.0,604.0
1879339.0,453.0,506.0,604.0
1879359.0,458.0,510.0,609.0
1879379.0,455.0,506.0,605.0
1879399.0,453.0,505.0,605.0
1879419.0,453.0,505.0,604.0
1879439.0,451.0,502.0,599.0
1879459.0,453.0,506.0,606.0
1879479.0,454.0,510.0,609.0
1879499.0,455.0,511.0,607.0
1879519.0,456.0,512.0,606.0
1879539.0,465.0,516.0,610.0
1879559.0,456.0,502.0,598.0
1879579.0,450.0,494.0,600.0
1879599.0,461.0,504.0,614.0
1879619.0,459.0,492.0,610.0
1879639.0,454.0,489.0,609.0
1879659.0,448.0,494.0,608.0
1879679.0,448.0,500.0,608.0
1879699.0,451.0,502.0,606.0
1879719.0,456.0,503.0,604.0
1879739.0,458.0,501.0,606.0
1879759.0,454.0,494.0,607.0
1879779.0,447.0,489.0,602.0
1879799.0,449.0,484.0,610.0
1879819.0,454.0,486.0,600.0
1879839.0,462.0,502.0,602.0
1879859.0,460.0,514.0,604.0
1879879.0,459.0,517.0,602.0
1879899.0,460.0,520.0,602.0
1879919.0,465.0,529.0,607.0
1879939.0,457.0,518.0,603.0
1879959.0,455.0,513.0,606.0
1879979.0,464.0,517.0,618.0
1879999.0,457.0,508.0,610.0
1880019.0,442.0,490.0,588.0
1880039.0,457.0,507.0,606.0
1880059.0,457.0,508.0,606.0
1880079.0,456.0,507.0,606.0
1880099.0,457.0,507.0,606.0
1880119.0,456.0,510.0,610.0
1880139.0,455.0,508.0,610.0
1880159.0,454.0,508.0,607.0
1880179.0,456.0,508.0,606.0
1880199.0,455.0,507.0,603.0
1880219.0,455.0,508.0,605.0
1880239.0,456.0,509.0,607.0
1880259.0,454.0,508.0,607.0
1880279.0,455.0,508.0,606.0
1880299.0,461.0,514.0,612.0
1880319.0,455.0,508.0,605.0
1880339.0,454.0,508.0,606.0
1880359.0,463.0,517.0,613.0
1880379.0,456.0,511.0,607.0
1880399.0,441.0,493.0,586.0
1880419.0,454.0,508.0,603.0
1880439.0,453.0,509.0,603.0
1880459.0,453.0,510.0,603.0
1880479.0,454.0,509.0,604.0
1880498.0,456.0,510.0,606.0
1880518.0,454.0,509.0,607.0
1880538.0,452.0,510.0,605.0
1880558.0,454.0,508.0,604.0
1880579.0,452.0,506.0,602.0
1880598.0,453.0,507.0,604.0
1880618.0,451.0,508.0,603.0
1880638.0,453.0,509.0,605.0
1880658.0,453.0,510.0,605.0
1880678.0,458.0,514.0,610.0
1880698.0,453.0,508.0,604.0
1880718.0,454.0,508.0,603.0
1880738.0,461.0,516.0,612.0
1880758.0,456.0,511.0,605.0
1880778.0,441.0,493.0,587.0
1880798.0,454.0,510.0,605.0
1880818.0,455.0,510.0,603.0
1880838.0,454.0,511.0,604.0
1880858.0,454.0,510.0,604.0
1880878.0,455.0,512.0,607.0
1880898.0,438.0,493.0,584.0
1880918.0,453.0,511.0,604.0
1880938.0,454.0,511.0,603.0
1880959.0,452.0,507.0,601.0
1880978.0,454.0,509.0,605.0
1880998.0,451.0,508.0,605.0
1881018.0,453.0,511.0,605.0
1881038.0,453.0,511.0,605.0
1881058.0,460.0,515.0,609.0
1881078.0,453.0,510.0,604.0
1881098.0,453.0,511.0,603.0
1881118.0,461.0,518.0,612.0
1881138.0,455.0,512.0,606.0
1881158.0,458.0,513.0,607.0
1881178.0,454.0,510.0,603.0
1881198.0,453.0,510.0,603.0
1881218.0,453.0,511.0,604.0
1881238.0,454.0,511.0,604.0
1881258.0,455.0,513.0,607.0
1881278.0,440.0,493.0,585.0
1881298.0,453.0,510.0,605.0
1881318.0,453.0,510.0,602.0
1881338.0,451.0,508.0,600.0
1881358.0,453.0,510.0,603.0
1881378.0,451.0,509.0,604.0
1881398.0,453.0,511.0,605.0
1881418.0,452.0,510.0,604.0
1881438.0,452.0,509.0,602.0
1881458.0,453.0,509.0,604.0
1881478.0,453.0,510.0,604.0
1881498.0,459.0,517.0,612.0
1881518.0,453.0,511.0,605.0
1881538.0,457.0,513.0,608.0
1881558.0,454.0,510.0,604.0
1881578.0,454.0,510.0,603.0
1881598.0,452.0,510.0,603.0
1881618.0,454.0,510.0,603.0
1881638.0,455.0,512.0,605.0
1881658.0,441.0,494.0,586.0
1881678.0,453.0,510.0,604.0
1881698.0,453.0,510.0,603.0
1881718.0,451.0,508.0,601.0
1881738.0,453.0,510.0,603.0
1881758.0,450.0,509.0,602.0
1881778.0,437.0,493.0,582.0
1881798.0,451.0,511.0,603.0
1881818.0,452.0,509.0,602.0
1881838.0,454.0,510.0,603.0
1881858.0,453.0,511.0,604.0
1881878.0,457.0,516.0,611.0
1881898.0,452.0,512.0,605.0
1881918.0,455.0,513.0,608.0
1881938.0,439.0,493.0,585.0
1881958.0,453.0,511.0,603.0
1881978.0,453.0,511.0,603.0
1881998.0,454.0,511.0,602.0
1882018.0,454.0,513.0,606.0
1882038.0,457.0,514.0,606.0
1882058.0,452.0,510.0,603.0
1882078.0,452.0,509.0,604.0
1882098.0,451.0,508.0,601.0
1882118.0,453.0,510.0,604.0
1882138.0,450.0,510.0,603.0
1882158.0,439.0,493.0,583.0
1882178.0,452.0,510.0,604.0
1882198.0,450.0,508.0,602.0
1882218.0,453.0,510.0,602.0
1882238.0,454.0,511.0,602.0
1882258.0,457.0,517.0,609.0
1882278.0,452.0,511.0,605.0
1882298.0,456.0,513.0,607.0
1882318.0,440.0,494.0,584.0
1882338.0,453.0,511.0,603.0
1882357.0,453.0,512.0,603.0
1882377.0,453.0,511.0,603.0
1882397.0,454.0,512.0,604.0
1882417.0,457.0,516.0,610.0
1882437.0,453.0,510.0,603.0
1882457.0,453.0,510.0,603.0
1882477.0,452.0,509.0,601.0
1882497.0,454.0,511.0,603.0
1882517.0,451.0,511.0,603.0
1882537.0,440.0,495.0,585.0
1882557.0,453.0,511.0,603.0
1882577.0,452.0,510.0,601.0
1882597.0,453.0,510.0,602.0
1882617.0,451.0,510.0,605.0
1882637.0,458.0,516.0,611.0
1882657.0,439.0,492.0,583.0
1882677.0,457.0,514.0,607.0
1882698.0,443.0,499.0,590.0
1882717.0,453.0,511.0,603.0
1882737.0,454.0,511.0,603.0
1882757.0,454.0,510.0,604.0
1882777.0,454.0,512.0,605.0
1882797.0,458.0,515.0,609.0
1882817.0,454.0,511.0,603.0
1882837.0,453.0,510.0,604.0
1882857.0,453.0,508.0,602.0
1882877.0,454.0,511.0,604.0
1882897.0,451.0,511.0,604.0
1882917.0,458.0,514.0,607.0
1882937.0,453.0,511.0,605.0
1882957.0,453.0,509.0,603.0
1882977.0,454.0,509.0,604.0
1882997.0,454.0,511.0,604.0
1883017.0,457.0,515.0,609.0
1883037.0,439.0,494.0,585.0
1883057.0,456.0,512.0,607.0
1883077.0,446.0,498.0,590.0
1883097.0,454.0,510.0,604.0
1883117.0,453.0,510.0,604.0
1883137.0,454.0,509.0,604.0
1883157.0,453.0,511.0,606.0
1883177.0,459.0,514.0,609.0
1883197.0,453.0,511.0,604.0
1883217.0,455.0,510.0,604.0
1883237.0,455.0,509.0,602.0
1883257.0,455.0,510.0,604.0
1883277.0,452.0,510.0,603.0
1883297.0,461.0,517.0,612.0
1883317.0,453.0,510.0,605.0
1883337.0,453.0,509.0,603.0
1883357.0,455.0,511.0,604.0
1883377.0,454.0,510.0,604.0
1883397.0,458.0,515.0,609.0
1883417.0,455.0,512.0,607.0
1883437.0,457.0,512.0,606.0
1883457.0,445.0,499.0,591.0
1883477.0,454.0,510.0,604.0
1883497.0,453.0,511.0,604.0
1883517.0,454.0,510.0,604.0
1883537.0,439.0,493.0,584.0
1883557.0,458.0,514.0,608.0
1883577.0,453.0,511.0,604.0
1883597.0,453.0,511.0,604.0
1883617.0,454.0,509.0,602.0
1883637.0,454.0,511.0,604.0
1883657.0,452.0,510.0,603.0
1883677.0,460.0,517.0,611.0
1883697.0,452.0,510.0,605.0
1883717.0,453.0,509.0,603.0
1883737.0,454.0,511.0,604.0
1883757.0,453.0,511.0,604.0
1883777.0,457.0,515.0,608.0
1883797.0,456.0,513.0,605.0
1883817.0,455.0,513.0,606.0
1883837.0,446.0,500.0,591.0
1883857.0,454.0,511.0,603.0
1883877.0,453.0,510.0,604.0
1883897.0,454.0,510.0,603.0
1883917.0,440.0,495.0,585.0
1883937.0,456.0,514.0,608.0
1883957.0,453.0,511.0,603.0
1883977.0,452.0,510.0,604.0
1883997.0,454.0,509.0,604.0
1884017.0,455.0,512.0,604.0
1884037.0,439.0,496.0,584.0
1884057.0,460.0,517.0,610.0
1884077.0,452.0,512.0,604.0
1884097.0,453.0,510.0,603.0
1884117.0,454.0,511.0,604.0
1884137.0,452.0,512.0,604.0
1884157.0,455.0,514.0,608.0
1884177.0,459.0,517.0,610.0
1884197.0,456.0,513.0,606.0
1884217.0,446.0,501.0,592.0
1884236.0,453.0,511.0,604.0
1884256.0,453.0,511.0,603.0
1884276.0,453.0,511.0,603.0
1884296.0,456.0,514.0,607.0
1884316.0,457.0,514.0,607.0
1884336.0,452.0,512.0,603.0
1884356.0,453.0,511.0,603.0
1884376.0,453.0,510.0,602.0
1884396.0,454.0,511.0,603.0
1884416.0,439.0,495.0,585.0
1884436.0,458.0,517.0,610.0
1884456.0,451.0,511.0,604.0
1884476.0,452.0,510.0,602.0
1884496.0,453.0,511.0,604.0
1884516.0,452.0,512.0,604.0
1884536.0,455.0,515.0,607.0
1884556.0,459.0,517.0,610.0
1884576.0,454.0,512.0,605.0
1884596.0,447.0,503.0,593.0
1884616.0,454.0,511.0,604.0
1884636.0,453.0,511.0,603.0
1884656.0,453.0,510.0,603.0
1884676.0,459.0,518.0,611.0
1884696.0,455.0,513.0,606.0
1884716.0,453.0,511.0,602.0
1884736.0,453.0,512.0,603.0
1884756.0,454.0,510.0,602.0
1884776.0,453.0,511.0,604.0
1884796.0,440.0,496.0,587.0
1884816.0,458.0,516.0,609.0
1884836.0,452.0,512.0,603.0
1884856.0,451.0,511.0,602.0
1884876.0,454.0,511.0,603.0
1884896.0,453.0,511.0,604.0
1884916.0,454.0,514.0,606.0
1884936.0,457.0,516.0,610.0
1884956.0,455.0,512.0,605.0
1884976.0,449.0,504.0,595.0
1884996.0,454.0,511.0,603.0
1885016.0,452.0,511.0,603.0
1885036.0,454.0,511.0,604.0
1885056.0,461.0,519.0,613.0
1885076.0,453.0,511.0,605.0
1885096.0,453.0,512.0,604.0
1885116.0,453.0,512.0,603.0
1885136.0,465.0,523.0,617.0
1885156.0,454.0,512.0,604.0
1885176.0,458.0,516.0,610.0
1885196.0,458.0,516.0,610.0
1885216.0,453.0,510.0,603.0
1885236.0,453.0,509.0,604.0
1885256.0,449.0,503.0,596.0
1885276.0,454.0,510.0,604.0
1885296.0,455.0,513.0,607.0
1885316.0,458.0,515.0,609.0
1885336.0,454.0,511.0,607.0
1885356.0,449.0,503.0,595.0
1885376.0,455.0,510.0,604.0
1885396.0,454.0,510.0,603.0
1885416.0,454.0,510.0,604.0
1885436.0,460.0,518.0,612.0
1885456.0,454.0,511.0,604.0
1885476.0,454.0,511.0,604.0
1885496.0,454.0,511.0,604.0
1885516.0,464.0,522.0,617.0
1885536.0,453.0,511.0,604.0
1885556.0,460.0,519.0,613.0
1885576.0,457.0,515.0,608.0
1885596.0,451.0,512.0,605.0
1885616.0,455.0,511.0,603.0
1885636.0,450.0,505.0,596.0
1885656.0,452.0,512.0,604.0
1885676.0,454.0,515.0,606.0
1885696.0,458.0,516.0,609.0
1885716.0,455.0,513.0,606.0
1885736.0,449.0,504.0,596.0
1885756.0,453.0,511.0,604.0
1885776.0,454.0,511.0,604.0
1885796.0,454.0,512.0,603.0
1885816.0,460.0,519.0,612.0
1885836.0,453.0,513.0,604.0
1885856.0,452.0,512.0,605.0
1885876.0,453.0,512.0,604.0
1885896.0,463.0,521.0,616.0
1885916.0,454.0,511.0,604.0
1885936.0,461.0,520.0,612.0
1885956.0,455.0,514.0,606.0
1885976.0,452.0,513.0,604.0
1885996.0,453.0,512.0,603.0
1886016.0,450.0,506.0,596.0
1886036.0,454.0,511.0,602.0
1886056.0,454.0,514.0,606.0
1886076.0,458.0,516.0,607.0
1886096.0,453.0,514.0,605.0
1886115.0,450.0,506.0,597.0
1886135.0,454.0,512.0,604.0
1886155.0,453.0,511.0,604.0
1886175.0,455.0,512.0,604.0
1886195.0,460.0,519.0,612.0
1886215.0,453.0,511.0,605.0
1886235.0,453.0,512.0,604.0
1886255.0,453.0,511.0,604.0
1886275.0,462.0,520.0,613.0
1886295.0,454.0,513.0,604.0
1886315.0,461.0,519.0,611.0
1886335.0,454.0,514.0,606.0
1886355.0,453.0,511.0,604.0
1886375.0,453.0,509.0,603.0
1886395.0,450.0,505.0,598.0
1886415.0,454.0,512.0,603.0
1886435.0,455.0,516.0,608.0
1886455.0,454.0,512.0,604.0
1886475.0,454.0,512.0,605.0
1886495.0,450.0,506.0,597.0
1886515.0,453.0,511.0,603.0
1886535.0,453.0,511.0,605.0
1886555.0,455.0,511.0,605.0
1886575.0,459.0,515.0,610.0
1886595.0,453.0,511.0,603.0
1886615.0,453.0,511.0,603.0
1886635.0,455.0,511.0,604.0
1886655.0,462.0,519.0,613.0
1886675.0,455.0,510.0,605.0
1886695.0,461.0,517.0,611.0
1886715.0,456.0,512.0,607.0
1886735.0,453.0,511.0,605.0
1886755.0,454.0,511.0,603.0
1886775.0,450.0,506.0,599.0
1886795.0,455.0,512.0,604.0
1886815.0,456.0,515.0,608.0
1886835.0,455.0,512.0,606.0
1886855.0,454.0,512.0,605.0
1886875.0,452.0,506.0,604.0
1886895.0,455.0,511.0,605.0
1886915.0,454.0,512.0,605.0
1886935.0,448.0,505.0,597.0
1886955.0,458.0,516.0,610.0
1886975.0,454.0,511.0,603.0
1886995.0,453.0,511.0,604.0
1887015.0,454.0,510.0,604.0
1887035.0,460.0,518.0,613.0
1887055.0,455.0,510.0,603.0
1887075.0,458.0,517.0,611.0
1887095.0,455.0,513.0,607.0
1887115.0,453.0,510.0,605.0
1887135.0,454.0,510.0,604.0
1887155.0,451.0,506.0,599.0
1887175.0,455.0,510.0,605.0
1887195.0,455.0,514.0,608.0
1887215.0,455.0,512.0,605.0
1887235.0,453.0,512.0,606.0
1887255.0,464.0,520.0,615.0
1887275.0,455.0,511.0,603.0
1887295.0,453.0,511.0,603.0
1887315.0,448.0,505.0,597.0
1887335.0,456.0,514.0,608.0
1887355.0,454.0,511.0,604.0
1887375.0,454.0,512.0,604.0
1887395.0,453.0,511.0,604.0
1887415.0,455.0,512.0,604.0
1887435.0,454.0,512.0,605.0
1887455.0,459.0,517.0,610.0
1887475.0,455.0,512.0,604.0
1887495.0,453.0,511.0,604.0
1887515.0,453.0,511.0,603.0
1887535.0,451.0,507.0,600.0
1887555.0,455.0,510.0,605.0
1887575.0,454.0,513.0,607.0
1887595.0,453.0,512.0,606.0
1887615.0,454.0,512.0,606.0
1887635.0,461.0,519.0,612.0
1887655.0,454.0,512.0,603.0
1887675.0,455.0,511.0,604.0
1887695.0,464.0,522.0,617.0
1887715.0,456.0,514.0,607.0
1887735.0,453.0,513.0,603.0
1887755.0,454.0,511.0,604.0
1887775.0,453.0,511.0,603.0
1887795.0,453.0,511.0,604.0
1887815.0,455.0,512.0,604.0
1887835.0,457.0,515.0,609.0
1887855.0,455.0,513.0,606.0
1887875.0,452.0,512.0,604.0
1887895.0,453.0,511.0,604.0
1887915.0,452.0,507.0,600.0
1887935.0,453.0,512.0,604.0
1887955.0,455.0,514.0,606.0
1887975.0,453.0,513.0,604.0
1887994.0,454.0,512.0,605.0
1888014.0,461.0,519.0,612.0
1888034.0,453.0,511.0,603.0
1888054.0,454.0,512.0,603.0
1888074.0,463.0,522.0,616.0
1888094.0,456.0,513.0,605.0
1888114.0,453.0,511.0,603.0
1888134.0,453.0,512.0,604.0
1888154.0,453.0,512.0,602.0
1888174.0,454.0,511.0,604.0
1888194.0,455.0,513.0,605.0
1888214.0,456.0,514.0,606.0
1888234.0,453.0,514.0,606.0
1888254.0,451.0,512.0,604.0
1888274.0,452.0,510.0,603.0
1888294.0,452.0,507.0,601.0
1888314.0,454.0,511.0,604.0
1888334.0,453.0,513.0,607.0
1888354.0,452.0,512.0,605.0
1888374.0,452.0,513.0,604.0
1888394.0,461.0,519.0,612.0
1888414.0,454.0,510.0,604.0
1888434.0,452.0,510.0,605.0
1888454.0,461.0,520.0,615.0
1888474.0,454.0,511.0,605.0
1888494.0,441.0,493.0,585.0
1888514.0,458.0,510.0,604.0
1888534.0,456.0,511.0,604.0
1888554.0,454.0,510.0,603.0
1888574.0,455.0,511.0,604.0
1888594.0,459.0,514.0,608.0
1888614.0,457.0,512.0,605.0
1888634.0,454.0,512.0,605.0
1888654.0,456.0,509.0,605.0
1888675.0,456.0,506.0,603.0
1888694.0,456.0,508.0,607.0
1888714.0,456.0,511.0,609.0
1888734.0,456.0,509.0,606.0
1888754.0,455.0,510.0,607.0
1888774.0,464.0,515.0,613.0
1888794.0,457.0,509.0,605.0
1888814.0,456.0,509.0,606.0
1888834.0,465.0,517.0,616.0
1888854.0,457.0,510.0,608.0
1888874.0,442.0,491.0,588.0
1888894.0,456.0,506.0,606.0
1888914.0,457.0,507.0,605.0
1888934.0,457.0,507.0,606.0
1888954.0,456.0,507.0,608.0
1888974.0,459.0,510.0,608.0
1888994.0,458.0,510.0,607.0
1889014.0,455.0,509.0,606.0
1889034.0,455.0,509.0,606.0
1889055.0,454.0,507.0,604.0
1889074.0,457.0,509.0,606.0
1889094.0,456.0,512.0,609.0
1889114.0,455.0,511.0,608.0
1889134.0,453.0,509.0,606.0
1889154.0,462.0,516.0,612.0
1889174.0,457.0,508.0,605.0
1889194.0,455.0,508.0,605.0
1889214.0,463.0,516.0,615.0
1889234.0,456.0,510.0,607.0
1889254.0,444.0,494.0,587.0
1889274.0,456.0,507.0,605.0
1889294.0,456.0,508.0,605.0
1889314.0,455.0,507.0,604.0
1889334.0,457.0,508.0,606.0
1889354.0,457.0,510.0,608.0
1889374.0,439.0,489.0,584.0
1889394.0,454.0,509.0,605.0
1889414.0,456.0,509.0,605.0
1889434.0,455.0,506.0,602.0
1889454.0,455.0,509.0,605.0
1889474.0,452.0,508.0,604.0
1889494.0,456.0,509.0,606.0
1889514.0,455.0,510.0,606.0
1889534.0,461.0,515.0,611.0
1889554.0,456.0,510.0,605.0
1889574.0,455.0,511.0,606.0
1889594.0,465.0,516.0,617.0
1889614.0,462.0,510.0,612.0
1889634.0,451.0,494.0,593.0
1889654.0,463.0,504.0,604.0
1889674.0,463.0,498.0,606.0
1889694.0,466.0,503.0,597.0
1889714.0,469.0,508.0,611.0
1889734.0,461.0,517.0,612.0
1889754.0,436.0,503.0,588.0
1889774.0,444.0,525.0,612.0
1889794.0,443.0,520.0,609.0
1889814.0,450.0,508.0,596.0
1889834.0,458.0,503.0,601.0
1889853.0,457.0,496.0,602.0
1889873.0,451.0,496.0,602.0
1889893.0,440.0,496.0,600.0
1889913.0,445.0,500.0,602.0
1889933.0,443.0,496.0,594.0
1889953.0,446.0,496.0,594.0
1889973.0,449.0,499.0,602.0
1889993.0,443.0,488.0,592.0
1890013.0,448.0,485.0,598.0
1890033.0,445.0,480.0,594.0
1890053.0,447.0,478.0,595.0
1890073.0,445.0,473.0,592.0
1890093.0,444.0,474.0,594.0
1890113.0,439.0,481.0,600.0
1890133.0,421.0,468.0,578.0
1890153.0,435.0,490.0,595.0
1890173.0,438.0,494.0,597.0
1890193.0,440.0,492.0,596.0
1890213.0,443.0,492.0,595.0
1890233.0,443.0,487.0,593.0
1890253.0,450.0,483.0,597.0
1890273.0,451.0,480.0,602.0
1890293.0,454.0,483.0,608.0
1890313.0,455.0,495.0,609.0
1890333.0,457.0,502.0,605.0
1890353.0,464.0,517.0,617.0
1890373.0,460.0,515.0,606.0
1890393.0,460.0,513.0,603.0
1890413.0,463.0,511.0,611.0
1890433.0,454.0,499.0,603.0
1890453.0,451.0,494.0,605.0
1890473.0,458.0,501.0,612.0
1890493.0,452.0,498.0,605.0
1890513.0,455.0,503.0,608.0
1890533.0,451.0,501.0,603.0
1890553.0,450.0,500.0,601.0
1890573.0,449.0,499.0,600.0
1890593.0,451.0,499.0,603.0
1890613.0,452.0,502.0,605.0
1890633.0,435.0,485.0,580.0
1890653.0,450.0,504.0,601.0
1890673.0,448.0,503.0,601.0
1890693.0,449.0,501.0,598.0
1890713.0,451.0,503.0,602.0
1890733.0,445.0,500.0,601.0
1890753.0,444.0,499.0,602.0
1890773.0,445.0,500.0,602.0
1890793.0,450.0,498.0,599.0
1890813.0,452.0,503.0,599.0
1890833.0,448.0,505.0,599.0
1890853.0,454.0,512.0,607.0
1890873.0,448.0,504.0,602.0
1890893.0,453.0,505.0,606.0
1890913.0,450.0,501.0,600.0
1890933.0,450.0,501.0,601.0
1890953.0,451.0,500.0,600.0
1890973.0,450.0,500.0,604.0
1890993.0,453.0,502.0,606.0
1891013.0,440.0,485.0,584.0
1891033.0,449.0,499.0,602.0
1891053.0,448.0,498.0,601.0
1891073.0,449.0,497.0,599.0
1891093.0,450.0,497.0,601.0
1891113.0,449.0,496.0,600.0
1891133.0,435.0,481.0,580.0
1891153.0,447.0,498.0,602.0
1891173.0,445.0,495.0,600.0
1891193.0,449.0,498.0,602.0
1891213.0,450.0,497.0,602.0
1891233.0,455.0,504.0,609.0
1891253.0,449.0,499.0,603.0
1891273.0,454.0,502.0,603.0
1891293.0,437.0,482.0,580.0
1891313.0,450.0,497.0,600.0
1891333.0,450.0,496.0,601.0
1891353.0,450.0,495.0,600.0
1891373.0,452.0,496.0,604.0
1891393.0,455.0,498.0,605.0
1891413.0,449.0,496.0,602.0
1891433.0,450.0,495.0,601.0
1891453.0,449.0,493.0,599.0
1891473.0,452.0,497.0,601.0
1891493.0,448.0,497.0,601.0
1891513.0,435.0,480.0,583.0
1891533.0,448.0,496.0,600.0
1891553.0,449.0,495.0,601.0
1891573.0,452.0,499.0,603.0
1891593.0,451.0,500.0,602.0
1891613.0,456.0,507.0,611.0
1891633.0,451.0,504.0,608.0
1891653.0,455.0,505.0,608.0
1891673.0,437.0,491.0,582.0
1891693.0,448.0,500.0,593.0
1891713.0,445.0,492.0,599.0
1891732.0,448.0,490.0,603.0
1891752.0,454.0,491.0,606.0
1891772.0,459.0,495.0,610.0
1891792.0,447.0,488.0,603.0
1891812.0,446.0,487.0,602.0
1891832.0,447.0,484.0,597.0
1891852.0,449.0,485.0,601.0
1891872.0,449.0,484.0,597.0
1891892.0,438.0,468.0,578.0
1891912.0,446.0,480.0,600.0
1891932.0,442.0,475.0,602.0
1891952.0,445.0,482.0,601.0
1891972.0,452.0,493.0,600.0
1891992.0,460.0,504.0,606.0
1892013.0,437.0,482.0,579.0
1892032.0,453.0,504.0,601.0
1892053.0,440.0,488.0,584.0
1892072.0,449.0,497.0,601.0
1892092.0,452.0,496.0,600.0
1892112.0,455.0,496.0,602.0
1892132.0,454.0,496.0,604.0
1892152.0,455.0,497.0,609.0
1892172.0,448.0,493.0,603.0
1892192.0,449.0,494.0,603.0
1892212.0,447.0,495.0,600.0
1892232.0,449.0,498.0,601.0
1892252.0,448.0,497.0,601.0
1892272.0,455.0,500.0,604.0
1892292.0,449.0,498.0,601.0
1892312.0,448.0,494.0,600.0
1892332.0,449.0,496.0,602.0
1892352.0,448.0,497.0,601.0
1892372.0,453.0,503.0,606.0
1892392.0,435.0,482.0,580.0
1892412.0,451.0,499.0,603.0
1892432.0,439.0,484.0,587.0
1892452.0,450.0,497.0,601.0
1892472.0,450.0,498.0,600.0
1892492.0,451.0,497.0,600.0
1892512.0,452.0,498.0,604.0
1892532.0,455.0,500.0,608.0
1892552.0,450.0,495.0,603.0
1892572.0,452.0,495.0,602.0
1892592.0,450.0,494.0,598.0
1892612.0,450.0,497.0,603.0
1892632.0,448.0,498.0,601.0
1892652.0,458.0,507.0,609.0
1892672.0,450.0,499.0,601.0
1892692.0,449.0,495.0,599.0
1892712.0,449.0,495.0,602.0
1892732.0,452.0,496.0,603.0
1892752.0,454.0,498.0,608.0
1892772.0,436.0,478.0,586.0
1892792.0,451.0,495.0,605.0
1892812.0,441.0,481.0,588.0
1892832.0,450.0,489.0,604.0
1892852.0,450.0,490.0,603.0
1892872.0,454.0,493.0,604.0
1892892.0,440.0,474.0,583.0
1892912.0,456.0,493.0,608.0
1892932.0,446.0,492.0,602.0
1892952.0,445.0,497.0,600.0
1892972.0,452.0,499.0,595.0
1892992.0,456.0,504.0,599.0
1893012.0,452.0,505.0,600.0
1893032.0,460.0,514.0,609.0
1893052.0,449.0,505.0,605.0
1893072.0,451.0,500.0,601.0
1893092.0,455.0,500.0,600.0
1893112.0,455.0,497.0,603.0
1893132.0,457.0,498.0,607.0
1893152.0,454.0,495.0,604.0
1893172.0,454.0,497.0,607.0
1893192.0,447.0,486.0,588.0
1893212.0,457.0,498.0,601.0
1893232.0,452.0,499.0,602.0
1893252.0,452.0,502.0,603.0
1893272.0,440.0,488.0,588.0
1893292.0,456.0,509.0,612.0
1893312.0,452.0,506.0,611.0
1893332.0,452.0,503.0,608.0
1893352.0,456.0,501.0,600.0
1893372.0,454.0,503.0,607.0
1893392.0,437.0,486.0,587.0
1893412.0,460.0,504.0,604.0
1893432.0,451.0,494.0,594.0
1893452.0,451.0,481.0,590.0
1893472.0,440.0,466.0,593.0
1893492.0,449.0,474.0,594.0
1893512.0,461.0,490.0,604.0
1893532.0,465.0,498.0,605.0
1893552.0,455.0,496.0,600.0
1893572.0,437.0,490.0,589.0
1893592.0,446.0,501.0,597.0
1893611.0,450.0,497.0,598.0
1893631.0,447.0,494.0,599.0
1893651.0,453.0,495.0,604.0
1893671.0,451.0,496.0,601.0
1893691.0,448.0,495.0,592.0
1893711.0,452.0,498.0,586.0
1893731.0,457.0,502.0,600.0
1893751.0,457.0,511.0,609.0
1893771.0,438.0,503.0,586.0
1893791.0,456.0,529.0,613.0
1893811.0,453.0,527.0,611.0
1893831.0,450.0,526.0,606.0
1893851.0,454.0,524.0,603.0
1893871.0,458.0,524.0,608.0
1893891.0,458.0,520.0,607.0
1893911.0,465.0,517.0,613.0
1893931.0,460.0,506.0,607.0
1893951.0,451.0,491.0,594.0
1893971.0,457.0,494.0,604.0
1893991.0,457.0,498.0,603.0
1894011.0,460.0,510.0,601.0
1894031.0,465.0,521.0,606.0
1894051.0,454.0,518.0,600.0
1894071.0,448.0,515.0,599.0
1894091.0,452.0,513.0,601.0
1894111.0,460.0,526.0,621.0
1894131.0,454.0,515.0,607.0
1894151.0,444.0,498.0,593.0
1894171.0,458.0,516.0,619.0
1894191.0,449.0,514.0,615.0
1894211.0,448.0,510.0,614.0
1894231.0,446.0,514.0,613.0
1894251.0,448.0,516.0,618.0
1894271.0,450.0,526.0,625.0
1894291.0,448.0,532.0,633.0
1894311.0,444.0,526.0,627.0
1894331.0,447.0,526.0,615.0
1894351.0,453.0,519.0,639.0
1894371.0,445.0,520.0,623.0
1894391.0,434.0,533.0,616.0
1894411.0,436.0,537.0,618.0
1894431.0,438.0,521.0,592.0
1894451.0,448.0,515.0,588.0
1894471.0,453.0,507.0,580.0
1894491.0,460.0,512.0,597.0
1894511.0,449.0,495.0,592.0
1894531.0,445.0,491.0,608.0
1894551.0,440.0,490.0,599.0
1894571.0,427.0,481.0,591.0
1894591.0,438.0,470.0,587.0
1894611.0,438.0,461.0,581.0
1894631.0,450.0,473.0,593.0
1894651.0,458.0,481.0,593.0
1894671.0,465.0,486.0,593.0
1894691.0,456.0,483.0,600.0
1894711.0,448.0,473.0,589.0
1894731.0,454.0,479.0,600.0
1894751.0,455.0,483.0,595.0
1894771.0,458.0,486.0,595.0
1894791.0,470.0,493.0,603.0
1894811.0,465.0,488.0,596.0
1894831.0,465.0,483.0,598.0
1894851.0,464.0,479.0,597.0
1894871.0,477.0,487.0,615.0
1894891.0,476.0,474.0,604.0
1894911.0,485.0,484.0,614.0
1894931.0,476.0,479.0,606.0
1894951.0,469.0,476.0,602.0
1894971.0,467.0,472.0,602.0
1894991.0,462.0,466.0,597.0
1895011.0,467.0,469.0,606.0
1895031.0,465.0,479.0,611.0
1895051.0,471.0,491.0,618.0
1895071.0,469.0,500.0,614.0
1895091.0,463.0,489.0,609.0
1895111.0,471.0,493.0,618.0
1895131.0,471.0,496.0,610.0
1895151.0,464.0,504.0,605.0
1895171.0,461.0,520.0,614.0
1895191.0,449.0,515.0,611.0
1895211.0,448.0,509.0,617.0
1895231.0,454.0,506.0,611.0
1895251.0,465.0,517.0,618.0
1895271.0,451.0,507.0,607.0
1895291.0,454.0,511.0,616.0
1895311.0,456.0,507.0,607.0
1895331.0,457.0,513.0,600.0
1895351.0,457.0,518.0,602.0
1895371.0,451.0,516.0,590.0
1895391.0,457.0,528.0,595.0
1895411.0,456.0,533.0,600.0
1895431.0,459.0,540.0,601.0
1895451.0,454.0,541.0,594.0
1895471.0,443.0,522.0,593.0
1895490.0,447.0,513.0,601.0
1895510.0,452.0,508.0,598.0
1895530.0,459.0,502.0,606.0
1895550.0,459.0,499.0,612.0
1895570.0,452.0,492.0,605.0
1895590.0,450.0,498.0,604.0
1895610.0,453.0,506.0,604.0
1895630.0,462.0,520.0,613.0
1895650.0,455.0,515.0,601.0
1895670.0,461.0,522.0,611.0
1895690.0,455.0,514.0,608.0
1895710.0,452.0,509.0,608.0
1895730.0,449.0,505.0,607.0
1895750.0,447.0,498.0,601.0
1895770.0,451.0,501.0,604.0
1895790.0,455.0,506.0,607.0
1895810.0,455.0,506.0,605.0
1895830.0,453.0,507.0,602.0
1895850.0,449.0,501.0,595.0
1895870.0,451.0,504.0,601.0
1895890.0,449.0,502.0,605.0
1895910.0,449.0,499.0,605.0
1895930.0,455.0,505.0,609.0
1895950.0,453.0,503.0,601.0
1895970.0,454.0,503.0,601.0
1895990.0,453.0,503.0,601.0
1896010.0,457.0,510.0,614.0
1896030.0,452.0,505.0,604.0
1896050.0,457.0,508.0,610.0
1896070.0,454.0,501.0,605.0
1896090.0,452.0,499.0,603.0
1896110.0,450.0,499.0,600.0
1896130.0,450.0,496.0,598.0
1896150.0,454.0,501.0,604.0
1896170.0,455.0,506.0,608.0
1896190.0,453.0,502.0,606.0
1896210.0,452.0,502.0,606.0
1896230.0,462.0,509.0,616.0
1896250.0,454.0,501.0,604.0
1896270.0,452.0,503.0,605.0
1896290.0,447.0,496.0,595.0
1896310.0,456.0,505.0,608.0
1896330.0,452.0,502.0,605.0
1896350.0,454.0,503.0,604.0
1896370.0,453.0,503.0,604.0
1896390.0,459.0,511.0,614.0
1896410.0,454.0,503.0,605.0
1896430.0,459.0,507.0,612.0
1896450.0,454.0,503.0,606.0
1896470.0,454.0,502.0,602.0
1896490.0,453.0,501.0,603.0
1896510.0,452.0,497.0,599.0
1896530.0,455.0,501.0,605.0
1896550.0,457.0,505.0,607.0
1896570.0,457.0,503.0,607.0
1896590.0,454.0,502.0,607.0
1896610.0,463.0,509.0,614.0
1896630.0,454.0,500.0,607.0
1896650.0,453.0,501.0,605.0
1896670.0,468.0,513.0,618.0
1896690.0,458.0,503.0,606.0
1896710.0,454.0,502.0,605.0
1896730.0,454.0,501.0,605.0
1896750.0,455.0,502.0,606.0
1896770.0,456.0,501.0,604.0
1896790.0,454.0,503.0,605.0
1896810.0,458.0,507.0,611.0
1896830.0,454.0,502.0,606.0
1896850.0,452.0,501.0,606.0
1896870.0,453.0,501.0,604.0
1896890.0,451.0,497.0,599.0
1896910.0,454.0,501.0,603.0
1896930.0,455.0,503.0,607.0
1896950.0,454.0,503.0,606.0
1896970.0,454.0,503.0,606.0
1896990.0,462.0,509.0,613.0
1897010.0,454.0,502.0,604.0
1897030.0,453.0,501.0,604.0
1897050.0,464.0,511.0,616.0
1897070.0,456.0,504.0,607.0
1897090.0,454.0,502.0,604.0
1897110.0,454.0,500.0,605.0
1897130.0,454.0,501.0,605.0
1897150.0,454.0,501.0,605.0
1897170.0,454.0,502.0,605.0
1897190.0,456.0,505.0,608.0
1897210.0,454.0,503.0,606.0
1897230.0,454.0,501.0,604.0
1897250.0,454.0,500.0,603.0
1897270.0,452.0,497.0,599.0
1897290.0,453.0,502.0,603.0
1897310.0,453.0,505.0,607.0
1897330.0,455.0,503.0,605.0
1897349.0,455.0,502.0,606.0
1897369.0,461.0,509.0,612.0
1897389.0,454.0,502.0,605.0
1897409.0,453.0,502.0,604.0
1897429.0,462.0,511.0,616.0
1897449.0,455.0,502.0,606.0
1897470.0,440.0,484.0,585.0
1897489.0,453.0,501.0,606.0
1897509.0,455.0,502.0,605.0
1897529.0,454.0,502.0,603.0
1897549.0,453.0,503.0,604.0
1897569.0,455.0,505.0,608.0
1897589.0,453.0,504.0,606.0
1897609.0,454.0,503.0,605.0
1897629.0,454.0,503.0,604.0
1897649.0,451.0,498.0,599.0
1897669.0,453.0,500.0,605.0
1897689.0,453.0,503.0,606.0
1897709.0,452.0,501.0,605.0
1897729.0,452.0,503.0,604.0
1897749.0,459.0,508.0,612.0
1897769.0,454.0,500.0,604.0
1897789.0,453.0,502.0,604.0
1897809.0,462.0,510.0,615.0
1897829.0,454.0,503.0,606.0
1897849.0,438.0,485.0,585.0
1897869.0,453.0,501.0,604.0
1897889.0,453.0,501.0,603.0
1897909.0,454.0,501.0,605.0
1897929.0,453.0,501.0,604.0
1897949.0,456.0,504.0,608.0
1897969.0,455.0,504.0,605.0
1897989.0,451.0,501.0,604.0
1898009.0,452.0,499.0,603.0
1898030.0,452.0,498.0,601.0
1898049.0,453.0,502.0,604.0
1898069.0,452.0,504.0,608.0
1898089.0,452.0,503.0,605.0
1898109.0,452.0,502.0,604.0
1898129.0,460.0,507.0,611.0
1898149.0,454.0,501.0,604.0
1898169.0,452.0,501.0,605.0
1898189.0,460.0,508.0,615.0
1898209.0,454.0,502.0,606.0
1898229.0,441.0,487.0,585.0
1898249.0,455.0,502.0,604.0
1898269.0,453.0,502.0,604.0
1898289.0,451.0,501.0,605.0
1898309.0,454.0,501.0,604.0
1898329.0,456.0,504.0,607.0
1898349.0,454.0,501.0,601.0
1898369.0,453.0,500.0,605.0
1898389.0,453.0,499.0,605.0
1898409.0,452.0,498.0,602.0
1898429.0,455.0,501.0,605.0
1898449.0,452.0,500.0,603.0
1898469.0,453.0,501.0,606.0
1898489.0,453.0,502.0,606.0
1898509.0,460.0,506.0,609.0
1898529.0,456.0,500.0,604.0
1898549.0,453.0,500.0,604.0
1898569.0,459.0,508.0,613.0
1898589.0,455.0,502.0,605.0
1898609.0,442.0,487.0,587.0
1898629.0,454.0,501.0,604.0
1898649.0,453.0,500.0,604.0
1898669.0,454.0,499.0,604.0
1898689.0,456.0,500.0,604.0
1898709.0,455.0,502.0,607.0
1898729.0,438.0,483.0,583.0
1898749.0,453.0,501.0,604.0
1898769.0,452.0,500.0,605.0
1898789.0,451.0,497.0,603.0
1898809.0,454.0,502.0,605.0
1898829.0,453.0,499.0,603.0
1898849.0,455.0,501.0,605.0
1898869.0,453.0,500.0,604.0
1898889.0,459.0,505.0,609.0
1898909.0,453.0,500.0,604.0
1898929.0,454.0,500.0,605.0
1898949.0,461.0,510.0,613.0
1898969.0,456.0,503.0,605.0
1898989.0,459.0,504.0,609.0
1899009.0,454.0,500.0,604.0
1899029.0,455.0,500.0,605.0
1899049.0,454.0,500.0,604.0
1899069.0,454.0,500.0,605.0
1899089.0,455.0,503.0,608.0
1899109.0,439.0,485.0,585.0
1899129.0,454.0,500.0,606.0
1899149.0,455.0,500.0,604.0
1899169.0,454.0,498.0,601.0
1899189.0,455.0,501.0,605.0
1899209.0,452.0,500.0,605.0
1899228.0,453.0,501.0,605.0
1899248.0,453.0,502.0,607.0
1899268.0,454.0,499.0,602.0
1899288.0,455.0,502.0,606.0
1899308.0,454.0,502.0,604.0
1899328.0,459.0,509.0,611.0
1899348.0,455.0,503.0,606.0
1899368.0,458.0,505.0,608.0
1899388.0,440.0,485.0,584.0
1899408.0,454.0,502.0,605.0
1899428.0,452.0,502.0,605.0
1899448.0,454.0,501.0,605.0
1899468.0,456.0,504.0,608.0
1899488.0,441.0,488.0,586.0
1899508.0,452.0,502.0,605.0
1899528.0,452.0,502.0,604.0
1899548.0,453.0,500.0,601.0
1899568.0,456.0,502.0,604.0
1899588.0,452.0,501.0,603.0
1899608.0,437.0,485.0,584.0
1899628.0,452.0,503.0,606.0
1899648.0,452.0,501.0,602.0
1899668.0,454.0,502.0,604.0
1899688.0,453.0,502.0,605.0
1899708.0,459.0,508.0,611.0
1899728.0,454.0,503.0,605.0
1899748.0,458.0,505.0,608.0
1899768.0,439.0,486.0,584.0
1899788.0,454.0,503.0,604.0
1899808.0,454.0,503.0,603.0
1899828.0,455.0,503.0,605.0
1899848.0,455.0,504.0,606.0
1899868.0,457.0,506.0,609.0
1899888.0,453.0,502.0,606.0
1899908.0,454.0,503.0,604.0
1899928.0,452.0,500.0,603.0
1899948.0,454.0,503.0,605.0
1899968.0,452.0,503.0,603.0
1899988.0,439.0,487.0,585.0
1900008.0,451.0,503.0,605.0
1900028.0,452.0,500.0,602.0
1900048.0,453.0,503.0,605.0
1900068.0,453.0,504.0,605.0
1900088.0,460.0,508.0,610.0
1900108.0,453.0,504.0,604.0
1900128.0,458.0,506.0,608.0
1900149.0,445.0,491.0,590.0
1900168.0,454.0,503.0,605.0
1900188.0,454.0,502.0,605.0
1900208.0,453.0,502.0,604.0
1900228.0,455.0,503.0,606.0
1900248.0,459.0,507.0,611.0
1900268.0,454.0,503.0,604.0
1900288.0,453.0,503.0,605.0
1900308.0,453.0,501.0,602.0
1900328.0,455.0,503.0,604.0
1900348.0,452.0,502.0,604.0
1900368.0,441.0,488.0,586.0
1900388.0,452.0,503.0,605.0
1900408.0,452.0,501.0,603.0
1900428.0,454.0,502.0,604.0
1900448.0,453.0,503.0,604.0
1900468.0,458.0,507.0,611.0
1900488.0,438.0,484.0,583.0
1900508.0,456.0,505.0,607.0
1900528.0,444.0,491.0,589.0
1900548.0,455.0,503.0,603.0
1900568.0,453.0,502.0,605.0
1900588.0,454.0,502.0,605.0
1900608.0,454.0,505.0,606.0
1900628.0,459.0,508.0,611.0
1900648.0,453.0,502.0,604.0
1900668.0,453.0,501.0,605.0
1900688.0,454.0,501.0,603.0
1900708.0,454.0,502.0,604.0
1900728.0,452.0,501.0,604.0
1900748.0,458.0,506.0,608.0
1900768.0,454.0,502.0,604.0
1900788.0,454.0,501.0,604.0
1900808.0,455.0,503.0,604.0
1900828.0,454.0,502.0,604.0
1900848.0,457.0,505.0,611.0
1900868.0,440.0,486.0,586.0
1900888.0,457.0,505.0,607.0
1900908.0,444.0,490.0,591.0
1900928.0,455.0,502.0,605.0
1900948.0,453.0,501.0,605.0
1900968.0,454.0,502.0,605.0
1900988.0,437.0,486.0,584.0
1901008.0,458.0,506.0,610.0
1901028.0,453.0,502.0,604.0
1901048.0,454.0,503.0,604.0
1901068.0,453.0,500.0,602.0
1901088.0,454.0,502.0,605.0
1901107.0,451.0,501.0,605.0
1901127.0,461.0,509.0,614.0
1901147.0,452.0,503.0,605.0
1901167.0,453.0,501.0,603.0
1901187.0,454.0,502.0,604.0
1901207.0,453.0,503.0,606.0
1901227.0,456.0,507.0,611.0
1901247.0,458.0,505.0,607.0
1901267.0,455.0,505.0,606.0
1901287.0,445.0,490.0,590.0
1901307.0,455.0,501.0,605.0
1901327.0,453.0,502.0,605.0
1901347.0,455.0,503.0,605.0
1901367.0,439.0,485.0,583.0
1901387.0,458.0,506.0,609.0
1901407.0,453.0,503.0,605.0
1901427.0,455.0,501.0,604.0
1901447.0,453.0,500.0,604.0
1901467.0,455.0,502.0,605.0
1901487.0,452.0,503.0,605.0
1901507.0,460.0,508.0,612.0
1901527.0,453.0,502.0,605.0
1901547.0,452.0,500.0,604.0
1901567.0,454.0,502.0,604.0
1901587.0,454.0,502.0,605.0
1901607.0,457.0,506.0,609.0
1901627.0,459.0,508.0,611.0
1901647.0,455.0,504.0,608.0
1901667.0,446.0,491.0,592.0
1901687.0,454.0,502.0,604.0
1901707.0,453.0,502.0,604.0
1901727.0,454.0,503.0,605.0
1901747.0,440.0,487.0,586.0
1901767.0,458.0,506.0,609.0
1901787.0,453.0,502.0,604.0
1901807.0,454.0,502.0,604.0
1901827.0,454.0,501.0,602.0
1901847.0,453.0,502.0,605.0
1901867.0,440.0,485.0,586.0
1901887.0,459.0,509.0,612.0
1901907.0,453.0,503.0,605.0
1901927.0,452.0,501.0,603.0
1901947.0,454.0,502.0,604.0
1901967.0,454.0,503.0,604.0
1901987.0,456.0,505.0,609.0
1902007.0,459.0,507.0,611.0
1902027.0,455.0,503.0,607.0
1902047.0,445.0,493.0,594.0
1902067.0,454.0,502.0,605.0
1902087.0,454.0,502.0,604.0
1902107.0,454.0,502.0,605.0
1902127.0,458.0,505.0,607.0
1902147.0,456.0,505.0,608.0
1902167.0,454.0,503.0,605.0
1902187.0,454.0,502.0,604.0
1902207.0,452.0,500.0,603.0
1902227.0,454.0,502.0,605.0
1902247.0,441.0,487.0,586.0
1902267.0,459.0,508.0,611.0
1902287.0,453.0,502.0,605.0
1902307.0,453.0,501.0,603.0
1902327.0,454.0,503.0,605.0
1902347.0,453.0,502.0,604.0
1902367.0,455.0,505.0,608.0
1902387.0,458.0,508.0,611.0
1902407.0,455.0,504.0,607.0
1902427.0,447.0,493.0,595.0
1902447.0,453.0,501.0,604.0
1902467.0,453.0,502.0,604.0
1902487.0,454.0,503.0,604.0
1902507.0,462.0,511.0,614.0
1902527.0,454.0,503.0,605.0
1902547.0,453.0,502.0,605.0
1902567.0,453.0,501.0,604.0
1902587.0,465.0,515.0,618.0
1902607.0,454.0,502.0,604.0
1902627.0,442.0,488.0,591.0
1902647.0,459.0,507.0,609.0
1902667.0,453.0,503.0,604.0
1902687.0,453.0,501.0,603.0
1902707.0,453.0,502.0,603.0
1902727.0,454.0,502.0,604.0
1902747.0,457.0,505.0,608.0
1902767.0,458.0,508.0,611.0
1902787.0,453.0,505.0,606.0
1902807.0,448.0,494.0,595.0
1902827.0,454.0,502.0,604.0
1902847.0,454.0,502.0,605.0
1902867.0,455.0,502.0,604.0
1902887.0,460.0,509.0,612.0
1902907.0,454.0,504.0,606.0
1902927.0,453.0,501.0,605.0
1902947.0,453.0,502.0,604.0
1902967.0,465.0,513.0,618.0
1902986.0,454.0,502.0,605.0
1903006.0,459.0,507.0,609.0
1903026.0,458.0,507.0,610.0
1903046.0,452.0,502.0,604.0
1903066.0,453.0,502.0,603.0
1903086.0,449.0,495.0,597.0
1903106.0,455.0,501.0,604.0
1903126.0,456.0,504.0,608.0
1903146.0,458.0,506.0,610.0
1903166.0,455.0,504.0,607.0
1903186.0,450.0,494.0,596.0
1903206.0,455.0,501.0,605.0
1903226.0,454.0,500.0,606.0
1903246.0,455.0,502.0,605.0
1903266.0,459.0,507.0,611.0
1903286.0,454.0,503.0,606.0
1903306.0,456.0,502.0,605.0
1903326.0,455.0,502.0,604.0
1903346.0,465.0,511.0,617.0
1903366.0,454.0,501.0,604.0
1903386.0,462.0,509.0,614.0
1903406.0,455.0,503.0,607.0
1903426.0,454.0,502.0,605.0
1903446.0,454.0,502.0,604.0
1903466.0,449.0,496.0,597.0
1903486.0,454.0,503.0,604.0
1903506.0,455.0,504.0,607.0
1903526.0,457.0,505.0,610.0
1903546.0,455.0,503.0,607.0
1903566.0,451.0,496.0,597.0
1903586.0,455.0,501.0,605.0
1903606.0,455.0,501.0,605.0
1903626.0,454.0,502.0,604.0
1903646.0,461.0,506.0,612.0
1903666.0,454.0,503.0,606.0
1903686.0,453.0,502.0,605.0
1903706.0,454.0,501.0,603.0
1903726.0,463.0,510.0,616.0
1903746.0,456.0,500.0,605.0
1903766.0,462.0,507.0,612.0
1903786.0,455.0,503.0,606.0
1903806.0,451.0,500.0,605.0
1903826.0,454.0,499.0,604.0
1903846.0,452.0,496.0,597.0
1903866.0,454.0,503.0,604.0
1903886.0,454.0,504.0,606.0
1903906.0,457.0,504.0,608.0
1903926.0,453.0,501.0,606.0
1903946.0,449.0,494.0,598.0
1903966.0,452.0,499.0,605.0
1903986.0,452.0,500.0,605.0
1904006.0,453.0,500.0,603.0
1904026.0,458.0,506.0,610.0
1904046.0,453.0,502.0,603.0
1904066.0,453.0,502.0,603.0
1904086.0,453.0,501.0,603.0
1904106.0,459.0,510.0,614.0
1904126.0,452.0,501.0,604.0
1904146.0,460.0,506.0,612.0
1904166.0,454.0,501.0,605.0
1904186.0,451.0,500.0,604.0
1904206.0,453.0,498.0,604.0
1904226.0,450.0,495.0,597.0
1904246.0,452.0,499.0,605.0
1904266.0,453.0,504.0,611.0
1904286.0,455.0,502.0,607.0
1904306.0,454.0,501.0,603.0
1904326.0,450.0,495.0,596.0
1904346.0,452.0,500.0,603.0
1904366.0,452.0,499.0,602.0
1904386.0,454.0,499.0,605.0
1904406.0,458.0,505.0,611.0
1904426.0,453.0,499.0,604.0
1904446.0,453.0,498.0,605.0
1904466.0,452.0,499.0,604.0
1904486.0,460.0,507.0,613.0
1904506.0,454.0,500.0,604.0
1904526.0,460.0,504.0,611.0
1904546.0,456.0,500.0,606.0
1904566.0,455.0,498.0,605.0
1904586.0,454.0,499.0,604.0
1904606.0,449.0,496.0,598.0
1904626.0,453.0,501.0,604.0
1904646.0,454.0,503.0,608.0
1904666.0,457.0,499.0,607.0
1904686.0,455.0,498.0,607.0
1904706.0,464.0,506.0,615.0
1904726.0,455.0,499.0,604.0
1904746.0,454.0,500.0,604.0
1904766.0,448.0,494.0,597.0
1904786.0,456.0,502.0,608.0
1904806.0,452.0,498.0,605.0
1904826.0,453.0,499.0,603.0
1904845.0,454.0,499.0,603.0
1904865.0,459.0,507.0,611.0
1904885.0,454.0,498.0,603.0
1904905.0,458.0,504.0,613.0
1904925.0,453.0,500.0,607.0
1904945.0,451.0,500.0,605.0
1904965.0,452.0,499.0,602.0
1904985.0,452.0,495.0,599.0
1905005.0,456.0,499.0,604.0
1905025.0,455.0,502.0,607.0
1905045.0,455.0,500.0,605.0
1905065.0,453.0,500.0,604.0
1905085.0,461.0,508.0,614.0
1905105.0,453.0,499.0,604.0
1905125.0,453.0,499.0,605.0
1905145.0,465.0,509.0,619.0
1905165.0,455.0,500.0,607.0
1905185.0,453.0,500.0,605.0
1905205.0,454.0,499.0,605.0
1905225.0,454.0,499.0,604.0
1905245.0,454.0,500.0,604.0
1905265.0,455.0,500.0,604.0
1905285.0,459.0,505.0,611.0
1905305.0,455.0,500.0,605.0
1905325.0,454.0,499.0,605.0
1905345.0,454.0,499.0,604.0
1905365.0,452.0,496.0,600.0
1905385.0,455.0,500.0,605.0
1905405.0,455.0,503.0,608.0
1905425.0,456.0,501.0,606.0
1905445.0,454.0,499.0,605.0
1905465.0,461.0,507.0,613.0
1905485.0,454.0,499.0,605.0
1905505.0,454.0,499.0,606.0
1905525.0,464.0,510.0,617.0
1905545.0,457.0,501.0,607.0
1905565.0,453.0,501.0,604.0
1905585.0,453.0,500.0,603.0
1905605.0,454.0,500.0,604.0
1905625.0,454.0,500.0,604.0
1905645.0,454.0,500.0,604.0
1905665.0,455.0,502.0,607.0
1905685.0,453.0,500.0,606.0
1905705.0,453.0,500.0,604.0
1905725.0,454.0,498.0,604.0
1905745.0,451.0,495.0,601.0
1905765.0,452.0,499.0,603.0
1905785.0,453.0,502.0,607.0
1905805.0,455.0,500.0,606.0
1905825.0,452.0,500.0,605.0
1905845.0,460.0,506.0,611.0
1905865.0,454.0,498.0,604.0
1905885.0,451.0,497.0,605.0
1905905.0,462.0,507.0,617.0
1905925.0,456.0,501.0,606.0
1905945.0,441.0,485.0,584.0
1905965.0,454.0,501.0,603.0
1905985.0,451.0,501.0,603.0
1906005.0,452.0,501.0,603.0
1906025.0,453.0,502.0,603.0
1906045.0,458.0,501.0,609.0
1906065.0,448.0,499.0,603.0
1906085.0,447.0,500.0,602.0
1906105.0,450.0,502.0,601.0
1906125.0,451.0,499.0,599.0
1906145.0,452.0,502.0,605.0
1906165.0,452.0,502.0,608.0
1906185.0,453.0,500.0,604.0
1906205.0,453.0,501.0,602.0
1906225.0,460.0,507.0,610.0
1906245.0,454.0,499.0,605.0
1906265.0,452.0,500.0,605.0
1906285.0,461.0,509.0,616.0
1906305.0,454.0,502.0,607.0
1906325.0,438.0,485.0,584.0
1906345.0,453.0,502.0,604.0
1906365.0,454.0,501.0,603.0
1906385.0,453.0,502.0,602.0
1906405.0,454.0,501.0,603.0
1906425.0,454.0,501.0,607.0
1906445.0,453.0,501.0,606.0
1906465.0,452.0,503.0,603.0
1906485.0,453.0,503.0,604.0
1906505.0,451.0,500.0,600.0
1906525.0,453.0,501.0,604.0
1906545.0,452.0,503.0,607.0
1906565.0,453.0,501.0,604.0
1906585.0,453.0,501.0,604.0
1906605.0,460.0,507.0,612.0
1906625.0,454.0,501.0,604.0
1906645.0,453.0,500.0,605.0
1906665.0,461.0,509.0,614.0
1906685.0,454.0,503.0,605.0
1906705.0,440.0,485.0,586.0
1906724.0,453.0,500.0,605.0
1906744.0,454.0,500.0,604.0
1906764.0,453.0,501.0,603.0
1906784.0,453.0,501.0,604.0
1906804.0,455.0,502.0,606.0
1906824.0,452.0,502.0,605.0
1906844.0,453.0,502.0,606.0
1906864.0,454.0,502.0,604.0
1906885.0,453.0,499.0,600.0
1906904.0,455.0,501.0,605.0
1906924.0,451.0,501.0,603.0
1906944.0,453.0,502.0,605.0
1906964.0,453.0,501.0,605.0
1906984.0,459.0,506.0,612.0
1907004.0,455.0,501.0,605.0
1907024.0,455.0,502.0,605.0
1907044.0,461.0,510.0,614.0
1907064.0,455.0,503.0,606.0
1907084.0,441.0,487.0,588.0
1907104.0,455.0,502.0,606.0
1907124.0,455.0,501.0,604.0
1907144.0,454.0,501.0,605.0
1907164.0,453.0,501.0,604.0
1907184.0,455.0,503.0,607.0
1907204.0,439.0,484.0,583.0
1907224.0,453.0,502.0,606.0
1907244.0,453.0,501.0,604.0
1907265.0,452.0,499.0,601.0
1907284.0,455.0,502.0,605.0
1907304.0,452.0,501.0,604.0
1907324.0,454.0,502.0,606.0
1907344.0,453.0,502.0,606.0
1907364.0,459.0,506.0,612.0
1907384.0,455.0,502.0,604.0
1907404.0,455.0,501.0,603.0
1907424.0,460.0,510.0,613.0
1907444.0,454.0,503.0,607.0
1907464.0,459.0,505.0,611.0
1907484.0,455.0,502.0,604.0
1907504.0,453.0,501.0,605.0
1907524.0,453.0,501.0,604.0
1907544.0,454.0,502.0,605.0
1907564.0,455.0,503.0,607.0
1907584.0,439.0,485.0,584.0
1907604.0,452.0,501.0,604.0
1907624.0,454.0,501.0,604.0
1907644.0,452.0,499.0,602.0
1907664.0,454.0,502.0,605.0
1907684.0,451.0,501.0,604.0
1907704.0,454.0,501.0,605.0
1907724.0,454.0,502.0,605.0
1907744.0,453.0,500.0,603.0
1907764.0,454.0,502.0,605.0
1907784.0,453.0,503.0,605.0
1907804.0,459.0,509.0,612.0
1907824.0,454.0,503.0,605.0
1907844.0,457.0,505.0,609.0
1907864.0,455.0,501.0,604.0
1907884.0,454.0,501.0,604.0
1907904.0,453.0,502.0,603.0
1907924.0,454.0,502.0,605.0
1907944.0,455.0,503.0,606.0
1907964.0,440.0,487.0,586.0
1907984.0,453.0,502.0,604.0
1908004.0,453.0,501.0,604.0
1908024.0,453.0,498.0,601.0
1908044.0,454.0,503.0,604.0
1908064.0,451.0,502.0,604.0
1908084.0,439.0,485.0,584.0
1908104.0,452.0,503.0,606.0
1908124.0,452.0,500.0,603.0
1908144.0,454.0,502.0,604.0
1908164.0,454.0,502.0,605.0
1908184.0,458.0,507.0,613.0
1908204.0,454.0,503.0,607.0
1908224.0,457.0,505.0,609.0
1908244.0,439.0,486.0,584.0
1908264.0,452.0,502.0,604.0
1908284.0,453.0,502.0,604.0
1908304.0,454.0,502.0,604.0
1908324.0,454.0,503.0,605.0
1908344.0,458.0,505.0,607.0
1908364.0,451.0,502.0,604.0
1908384.0,454.0,502.0,606.0
1908404.0,453.0,499.0,602.0
1908424.0,455.0,502.0,603.0
1908444.0,451.0,502.0,605.0
1908464.0,440.0,487.0,585.0
1908484.0,452.0,502.0,606.0
1908504.0,452.0,500.0,603.0
1908524.0,453.0,503.0,604.0
1908544.0,453.0,503.0,605.0
1908564.0,458.0,507.0,611.0
1908584.0,454.0,503.0,606.0
1908603.0,457.0,506.0,608.0
1908624.0,444.0,490.0,591.0
1908643.0,455.0,503.0,605.0
1908663.0,453.0,502.0,604.0
1908683.0,455.0,502.0,605.0
1908703.0,454.0,504.0,607.0
1908723.0,458.0,507.0,611.0
1908743.0,452.0,503.0,604.0
1908763.0,453.0,503.0,604.0
1908783.0,454.0,501.0,602.0
1908803.0,454.0,503.0,605.0
1908823.0,451.0,501.0,603.0
1908843.0,440.0,487.0,588.0
1908863.0,453.0,503.0,607.0
1908883.0,454.0,501.0,602.0
1908903.0,454.0,503.0,604.0
1908923.0,453.0,502.0,604.0
1908943.0,458.0,507.0,610.0
1908963.0,438.0,484.0,583.0
1908983.0,457.0,504.0,609.0
1909004.0,445.0,490.0,591.0
1909023.0,453.0,502.0,604.0
1909043.0,454.0,502.0,605.0
1909063.0,454.0,502.0,605.0
1909083.0,455.0,503.0,605.0
1909103.0,459.0,506.0,610.0
1909123.0,453.0,503.0,605.0
1909143.0,453.0,502.0,605.0
1909163.0,454.0,500.0,602.0
1909183.0,454.0,503.0,604.0
1909203.0,452.0,502.0,604.0
1909223.0,462.0,511.0,613.0
1909243.0,454.0,503.0,605.0
1909263.0,453.0,502.0,603.0
1909283.0,454.0,504.0,605.0
1909303.0,455.0,503.0,604.0
1909323.0,457.0,508.0,609.0
1909343.0,440.0,486.0,586.0
1909363.0,457.0,505.0,607.0
1909383.0,444.0,491.0,591.0
1909403.0,455.0,504.0,605.0
1909423.0,454.0,503.0,604.0
1909443.0,455.0,503.0,603.0
1909463.0,438.0,486.0,583.0
1909483.0,459.0,507.0,610.0
1909503.0,453.0,503.0,605.0
1909523.0,453.0,503.0,603.0
1909543.0,454.0,501.0,602.0
1909563.0,454.0,503.0,605.0
1909583.0,453.0,503.0,605.0
1909603.0,460.0,510.0,612.0
1909623.0,453.0,503.0,605.0
1909643.0,453.0,502.0,604.0
1909663.0,454.0,503.0,605.0
1909683.0,454.0,504.0,605.0
1909703.0,455.0,508.0,610.0
1909723.0,456.0,505.0,608.0
1909743.0,456.0,506.0,607.0
1909763.0,446.0,492.0,591.0
1909783.0,454.0,503.0,603.0
1909803.0,453.0,504.0,604.0
1909823.0,455.0,504.0,605.0
1909843.0,440.0,487.0,584.0
1909863.0,457.0,507.0,608.0
1909883.0,454.0,504.0,604.0
1909903.0,453.0,503.0,604.0
1909923.0,454.0,502.0,602.0
1909943.0,454.0,503.0,604.0
1909963.0,451.0,502.0,605.0
1909983.0,459.0,509.0,612.0
1910003.0,452.0,504.0,604.0
1910023.0,452.0,503.0,604.0
1910043.0,454.0,504.0,604.0
1910063.0,453.0,504.0,604.0
1910083.0,456.0,507.0,609.0
1910103.0,460.0,509.0,612.0
1910123.0,455.0,505.0,607.0
1910143.0,446.0,493.0,593.0
1910163.0,453.0,503.0,605.0
1910183.0,453.0,503.0,605.0
1910203.0,454.0,504.0,604.0
1910223.0,454.0,505.0,607.0
1910243.0,456.0,507.0,607.0
1910263.0,453.0,504.0,605.0
1910283.0,453.0,504.0,605.0
1910303.0,453.0,503.0,603.0
1910323.0,454.0,504.0,605.0
1910343.0,439.0,488.0,584.0
1910363.0,458.0,511.0,611.0
1910383.0,452.0,504.0,604.0
1910403.0,454.0,502.0,603.0
