650495.0,522.0,508.0,625.0
650515.0,511.0,495.0,610.0
650535.0,521.0,506.0,623.0
650555.0,519.0,506.0,622.0
650575.0,520.0,507.0,622.0
650595.0,505.0,491.0,604.0
650615.0,524.0,510.0,627.0
650635.0,520.0,506.0,622.0
650655.0,520.0,506.0,623.0
650675.0,519.0,505.0,621.0
650695.0,521.0,507.0,623.0
650715.0,517.0,507.0,624.0
650735.0,526.0,512.0,629.0
650755.0,519.0,506.0,623.0
650775.0,519.0,505.0,621.0
650795.0,519.0,506.0,622.0
650815.0,521.0,506.0,622.0
650835.0,523.0,509.0,626.0
650855.0,523.0,508.0,625.0
650875.0,521.0,508.0,624.0
650895.0,512.0,496.0,611.0
650915.0,520.0,505.0,624.0
650935.0,520.0,505.0,623.0
650955.0,521.0,506.0,622.0
650975.0,507.0,492.0,604.0
650995.0,523.0,509.0,626.0
651015.0,519.0,506.0,623.0
651035.0,521.0,506.0,622.0
651055.0,520.0,504.0,620.0
651075.0,521.0,507.0,622.0
651095.0,503.0,491.0,603.0
651115.0,526.0,512.0,629.0
651135.0,519.0,506.0,622.0
651154.0,519.0,505.0,621.0
651174.0,521.0,506.0,622.0
651194.0,521.0,506.0,622.0
651214.0,522.0,509.0,626.0
651234.0,527.0,512.0,629.0
651254.0,522.0,507.0,623.0
651274.0,514.0,497.0,612.0
651294.0,521.0,506.0,623.0
651314.0,520.0,505.0,622.0
651334.0,521.0,506.0,623.0
651354.0,526.0,509.0,626.0
651374.0,524.0,509.0,628.0
651394.0,519.0,508.0,622.0
651414.0,520.0,506.0,622.0
651434.0,522.0,505.0,620.0
651454.0,523.0,507.0,622.0
651474.0,506.0,491.0,603.0
651494.0,526.0,511.0,627.0
651514.0,520.0,506.0,622.0
651534.0,520.0,505.0,622.0
651554.0,521.0,505.0,623.0
651574.0,519.0,505.0,622.0
651594.0,522.0,509.0,626.0
651614.0,527.0,511.0,628.0
651634.0,524.0,508.0,624.0
651654.0,515.0,499.0,614.0
651674.0,520.0,506.0,623.0
651694.0,520.0,506.0,622.0
651714.0,521.0,506.0,622.0
651734.0,529.0,513.0,631.0
651754.0,522.0,507.0,624.0
651774.0,521.0,506.0,622.0
651794.0,521.0,506.0,623.0
651814.0,533.0,518.0,636.0
651834.0,521.0,507.0,622.0
651854.0,507.0,492.0,606.0
651874.0,525.0,510.0,628.0
651894.0,519.0,507.0,624.0
651914.0,520.0,505.0,621.0
651934.0,521.0,506.0,623.0
651954.0,520.0,506.0,623.0
651974.0,522.0,508.0,625.0
651994.0,525.0,511.0,629.0
652014.0,521.0,507.0,624.0
652034.0,515.0,500.0,614.0
652054.0,522.0,506.0,622.0
652074.0,520.0,506.0,622.0
652094.0,520.0,506.0,622.0
652114.0,526.0,512.0,630.0
652134.0,521.0,507.0,623.0
652154.0,520.0,506.0,623.0
652174.0,521.0,506.0,622.0
652194.0,532.0,516.0,635.0
652214.0,520.0,507.0,624.0
652234.0,527.0,512.0,630.0
652254.0,523.0,509.0,626.0
652274.0,520.0,507.0,623.0
652294.0,520.0,506.0,622.0
652314.0,516.0,500.0,616.0
652334.0,520.0,506.0,622.0
652354.0,521.0,507.0,625.0
652374.0,523.0,509.0,626.0
652394.0,521.0,508.0,624.0
652414.0,516.0,501.0,616.0
652434.0,521.0,508.0,623.0
652454.0,520.0,506.0,622.0
652474.0,521.0,506.0,623.0
652494.0,527.0,513.0,630.0
652514.0,521.0,506.0,623.0
652534.0,519.0,506.0,623.0
652554.0,520.0,505.0,622.0
652574.0,530.0,514.0,633.0
652594.0,520.0,506.0,622.0
652614.0,526.0,511.0,629.0
652634.0,520.0,508.0,625.0
652654.0,519.0,506.0,623.0
652674.0,520.0,506.0,622.0
652694.0,516.0,501.0,617.0
652714.0,520.0,506.0,623.0
652734.0,520.0,508.0,626.0
652754.0,524.0,510.0,627.0
652774.0,521.0,506.0,623.0
652794.0,516.0,501.0,616.0
652814.0,520.0,506.0,623.0
652834.0,520.0,507.0,623.0
652854.0,520.0,506.0,622.0
652874.0,525.0,512.0,629.0
652894.0,519.0,507.0,623.0
652914.0,520.0,507.0,624.0
652934.0,520.0,507.0,622.0
652954.0,528.0,514.0,631.0
652974.0,521.0,506.0,622.0
652994.0,525.0,510.0,628.0
653013.0,520.0,508.0,624.0
653033.0,518.0,506.0,623.0
653053.0,519.0,506.0,622.0
653073.0,516.0,502.0,617.0
653093.0,520.0,506.0,622.0
653113.0,524.0,512.0,629.0
653133.0,521.0,507.0,625.0
653153.0,520.0,507.0,623.0
653173.0,517.0,501.0,617.0
653193.0,521.0,506.0,622.0
653213.0,521.0,506.0,622.0
653233.0,520.0,507.0,623.0
653253.0,526.0,510.0,629.0
653273.0,519.0,507.0,623.0
653293.0,519.0,507.0,623.0
653313.0,520.0,505.0,622.0
653333.0,526.0,513.0,631.0
653353.0,520.0,506.0,623.0
653373.0,524.0,510.0,627.0
653393.0,519.0,506.0,624.0
653413.0,519.0,506.0,623.0
653433.0,521.0,505.0,622.0
653453.0,516.0,502.0,618.0
653473.0,520.0,506.0,623.0
653493.0,523.0,511.0,629.0
653513.0,521.0,507.0,625.0
653533.0,520.0,507.0,624.0
653553.0,530.0,513.0,634.0
653573.0,522.0,505.0,620.0
653593.0,522.0,506.0,621.0
653613.0,517.0,503.0,616.0
653633.0,523.0,511.0,625.0
653653.0,517.0,507.0,623.0
653673.0,519.0,504.0,623.0
653693.0,521.0,504.0,621.0
653713.0,525.0,510.0,630.0
653733.0,519.0,505.0,623.0
653753.0,522.0,510.0,627.0
653773.0,521.0,509.0,625.0
653793.0,519.0,508.0,624.0
653813.0,520.0,506.0,622.0
653833.0,518.0,503.0,618.0
653853.0,521.0,506.0,622.0
653873.0,521.0,511.0,628.0
653893.0,520.0,507.0,623.0
653913.0,519.0,507.0,622.0
653933.0,528.0,513.0,631.0
653953.0,520.0,506.0,622.0
653973.0,520.0,507.0,622.0
653993.0,531.0,517.0,634.0
654013.0,522.0,509.0,625.0
654033.0,520.0,506.0,623.0
654053.0,520.0,507.0,623.0
654073.0,520.0,506.0,622.0
654093.0,521.0,506.0,622.0
654113.0,520.0,506.0,622.0
654133.0,522.0,509.0,626.0
654153.0,520.0,506.0,625.0
654173.0,519.0,506.0,622.0
654193.0,520.0,506.0,623.0
654213.0,518.0,503.0,619.0
654233.0,520.0,506.0,622.0
654253.0,522.0,510.0,627.0
654273.0,521.0,507.0,623.0
654293.0,520.0,507.0,623.0
654313.0,528.0,512.0,630.0
654333.0,521.0,506.0,622.0
654353.0,520.0,506.0,622.0
654373.0,531.0,516.0,634.0
654393.0,521.0,507.0,624.0
654413.0,519.0,506.0,623.0
654433.0,521.0,505.0,621.0
654453.0,521.0,505.0,623.0
654473.0,522.0,506.0,623.0
654493.0,521.0,507.0,622.0
654513.0,522.0,507.0,624.0
654533.0,521.0,508.0,624.0
654553.0,520.0,507.0,622.0
654573.0,520.0,505.0,622.0
654593.0,518.0,503.0,619.0
654613.0,521.0,506.0,622.0
654633.0,522.0,509.0,628.0
654653.0,521.0,506.0,624.0
654673.0,520.0,507.0,623.0
654693.0,528.0,512.0,629.0
654713.0,522.0,506.0,623.0
654733.0,521.0,507.0,622.0
654753.0,531.0,516.0,632.0
654773.0,522.0,507.0,624.0
654793.0,505.0,490.0,603.0
654813.0,519.0,506.0,623.0
654833.0,520.0,505.0,622.0
654853.0,521.0,505.0,622.0
654873.0,521.0,506.0,623.0
654892.0,522.0,507.0,623.0
654912.0,521.0,507.0,624.0
654932.0,520.0,507.0,623.0
654952.0,521.0,505.0,621.0
654973.0,521.0,503.0,620.0
654992.0,522.0,505.0,622.0
655012.0,521.0,509.0,626.0
655032.0,521.0,506.0,624.0
655052.0,519.0,507.0,624.0
655072.0,526.0,512.0,629.0
655092.0,521.0,507.0,622.0
655112.0,520.0,506.0,622.0
655132.0,529.0,514.0,632.0
655152.0,521.0,506.0,624.0
655172.0,506.0,491.0,605.0
655192.0,521.0,507.0,622.0
655212.0,520.0,505.0,623.0
655232.0,519.0,505.0,623.0
655252.0,520.0,506.0,622.0
655272.0,521.0,506.0,624.0
655293.0,506.0,489.0,604.0
655312.0,521.0,507.0,624.0
655332.0,521.0,507.0,622.0
655353.0,519.0,504.0,620.0
655372.0,521.0,506.0,623.0
655392.0,519.0,506.0,624.0
655412.0,520.0,506.0,624.0
655432.0,520.0,506.0,622.0
655452.0,525.0,511.0,629.0
655472.0,521.0,505.0,623.0
655492.0,521.0,506.0,622.0
655512.0,527.0,514.0,631.0
655532.0,521.0,508.0,624.0
655552.0,524.0,509.0,626.0
655572.0,520.0,506.0,622.0
655592.0,521.0,506.0,623.0
655612.0,519.0,505.0,622.0
655632.0,520.0,506.0,623.0
655652.0,520.0,507.0,623.0
655672.0,505.0,490.0,603.0
655692.0,520.0,506.0,623.0
655712.0,521.0,507.0,622.0
655732.0,519.0,504.0,620.0
655752.0,521.0,506.0,623.0
655772.0,519.0,507.0,623.0
655792.0,519.0,506.0,623.0
655812.0,519.0,507.0,623.0
655832.0,519.0,504.0,621.0
655852.0,521.0,506.0,623.0
655872.0,521.0,506.0,623.0
655892.0,527.0,512.0,631.0
655912.0,519.0,507.0,623.0
655932.0,524.0,509.0,627.0
655952.0,520.0,506.0,603.0
655972.0,521.0,506.0,622.0
655992.0,520.0,505.0,622.0
656012.0,520.0,506.0,622.0
656032.0,520.0,507.0,624.0
656052.0,506.0,491.0,605.0
656072.0,519.0,507.0,623.0
656092.0,520.0,506.0,622.0
656112.0,519.0,505.0,619.0
656132.0,521.0,506.0,622.0
656152.0,518.0,506.0,623.0
656172.0,505.0,491.0,604.0
656192.0,519.0,506.0,623.0
656212.0,518.0,504.0,621.0
656232.0,520.0,506.0,622.0
656252.0,520.0,506.0,621.0
656272.0,525.0,511.0,630.0
656292.0,519.0,507.0,624.0
656312.0,523.0,510.0,626.0
656332.0,506.0,491.0,603.0
656352.0,521.0,506.0,622.0
656372.0,521.0,506.0,622.0
656392.0,520.0,505.0,622.0
656412.0,519.0,506.0,623.0
656432.0,523.0,508.0,625.0
656452.0,519.0,506.0,623.0
656472.0,521.0,505.0,622.0
656492.0,520.0,504.0,620.0
656512.0,520.0,506.0,622.0
656532.0,518.0,507.0,624.0
656552.0,507.0,491.0,604.0
656572.0,519.0,506.0,623.0
656592.0,518.0,504.0,620.0
656612.0,521.0,505.0,622.0
656632.0,520.0,506.0,623.0
656652.0,524.0,511.0,628.0
656672.0,520.0,507.0,622.0
656692.0,522.0,508.0,626.0
656712.0,510.0,496.0,609.0
656732.0,521.0,506.0,623.0
656752.0,520.0,506.0,623.0
656771.0,521.0,506.0,623.0
656791.0,520.0,507.0,623.0
656811.0,526.0,511.0,628.0
656831.0,520.0,506.0,624.0
656851.0,520.0,507.0,622.0
656871.0,520.0,504.0,621.0
656891.0,521.0,505.0,622.0
656911.0,518.0,506.0,624.0
656931.0,524.0,510.0,626.0
656951.0,519.0,507.0,622.0
656971.0,518.0,504.0,621.0
656991.0,520.0,506.0,622.0
657011.0,520.0,506.0,623.0
657031.0,524.0,510.0,628.0
657051.0,505.0,491.0,604.0
657071.0,523.0,508.0,625.0
657092.0,510.0,495.0,610.0
657111.0,521.0,506.0,623.0
657131.0,520.0,506.0,622.0
657151.0,521.0,506.0,622.0
657171.0,519.0,506.0,623.0
657191.0,525.0,511.0,629.0
657211.0,519.0,506.0,622.0
657231.0,521.0,506.0,622.0
657251.0,520.0,505.0,621.0
657271.0,520.0,506.0,622.0
657291.0,519.0,506.0,623.0
657311.0,527.0,511.0,630.0
657331.0,519.0,506.0,623.0
657351.0,519.0,505.0,620.0
657371.0,520.0,506.0,622.0
657391.0,520.0,505.0,623.0
657411.0,523.0,510.0,627.0
657431.0,506.0,492.0,606.0
657451.0,521.0,508.0,626.0
657471.0,510.0,495.0,610.0
657491.0,520.0,507.0,622.0
657511.0,519.0,506.0,623.0
657531.0,521.0,506.0,622.0
657551.0,506.0,490.0,605.0
657571.0,525.0,510.0,626.0
657591.0,519.0,506.0,621.0
657611.0,519.0,506.0,623.0
657631.0,521.0,504.0,621.0
657651.0,520.0,506.0,622.0
657671.0,519.0,506.0,623.0
657691.0,526.0,512.0,630.0
657711.0,518.0,507.0,623.0
657731.0,519.0,505.0,621.0
657751.0,521.0,506.0,622.0
657771.0,520.0,506.0,623.0
657791.0,523.0,509.0,627.0
657811.0,523.0,509.0,625.0
657831.0,521.0,508.0,624.0
657851.0,512.0,496.0,610.0
657871.0,520.0,506.0,623.0
657891.0,519.0,507.0,623.0
657911.0,521.0,506.0,622.0
657931.0,507.0,492.0,605.0
657951.0,524.0,509.0,627.0
657971.0,520.0,506.0,622.0
657991.0,520.0,506.0,622.0
658011.0,520.0,505.0,621.0
658031.0,521.0,506.0,623.0
658051.0,504.0,489.0,603.0
658071.0,527.0,512.0,630.0
658091.0,519.0,506.0,623.0
658111.0,519.0,505.0,621.0
658131.0,521.0,507.0,623.0
658151.0,520.0,506.0,623.0
658171.0,522.0,509.0,626.0
658191.0,527.0,511.0,630.0
658211.0,523.0,507.0,624.0
658231.0,513.0,497.0,613.0
658251.0,520.0,506.0,623.0
658271.0,519.0,506.0,622.0
658291.0,521.0,506.0,623.0
658311.0,525.0,510.0,626.0
658331.0,524.0,511.0,626.0
658351.0,520.0,506.0,623.0
658371.0,520.0,506.0,622.0
658391.0,520.0,505.0,620.0
658411.0,521.0,505.0,622.0
658431.0,505.0,490.0,604.0
658451.0,523.0,509.0,625.0
658471.0,519.0,507.0,622.0
658491.0,521.0,506.0,621.0
658511.0,522.0,507.0,622.0
658531.0,521.0,506.0,622.0
658551.0,523.0,509.0,625.0
658571.0,525.0,510.0,629.0
658591.0,522.0,507.0,623.0
658611.0,515.0,498.0,614.0
658631.0,521.0,506.0,622.0
658650.0,521.0,506.0,622.0
658670.0,521.0,507.0,622.0
658690.0,528.0,513.0,630.0
658710.0,521.0,507.0,624.0
658730.0,520.0,506.0,622.0
658750.0,522.0,505.0,622.0
658770.0,533.0,517.0,635.0
658790.0,521.0,505.0,623.0
658810.0,522.0,508.0,625.0
658830.0,525.0,511.0,629.0
658850.0,520.0,506.0,623.0
658870.0,520.0,505.0,622.0
658890.0,522.0,506.0,623.0
658910.0,521.0,506.0,622.0
658930.0,521.0,509.0,626.0
658950.0,524.0,510.0,628.0
658970.0,522.0,506.0,623.0
658990.0,515.0,499.0,614.0
659010.0,521.0,507.0,623.0
659030.0,521.0,507.0,622.0
659050.0,522.0,507.0,622.0
659070.0,528.0,511.0,631.0
659090.0,521.0,507.0,624.0
659110.0,520.0,506.0,623.0
659130.0,520.0,506.0,623.0
659150.0,532.0,516.0,634.0
659170.0,521.0,505.0,623.0
659190.0,524.0,509.0,626.0
659210.0,524.0,511.0,627.0
659230.0,520.0,507.0,623.0
659250.0,520.0,505.0,622.0
659270.0,516.0,500.0,616.0
659290.0,520.0,506.0,623.0
659310.0,522.0,508.0,625.0
659330.0,525.0,510.0,627.0
659350.0,521.0,507.0,624.0
659370.0,516.0,500.0,615.0
659390.0,521.0,507.0,623.0
659410.0,520.0,506.0,622.0
659430.0,521.0,506.0,622.0
659450.0,526.0,511.0,628.0
659470.0,520.0,507.0,623.0
659490.0,520.0,506.0,623.0
659510.0,520.0,507.0,622.0
659530.0,530.0,515.0,634.0
659550.0,521.0,506.0,623.0
659570.0,526.0,511.0,628.0
659590.0,522.0,507.0,625.0
659610.0,520.0,507.0,623.0
659630.0,520.0,506.0,622.0
659650.0,516.0,501.0,617.0
659670.0,521.0,506.0,623.0
659690.0,522.0,507.0,624.0
659710.0,524.0,510.0,627.0
659730.0,521.0,507.0,624.0
659750.0,517.0,501.0,615.0
659770.0,521.0,506.0,623.0
659790.0,520.0,506.0,622.0
659810.0,520.0,507.0,623.0
659830.0,523.0,510.0,628.0
659850.0,520.0,507.0,623.0
659870.0,520.0,505.0,622.0
659890.0,520.0,505.0,624.0
659910.0,528.0,514.0,633.0
659930.0,520.0,507.0,622.0
659950.0,525.0,511.0,628.0
659970.0,521.0,509.0,626.0
659990.0,520.0,506.0,622.0
660010.0,519.0,506.0,622.0
660030.0,517.0,501.0,616.0
660050.0,521.0,506.0,621.0
660070.0,524.0,511.0,630.0
660090.0,521.0,507.0,624.0
660110.0,520.0,507.0,623.0
660130.0,516.0,502.0,617.0
660150.0,521.0,506.0,623.0
660170.0,520.0,505.0,622.0
660190.0,521.0,506.0,623.0
660210.0,524.0,510.0,627.0
660230.0,520.0,507.0,625.0
660250.0,522.0,511.0,629.0
660270.0,528.0,512.0,615.0
660290.0,539.0,514.0,625.0
660310.0,525.0,517.0,647.0
660330.0,528.0,535.0,648.0
660350.0,537.0,532.0,634.0
660370.0,540.0,520.0,621.0
660390.0,542.0,507.0,616.0
660410.0,535.0,486.0,609.0
660430.0,528.0,472.0,625.0
660450.0,514.0,466.0,635.0
660470.0,498.0,461.0,618.0
660490.0,475.0,466.0,617.0
660509.0,470.0,486.0,646.0
660529.0,471.0,489.0,618.0
660549.0,484.0,489.0,608.0
660569.0,486.0,481.0,604.0
660589.0,484.0,491.0,622.0
660609.0,461.0,491.0,630.0
660629.0,444.0,513.0,615.0
660649.0,414.0,534.0,612.0
660669.0,414.0,556.0,616.0
660689.0,419.0,557.0,600.0
660709.0,434.0,559.0,596.0
660729.0,434.0,542.0,596.0
660749.0,440.0,523.0,597.0
660769.0,444.0,506.0,598.0
660789.0,443.0,494.0,596.0
660809.0,450.0,490.0,602.0
660829.0,457.0,500.0,605.0
660849.0,464.0,505.0,602.0
660869.0,467.0,508.0,597.0
660889.0,468.0,513.0,609.0
660909.0,457.0,509.0,609.0
660929.0,456.0,513.0,603.0
660949.0,466.0,524.0,616.0
660969.0,460.0,517.0,605.0
660989.0,461.0,516.0,605.0
661009.0,464.0,519.0,608.0
661029.0,468.0,523.0,610.0
661049.0,471.0,524.0,609.0
661069.0,477.0,523.0,609.0
661089.0,480.0,526.0,608.0
661109.0,474.0,526.0,609.0
661129.0,472.0,519.0,606.0
661149.0,473.0,517.0,609.0
661169.0,477.0,514.0,600.0
661189.0,482.0,521.0,604.0
661209.0,485.0,525.0,608.0
661229.0,485.0,522.0,609.0
661249.0,487.0,521.0,612.0
661269.0,500.0,527.0,615.0
661289.0,493.0,519.0,615.0
661309.0,488.0,515.0,622.0
661329.0,501.0,516.0,633.0
661349.0,497.0,503.0,624.0
661369.0,496.0,500.0,616.0
661389.0,496.0,501.0,613.0
661409.0,490.0,504.0,615.0
661429.0,478.0,509.0,612.0
661449.0,469.0,513.0,613.0
661469.0,471.0,511.0,623.0
661489.0,480.0,501.0,626.0
661509.0,482.0,492.0,624.0
661529.0,471.0,479.0,620.0
661549.0,462.0,468.0,618.0
661569.0,473.0,471.0,618.0
661589.0,479.0,481.0,616.0
661609.0,480.0,483.0,610.0
661629.0,481.0,486.0,610.0
661649.0,489.0,490.0,617.0
661669.0,481.0,479.0,616.0
661689.0,477.0,479.0,613.0
661709.0,486.0,490.0,623.0
661729.0,478.0,489.0,611.0
661749.0,462.0,475.0,591.0
661769.0,474.0,492.0,616.0
661789.0,472.0,487.0,618.0
661809.0,472.0,481.0,618.0
661829.0,472.0,481.0,618.0
661849.0,475.0,482.0,617.0
661869.0,477.0,486.0,614.0
661889.0,478.0,489.0,612.0
661909.0,478.0,495.0,613.0
661930.0,476.0,494.0,609.0
661949.0,477.0,494.0,614.0
661969.0,479.0,495.0,622.0
661989.0,479.0,493.0,621.0
662009.0,474.0,492.0,618.0
662029.0,479.0,495.0,622.0
662049.0,476.0,491.0,615.0
662069.0,478.0,491.0,614.0
662089.0,486.0,498.0,624.0
662109.0,477.0,490.0,614.0
662129.0,462.0,473.0,596.0
662149.0,477.0,487.0,614.0
662169.0,477.0,489.0,615.0
662189.0,475.0,489.0,614.0
662209.0,472.0,490.0,615.0
662229.0,471.0,490.0,616.0
662249.0,471.0,489.0,617.0
662269.0,471.0,489.0,616.0
662289.0,473.0,489.0,617.0
662309.0,474.0,488.0,610.0
662329.0,475.0,490.0,613.0
662349.0,473.0,493.0,614.0
662369.0,473.0,494.0,614.0
662388.0,473.0,492.0,615.0
662408.0,479.0,495.0,620.0
662428.0,471.0,489.0,615.0
662448.0,471.0,489.0,616.0
662468.0,480.0,497.0,624.0
662488.0,475.0,490.0,617.0
662508.0,461.0,476.0,597.0
662528.0,475.0,490.0,614.0
662548.0,472.0,489.0,614.0
662568.0,473.0,488.0,614.0
662588.0,473.0,491.0,614.0
662608.0,474.0,492.0,615.0
662629.0,458.0,475.0,594.0
662648.0,472.0,490.0,615.0
662668.0,473.0,487.0,614.0
662689.0,472.0,486.0,612.0
662708.0,474.0,490.0,614.0
662728.0,471.0,491.0,615.0
662748.0,473.0,491.0,615.0
662768.0,473.0,490.0,615.0
662788.0,478.0,495.0,620.0
662808.0,473.0,491.0,614.0
662828.0,472.0,490.0,614.0
662848.0,479.0,498.0,624.0
662868.0,474.0,490.0,616.0
662888.0,476.0,492.0,617.0
662908.0,473.0,490.0,615.0
662928.0,473.0,490.0,614.0
662948.0,474.0,491.0,614.0
662968.0,474.0,491.0,614.0
662988.0,473.0,491.0,616.0
663008.0,459.0,475.0,595.0
663028.0,474.0,491.0,614.0
663048.0,474.0,491.0,613.0
663068.0,472.0,487.0,611.0
663088.0,474.0,490.0,616.0
663108.0,472.0,492.0,616.0
663128.0,474.0,492.0,616.0
663148.0,472.0,490.0,615.0
663168.0,473.0,487.0,613.0
663188.0,475.0,489.0,614.0
663208.0,475.0,489.0,614.0
663228.0,480.0,496.0,622.0
663248.0,474.0,491.0,616.0
663268.0,477.0,493.0,617.0
663288.0,472.0,491.0,613.0
663308.0,472.0,491.0,615.0
663328.0,471.0,488.0,614.0
663348.0,472.0,487.0,614.0
663368.0,473.0,488.0,615.0
663388.0,459.0,474.0,596.0
663408.0,471.0,488.0,613.0
663428.0,473.0,488.0,614.0
663448.0,472.0,487.0,609.0
663468.0,471.0,490.0,612.0
663488.0,469.0,491.0,616.0
663508.0,458.0,474.0,596.0
663528.0,471.0,488.0,615.0
663548.0,470.0,486.0,612.0
663568.0,473.0,489.0,613.0
663588.0,472.0,490.0,613.0
663608.0,476.0,495.0,621.0
663628.0,473.0,492.0,615.0
663648.0,475.0,494.0,616.0
663668.0,458.0,475.0,595.0
663688.0,472.0,490.0,615.0
663708.0,472.0,490.0,613.0
663728.0,472.0,490.0,613.0
663748.0,473.0,490.0,615.0
663768.0,459.0,475.0,596.0
663788.0,471.0,489.0,614.0
663808.0,472.0,490.0,613.0
663828.0,470.0,488.0,612.0
663848.0,473.0,490.0,615.0
663868.0,471.0,490.0,614.0
663888.0,458.0,474.0,595.0
663908.0,472.0,491.0,615.0
663928.0,471.0,489.0,611.0
663948.0,472.0,490.0,614.0
663968.0,471.0,490.0,615.0
663988.0,478.0,495.0,621.0
664008.0,471.0,490.0,614.0
664028.0,475.0,492.0,616.0
664048.0,460.0,475.0,596.0
664068.0,472.0,491.0,614.0
664088.0,471.0,490.0,614.0
664108.0,473.0,490.0,613.0
664128.0,471.0,491.0,614.0
664148.0,475.0,493.0,616.0
664168.0,472.0,490.0,615.0
664188.0,472.0,490.0,614.0
664208.0,471.0,488.0,610.0
664228.0,473.0,490.0,614.0
664248.0,470.0,490.0,615.0
664267.0,459.0,474.0,596.0
664287.0,472.0,490.0,614.0
664307.0,472.0,489.0,612.0
664327.0,473.0,489.0,614.0
664347.0,472.0,489.0,614.0
664367.0,477.0,494.0,621.0
664387.0,472.0,491.0,615.0
664407.0,475.0,493.0,618.0
664427.0,460.0,477.0,597.0
664447.0,472.0,489.0,614.0
664467.0,472.0,490.0,613.0
664487.0,473.0,491.0,615.0
664507.0,472.0,491.0,615.0
664527.0,479.0,496.0,620.0
664547.0,472.0,490.0,613.0
664567.0,471.0,490.0,614.0
664587.0,472.0,488.0,612.0
664607.0,473.0,491.0,614.0
664627.0,470.0,491.0,615.0
664647.0,460.0,477.0,598.0
664667.0,473.0,491.0,614.0
664687.0,471.0,491.0,613.0
664707.0,472.0,489.0,614.0
664727.0,472.0,490.0,614.0
664747.0,477.0,495.0,620.0
664767.0,459.0,475.0,595.0
664787.0,475.0,495.0,617.0
664808.0,465.0,480.0,601.0
664827.0,473.0,489.0,614.0
664847.0,473.0,489.0,614.0
664867.0,472.0,490.0,615.0
664887.0,472.0,491.0,615.0
664907.0,477.0,495.0,621.0
664927.0,471.0,489.0,614.0
664947.0,472.0,489.0,613.0
664967.0,472.0,488.0,612.0
664987.0,472.0,490.0,614.0
665007.0,470.0,491.0,614.0
665027.0,477.0,492.0,617.0
665047.0,471.0,490.0,615.0
665067.0,471.0,487.0,613.0
665087.0,472.0,490.0,614.0
665107.0,472.0,490.0,614.0
665127.0,475.0,494.0,619.0
665147.0,459.0,475.0,596.0
665167.0,474.0,492.0,616.0
665187.0,464.0,479.0,600.0
665207.0,472.0,490.0,614.0
665227.0,473.0,490.0,614.0
665247.0,473.0,489.0,614.0
665267.0,472.0,490.0,615.0
665287.0,478.0,495.0,620.0
665307.0,472.0,490.0,615.0
665327.0,473.0,490.0,614.0
665347.0,472.0,488.0,612.0
665367.0,472.0,490.0,613.0
665387.0,471.0,490.0,614.0
665407.0,479.0,496.0,621.0
665427.0,472.0,491.0,615.0
665447.0,471.0,489.0,613.0
665467.0,472.0,491.0,613.0
665487.0,473.0,489.0,615.0
665507.0,477.0,493.0,619.0
665527.0,461.0,477.0,596.0
665547.0,474.0,493.0,616.0
665567.0,463.0,479.0,601.0
665587.0,471.0,490.0,614.0
665607.0,472.0,490.0,615.0
665627.0,473.0,490.0,614.0
665647.0,458.0,475.0,596.0
665667.0,477.0,494.0,619.0
665687.0,472.0,490.0,614.0
665707.0,472.0,490.0,614.0
665727.0,473.0,489.0,613.0
665747.0,473.0,490.0,614.0
665767.0,471.0,491.0,615.0
665787.0,478.0,496.0,621.0
665807.0,471.0,490.0,616.0
665827.0,472.0,489.0,613.0
665847.0,472.0,490.0,613.0
665867.0,471.0,490.0,614.0
665887.0,474.0,494.0,619.0
665907.0,476.0,493.0,617.0
665927.0,473.0,492.0,616.0
665947.0,464.0,480.0,603.0
665967.0,474.0,490.0,614.0
665987.0,471.0,490.0,615.0
666007.0,474.0,490.0,614.0
666027.0,460.0,478.0,597.0
666047.0,477.0,494.0,620.0
666067.0,472.0,491.0,614.0
666087.0,473.0,490.0,614.0
666107.0,472.0,490.0,612.0
666127.0,473.0,490.0,615.0
666146.0,471.0,491.0,615.0
666166.0,478.0,496.0,621.0
666186.0,471.0,490.0,614.0
666206.0,473.0,490.0,612.0
666226.0,472.0,490.0,613.0
666246.0,473.0,490.0,614.0
666266.0,475.0,493.0,618.0
666286.0,479.0,495.0,621.0
666306.0,475.0,492.0,616.0
666326.0,466.0,481.0,602.0
666346.0,473.0,491.0,614.0
666366.0,474.0,491.0,615.0
666386.0,473.0,491.0,614.0
666406.0,460.0,478.0,597.0
666426.0,476.0,494.0,617.0
666446.0,472.0,491.0,613.0
666466.0,472.0,489.0,613.0
666486.0,472.0,488.0,612.0
666506.0,475.0,490.0,616.0
666526.0,459.0,475.0,594.0
666546.0,478.0,495.0,621.0
666566.0,472.0,489.0,613.0
666586.0,474.0,488.0,613.0
666606.0,475.0,488.0,614.0
666626.0,473.0,490.0,614.0
666646.0,474.0,491.0,619.0
666666.0,478.0,493.0,623.0
666686.0,474.0,489.0,618.0
666706.0,468.0,480.0,606.0
666726.0,474.0,490.0,614.0
666746.0,473.0,490.0,613.0
666766.0,476.0,489.0,616.0
666786.0,477.0,497.0,619.0
666806.0,475.0,498.0,615.0
666826.0,471.0,491.0,615.0
666846.0,476.0,487.0,617.0
666866.0,474.0,485.0,617.0
666886.0,471.0,488.0,613.0
666906.0,458.0,476.0,596.0
666926.0,480.0,497.0,622.0
666946.0,476.0,493.0,615.0
666966.0,476.0,491.0,613.0
666986.0,475.0,493.0,614.0
667006.0,476.0,494.0,613.0
667026.0,479.0,495.0,616.0
667046.0,482.0,494.0,620.0
667066.0,478.0,487.0,617.0
667086.0,470.0,478.0,607.0
667106.0,476.0,490.0,618.0
667126.0,480.0,490.0,618.0
667146.0,478.0,491.0,615.0
667166.0,476.0,503.0,622.0
667186.0,471.0,502.0,621.0
667206.0,470.0,501.0,617.0
667226.0,473.0,498.0,616.0
667246.0,486.0,505.0,626.0
667266.0,479.0,491.0,613.0
667286.0,466.0,474.0,600.0
667306.0,482.0,494.0,624.0
667326.0,469.0,490.0,621.0
667346.0,463.0,486.0,616.0
667366.0,463.0,479.0,618.0
667386.0,467.0,481.0,617.0
667406.0,475.0,493.0,615.0
667426.0,481.0,503.0,616.0
667446.0,475.0,501.0,611.0
667466.0,467.0,493.0,600.0
667486.0,470.0,497.0,615.0
667506.0,470.0,498.0,611.0
667526.0,468.0,497.0,605.0
667546.0,478.0,493.0,614.0
667566.0,485.0,482.0,601.0
667586.0,505.0,481.0,595.0
667606.0,517.0,483.0,609.0
667626.0,534.0,486.0,629.0
667646.0,519.0,466.0,628.0
667666.0,511.0,467.0,632.0
667686.0,501.0,480.0,626.0
667706.0,487.0,491.0,627.0
667726.0,486.0,496.0,625.0
667746.0,485.0,488.0,615.0
667766.0,485.0,492.0,611.0
667786.0,480.0,491.0,619.0
667806.0,484.0,489.0,628.0
667826.0,483.0,486.0,624.0
667846.0,472.0,493.0,604.0
667866.0,464.0,513.0,599.0
667886.0,448.0,523.0,592.0
667906.0,439.0,530.0,599.0
667926.0,443.0,530.0,615.0
667946.0,441.0,511.0,610.0
667966.0,452.0,488.0,620.0
667986.0,461.0,478.0,614.0
668005.0,476.0,485.0,608.0
668025.0,479.0,482.0,590.0
668045.0,483.0,501.0,604.0
668065.0,467.0,512.0,606.0
668085.0,453.0,519.0,598.0
668105.0,451.0,516.0,608.0
668125.0,452.0,494.0,605.0
668145.0,465.0,479.0,593.0
668165.0,477.0,469.0,587.0
668185.0,483.0,455.0,595.0
668205.0,472.0,440.0,594.0
668225.0,466.0,423.0,589.0
668245.0,473.0,405.0,609.0
668265.0,463.0,421.0,614.0
668285.0,458.0,442.0,608.0
668305.0,458.0,458.0,617.0
668325.0,451.0,466.0,612.0
668345.0,450.0,476.0,601.0
668365.0,453.0,481.0,590.0
668385.0,459.0,500.0,608.0
668405.0,454.0,503.0,592.0
668425.0,459.0,503.0,597.0
668445.0,456.0,496.0,595.0
668465.0,450.0,496.0,596.0
668485.0,450.0,496.0,598.0
668505.0,449.0,489.0,593.0
668525.0,454.0,492.0,595.0
668545.0,465.0,494.0,595.0
668565.0,468.0,483.0,600.0
668585.0,464.0,479.0,614.0
668605.0,443.0,481.0,631.0
668625.0,426.0,480.0,625.0
668645.0,420.0,487.0,629.0
668665.0,423.0,489.0,634.0
668685.0,443.0,507.0,627.0
668705.0,458.0,510.0,610.0
668725.0,472.0,509.0,603.0
668745.0,481.0,504.0,607.0
668765.0,492.0,505.0,619.0
668785.0,484.0,495.0,615.0
668805.0,486.0,500.0,625.0
668825.0,481.0,499.0,622.0
668845.0,478.0,500.0,617.0
668865.0,481.0,498.0,617.0
668885.0,480.0,495.0,613.0
668905.0,485.0,499.0,618.0
668925.0,489.0,505.0,628.0
668945.0,486.0,500.0,620.0
668965.0,486.0,499.0,619.0
668985.0,487.0,502.0,623.0
669005.0,487.0,499.0,619.0
669025.0,484.0,500.0,619.0
669045.0,479.0,496.0,612.0
669065.0,488.0,507.0,624.0
669085.0,485.0,505.0,617.0
669105.0,484.0,505.0,624.0
669125.0,483.0,503.0,627.0
669145.0,486.0,504.0,624.0
669165.0,485.0,499.0,621.0
669185.0,493.0,504.0,624.0
669205.0,500.0,506.0,620.0
669225.0,505.0,507.0,623.0
669245.0,510.0,507.0,623.0
669265.0,505.0,505.0,617.0
669285.0,510.0,509.0,622.0
669305.0,513.0,516.0,626.0
669325.0,511.0,510.0,625.0
669345.0,512.0,506.0,623.0
669365.0,523.0,511.0,631.0
669385.0,519.0,504.0,624.0
669405.0,523.0,505.0,625.0
669425.0,535.0,514.0,637.0
669445.0,522.0,502.0,623.0
669465.0,516.0,500.0,622.0
669485.0,510.0,501.0,625.0
669505.0,511.0,505.0,624.0
669525.0,513.0,508.0,622.0
669545.0,517.0,511.0,622.0
669565.0,521.0,516.0,627.0
669585.0,520.0,518.0,627.0
669605.0,518.0,515.0,621.0
669625.0,517.0,515.0,621.0
669645.0,516.0,512.0,619.0
669665.0,518.0,517.0,622.0
669685.0,519.0,520.0,627.0
669705.0,517.0,516.0,623.0
669725.0,517.0,514.0,623.0
669745.0,525.0,517.0,631.0
669765.0,518.0,509.0,622.0
669785.0,516.0,508.0,622.0
669805.0,526.0,519.0,636.0
669825.0,515.0,510.0,624.0
669845.0,513.0,510.0,623.0
669865.0,514.0,510.0,622.0
669884.0,516.0,508.0,624.0
669904.0,515.0,509.0,623.0
669924.0,516.0,510.0,623.0
669944.0,518.0,513.0,628.0
669964.0,516.0,513.0,623.0
669984.0,514.0,511.0,623.0
670004.0,515.0,510.0,623.0
670024.0,514.0,507.0,619.0
670044.0,515.0,510.0,623.0
670064.0,518.0,515.0,628.0
670084.0,514.0,510.0,623.0
670104.0,513.0,510.0,624.0
670124.0,520.0,516.0,629.0
670144.0,513.0,512.0,621.0
670164.0,515.0,511.0,622.0
670184.0,526.0,522.0,635.0
670204.0,519.0,513.0,624.0
670224.0,518.0,512.0,602.0
670244.0,518.0,511.0,622.0
670264.0,519.0,510.0,622.0
670284.0,518.0,509.0,622.0
670304.0,517.0,509.0,623.0
670324.0,517.0,509.0,624.0
670344.0,518.0,510.0,625.0
670364.0,515.0,509.0,622.0
670384.0,516.0,509.0,622.0
670404.0,515.0,506.0,620.0
670424.0,515.0,511.0,623.0
670444.0,517.0,515.0,626.0
670464.0,515.0,512.0,623.0
670484.0,514.0,511.0,623.0
670504.0,523.0,517.0,629.0
670524.0,516.0,511.0,622.0
670544.0,516.0,510.0,623.0
670564.0,525.0,519.0,633.0
670584.0,516.0,511.0,623.0
670604.0,499.0,494.0,603.0
670624.0,515.0,510.0,623.0
670644.0,516.0,510.0,622.0
670664.0,516.0,509.0,623.0
670684.0,515.0,511.0,624.0
670704.0,516.0,512.0,624.0
670724.0,516.0,512.0,624.0
670744.0,515.0,511.0,623.0
670764.0,516.0,509.0,622.0
670785.0,515.0,508.0,620.0
670804.0,516.0,509.0,622.0
670824.0,517.0,513.0,627.0
670844.0,515.0,511.0,624.0
670864.0,515.0,511.0,624.0
670884.0,522.0,515.0,629.0
670904.0,516.0,510.0,623.0
670924.0,516.0,511.0,622.0
670944.0,525.0,518.0,632.0
670964.0,515.0,511.0,623.0
670984.0,500.0,494.0,604.0
671004.0,516.0,510.0,623.0
671024.0,515.0,510.0,622.0
671044.0,515.0,510.0,623.0
671064.0,516.0,511.0,622.0
671084.0,516.0,510.0,623.0
671104.0,516.0,512.0,624.0
671124.0,515.0,510.0,622.0
671144.0,516.0,511.0,622.0
671164.0,515.0,508.0,620.0
671184.0,516.0,510.0,622.0
671204.0,515.0,511.0,623.0
671224.0,516.0,511.0,623.0
671244.0,516.0,511.0,623.0
671264.0,521.0,516.0,628.0
671284.0,517.0,511.0,622.0
671304.0,516.0,510.0,623.0
671324.0,524.0,518.0,631.0
671344.0,516.0,512.0,624.0
671364.0,503.0,497.0,606.0
671384.0,517.0,510.0,623.0
671404.0,516.0,510.0,622.0
671424.0,516.0,510.0,623.0
671444.0,516.0,511.0,623.0
671464.0,517.0,512.0,623.0
671484.0,500.0,494.0,603.0
671504.0,516.0,511.0,623.0
671524.0,516.0,509.0,622.0
671544.0,515.0,508.0,619.0
671564.0,517.0,511.0,623.0
671584.0,514.0,511.0,624.0
671604.0,516.0,511.0,624.0
671624.0,515.0,511.0,624.0
671644.0,521.0,515.0,628.0
671664.0,516.0,510.0,621.0
671684.0,516.0,511.0,623.0
671704.0,522.0,517.0,630.0
671724.0,516.0,511.0,624.0
671744.0,519.0,513.0,626.0
671763.0,516.0,510.0,622.0
671783.0,516.0,510.0,623.0
671803.0,515.0,510.0,622.0
671823.0,517.0,510.0,622.0
671843.0,516.0,512.0,623.0
671863.0,515.0,512.0,623.0
671883.0,516.0,511.0,623.0
671903.0,515.0,511.0,622.0
671923.0,515.0,509.0,619.0
671943.0,516.0,511.0,622.0
671963.0,514.0,512.0,625.0
671983.0,515.0,511.0,604.0
672003.0,515.0,511.0,623.0
672023.0,515.0,509.0,620.0
672043.0,518.0,511.0,621.0
672063.0,518.0,514.0,634.0
672083.0,524.0,523.0,655.0
672103.0,533.0,521.0,638.0
672123.0,542.0,520.0,647.0
672143.0,523.0,498.0,627.0
672163.0,520.0,509.0,660.0
672183.0,495.0,520.0,663.0
672203.0,486.0,519.0,658.0
672223.0,480.0,514.0,651.0
672243.0,466.0,498.0,619.0
672263.0,466.0,507.0,626.0
672283.0,460.0,512.0,622.0
672303.0,466.0,517.0,616.0
672323.0,472.0,523.0,608.0
672343.0,475.0,521.0,597.0
672363.0,464.0,503.0,565.0
672383.0,475.0,519.0,586.0
672403.0,475.0,511.0,593.0
672423.0,481.0,511.0,601.0
672443.0,487.0,512.0,600.0
672463.0,497.0,517.0,610.0
672483.0,492.0,510.0,607.0
672503.0,501.0,514.0,608.0
672523.0,480.0,500.0,579.0
672543.0,486.0,521.0,595.0
672563.0,474.0,536.0,609.0
672583.0,470.0,544.0,642.0
672603.0,475.0,519.0,650.0
672623.0,489.0,493.0,635.0
672643.0,500.0,468.0,615.0
672663.0,502.0,466.0,606.0
672683.0,505.0,462.0,592.0
672703.0,510.0,466.0,601.0
672723.0,516.0,472.0,612.0
672743.0,510.0,457.0,598.0
672763.0,527.0,474.0,615.0
672783.0,515.0,474.0,623.0
672803.0,499.0,479.0,637.0
672823.0,491.0,479.0,626.0
672843.0,493.0,492.0,619.0
672863.0,483.0,507.0,617.0
672883.0,483.0,523.0,615.0
672904.0,462.0,510.0,599.0
672923.0,466.0,536.0,619.0
672943.0,476.0,538.0,620.0
672963.0,491.0,529.0,636.0
672983.0,507.0,528.0,635.0
673003.0,503.0,538.0,611.0
673023.0,487.0,532.0,600.0
673043.0,483.0,536.0,615.0
673063.0,486.0,524.0,612.0
673083.0,488.0,508.0,622.0
673103.0,490.0,504.0,611.0
673123.0,495.0,505.0,613.0
673143.0,500.0,505.0,605.0
673163.0,509.0,512.0,611.0
673183.0,518.0,522.0,610.0
673203.0,522.0,531.0,621.0
673223.0,523.0,530.0,624.0
673243.0,490.0,498.0,608.0
673263.0,499.0,512.0,619.0
673283.0,485.0,510.0,620.0
673303.0,485.0,516.0,651.0
673323.0,493.0,486.0,637.0
673343.0,500.0,463.0,617.0
673363.0,507.0,458.0,632.0
673383.0,514.0,457.0,645.0
673403.0,532.0,454.0,628.0
673423.0,533.0,456.0,619.0
673443.0,525.0,460.0,611.0
673463.0,519.0,467.0,616.0
673483.0,501.0,476.0,612.0
673503.0,500.0,486.0,609.0
673523.0,503.0,493.0,605.0
673543.0,508.0,502.0,615.0
673563.0,509.0,507.0,607.0
673583.0,496.0,515.0,620.0
673603.0,485.0,519.0,622.0
673623.0,462.0,503.0,602.0
673642.0,476.0,513.0,618.0
673662.0,489.0,506.0,655.0
673682.0,505.0,514.0,646.0
673702.0,503.0,531.0,620.0
673722.0,502.0,545.0,608.0
673743.0,478.0,537.0,599.0
673762.0,489.0,543.0,617.0
673782.0,492.0,535.0,616.0
673802.0,506.0,537.0,614.0
673822.0,501.0,540.0,606.0
673842.0,501.0,552.0,613.0
673862.0,500.0,537.0,598.0
673882.0,513.0,532.0,608.0
673902.0,505.0,504.0,590.0
673922.0,531.0,511.0,632.0
673942.0,520.0,507.0,633.0
673962.0,485.0,502.0,608.0
673982.0,450.0,496.0,619.0
674002.0,433.0,500.0,618.0
674022.0,448.0,483.0,617.0
674042.0,477.0,488.0,640.0
674062.0,496.0,484.0,633.0
674082.0,508.0,477.0,630.0
674102.0,505.0,484.0,618.0
674122.0,486.0,474.0,583.0
674142.0,504.0,487.0,604.0
674162.0,508.0,481.0,615.0
674182.0,515.0,480.0,617.0
674202.0,519.0,480.0,612.0
674222.0,527.0,483.0,624.0
674242.0,527.0,482.0,620.0
674262.0,531.0,485.0,616.0
674282.0,516.0,471.0,597.0
674302.0,527.0,485.0,621.0
674322.0,521.0,483.0,623.0
674342.0,525.0,485.0,624.0
674362.0,525.0,488.0,627.0
674382.0,525.0,492.0,631.0
674402.0,503.0,486.0,620.0
674422.0,492.0,491.0,622.0
674442.0,485.0,491.0,617.0
674462.0,489.0,492.0,624.0
674482.0,498.0,498.0,642.0
674502.0,500.0,495.0,632.0
674522.0,519.0,520.0,648.0
674542.0,516.0,520.0,619.0
674562.0,516.0,524.0,602.0
674582.0,519.0,530.0,609.0
674602.0,529.0,546.0,631.0
674622.0,504.0,521.0,603.0
674642.0,510.0,529.0,629.0
674662.0,494.0,505.0,608.0
674682.0,499.0,510.0,617.0
674702.0,497.0,504.0,618.0
674722.0,504.0,500.0,617.0
674742.0,512.0,499.0,612.0
674762.0,520.0,511.0,615.0
674782.0,511.0,519.0,625.0
674802.0,518.0,519.0,629.0
674822.0,515.0,512.0,617.0
674842.0,510.0,508.0,619.0
674862.0,493.0,515.0,612.0
674882.0,494.0,524.0,631.0
674902.0,490.0,507.0,636.0
674922.0,487.0,486.0,631.0
674942.0,490.0,476.0,637.0
674962.0,501.0,470.0,624.0
674982.0,513.0,474.0,618.0
675002.0,500.0,461.0,587.0
675022.0,512.0,472.0,612.0
675042.0,494.0,457.0,606.0
675062.0,499.0,470.0,617.0
675082.0,496.0,471.0,619.0
675102.0,494.0,476.0,625.0
675122.0,483.0,469.0,603.0
675142.0,505.0,487.0,620.0
675162.0,496.0,480.0,620.0
675182.0,491.0,474.0,622.0
675202.0,491.0,474.0,624.0
675222.0,493.0,485.0,620.0
675242.0,489.0,497.0,614.0
675262.0,495.0,517.0,618.0
675282.0,490.0,519.0,614.0
675302.0,489.0,514.0,611.0
675322.0,494.0,504.0,618.0
675342.0,489.0,500.0,622.0
675362.0,490.0,504.0,627.0
675382.0,484.0,509.0,631.0
675402.0,483.0,509.0,633.0
675422.0,472.0,496.0,615.0
675442.0,485.0,508.0,625.0
675462.0,489.0,508.0,622.0
675482.0,488.0,508.0,622.0
675502.0,476.0,491.0,602.0
675521.0,493.0,509.0,624.0
675541.0,490.0,507.0,616.0
675561.0,492.0,511.0,607.0
675581.0,497.0,519.0,598.0
675601.0,499.0,532.0,605.0
675621.0,494.0,540.0,613.0
675641.0,494.0,550.0,629.0
675661.0,485.0,538.0,629.0
675681.0,483.0,528.0,626.0
675701.0,484.0,521.0,625.0
675721.0,484.0,518.0,617.0
675741.0,490.0,519.0,624.0
675761.0,496.0,516.0,620.0
675781.0,494.0,510.0,616.0
675801.0,485.0,499.0,603.0
675821.0,489.0,513.0,608.0
675841.0,487.0,519.0,609.0
675861.0,486.0,519.0,616.0
675881.0,475.0,488.0,611.0
675901.0,491.0,488.0,632.0
675921.0,483.0,494.0,628.0
675941.0,479.0,497.0,628.0
675961.0,480.0,492.0,619.0
675981.0,485.0,492.0,614.0
676001.0,472.0,477.0,592.0
676021.0,494.0,491.0,613.0
676041.0,491.0,481.0,618.0
676061.0,497.0,475.0,627.0
676081.0,486.0,478.0,626.0
676101.0,474.0,484.0,627.0
676121.0,482.0,495.0,629.0
676141.0,497.0,503.0,620.0
676161.0,491.0,502.0,611.0
676181.0,487.0,503.0,615.0
676201.0,488.0,503.0,614.0
676221.0,486.0,505.0,617.0
676241.0,482.0,503.0,620.0
676261.0,484.0,506.0,623.0
676281.0,480.0,502.0,620.0
676301.0,479.0,495.0,617.0
676321.0,478.0,493.0,619.0
676341.0,482.0,494.0,621.0
676361.0,486.0,499.0,623.0
676381.0,469.0,486.0,600.0
676401.0,485.0,506.0,620.0
676421.0,474.0,488.0,604.0
676441.0,481.0,497.0,617.0
676461.0,480.0,495.0,617.0
676481.0,480.0,496.0,617.0
676501.0,467.0,479.0,600.0
676521.0,487.0,501.0,623.0
676541.0,483.0,499.0,617.0
676561.0,480.0,498.0,618.0
676581.0,479.0,493.0,616.0
676601.0,480.0,493.0,617.0
676621.0,478.0,491.0,617.0
676641.0,487.0,495.0,624.0
676661.0,479.0,490.0,617.0
676681.0,478.0,488.0,615.0
676701.0,480.0,490.0,617.0
676721.0,481.0,493.0,617.0
676741.0,481.0,497.0,620.0
676761.0,482.0,494.0,621.0
676781.0,480.0,492.0,620.0
676801.0,472.0,481.0,605.0
676821.0,483.0,491.0,619.0
676841.0,479.0,489.0,617.0
676861.0,479.0,489.0,616.0
676881.0,465.0,475.0,597.0
676901.0,483.0,492.0,622.0
676921.0,479.0,490.0,617.0
676941.0,481.0,491.0,617.0
676961.0,481.0,491.0,615.0
676981.0,480.0,489.0,616.0
677001.0,478.0,490.0,616.0
677021.0,485.0,493.0,621.0
677041.0,471.0,480.0,605.0
677061.0,482.0,490.0,618.0
677081.0,479.0,491.0,617.0
677101.0,480.0,490.0,617.0
677121.0,482.0,489.0,617.0
677141.0,484.0,491.0,622.0
677161.0,480.0,489.0,615.0
677181.0,481.0,490.0,616.0
677201.0,482.0,488.0,615.0
677221.0,482.0,490.0,616.0
677241.0,479.0,489.0,616.0
677261.0,481.0,491.0,619.0
677281.0,479.0,491.0,616.0
677301.0,480.0,489.0,615.0
677321.0,480.0,489.0,618.0
677341.0,479.0,491.0,619.0
677361.0,485.0,495.0,622.0
677381.0,466.0,473.0,598.0
677400.0,483.0,490.0,620.0
677421.0,472.0,480.0,604.0
677440.0,480.0,491.0,616.0
677460.0,480.0,490.0,618.0
677480.0,482.0,489.0,617.0
677500.0,482.0,490.0,618.0
677520.0,484.0,496.0,622.0
677540.0,480.0,491.0,617.0
677560.0,480.0,489.0,617.0
677580.0,480.0,488.0,616.0
677600.0,479.0,490.0,619.0
677620.0,477.0,492.0,617.0
677640.0,484.0,495.0,621.0
677660.0,481.0,489.0,616.0
677680.0,478.0,487.0,613.0
677700.0,481.0,489.0,615.0
677720.0,479.0,491.0,616.0
677740.0,481.0,494.0,622.0
677760.0,464.0,474.0,599.0
677780.0,480.0,491.0,620.0
677800.0,468.0,480.0,605.0
677820.0,478.0,490.0,616.0
677840.0,476.0,491.0,615.0
677860.0,478.0,491.0,616.0
677880.0,464.0,475.0,597.0
677900.0,479.0,494.0,621.0
677920.0,478.0,491.0,617.0
677940.0,480.0,490.0,616.0
677960.0,478.0,489.0,614.0
677980.0,479.0,491.0,616.0
678000.0,476.0,491.0,616.0
678020.0,482.0,494.0,619.0
678040.0,465.0,478.0,597.0
678060.0,477.0,492.0,616.0
678080.0,478.0,491.0,617.0
678100.0,478.0,491.0,618.0
678120.0,478.0,492.0,618.0
678140.0,480.0,493.0,619.0
678160.0,478.0,491.0,616.0
678180.0,479.0,491.0,616.0
678200.0,480.0,489.0,614.0
678220.0,478.0,492.0,617.0
678240.0,474.0,491.0,616.0
678260.0,464.0,477.0,597.0
678280.0,474.0,487.0,609.0
678300.0,479.0,492.0,617.0
678320.0,479.0,491.0,616.0
678340.0,480.0,491.0,615.0
678360.0,481.0,494.0,619.0
678380.0,479.0,494.0,618.0
678400.0,478.0,493.0,618.0
678420.0,480.0,492.0,616.0
678441.0,478.0,489.0,614.0
678460.0,479.0,493.0,617.0
678480.0,479.0,494.0,619.0
678500.0,478.0,493.0,619.0
678520.0,479.0,491.0,618.0
678540.0,484.0,496.0,623.0
678560.0,479.0,492.0,617.0
678580.0,478.0,493.0,617.0
678600.0,484.0,499.0,626.0
678620.0,471.0,489.0,623.0
678640.0,457.0,470.0,606.0
678660.0,471.0,489.0,621.0
678680.0,466.0,488.0,624.0
678700.0,470.0,488.0,621.0
678720.0,466.0,485.0,613.0
678740.0,464.0,485.0,616.0
678760.0,452.0,467.0,597.0
678780.0,469.0,481.0,613.0
678800.0,478.0,481.0,621.0
678820.0,468.0,484.0,603.0
678840.0,463.0,490.0,601.0
678860.0,466.0,497.0,603.0
678880.0,478.0,502.0,597.0
678900.0,486.0,501.0,593.0
678920.0,495.0,500.0,604.0
678940.0,491.0,485.0,611.0
678960.0,491.0,481.0,620.0
678980.0,496.0,489.0,640.0
679000.0,485.0,490.0,640.0
679020.0,482.0,496.0,642.0
679040.0,470.0,502.0,649.0
679060.0,472.0,506.0,635.0
679080.0,483.0,517.0,606.0
679100.0,502.0,531.0,584.0
679120.0,511.0,551.0,597.0
679140.0,497.0,540.0,586.0
679160.0,522.0,558.0,607.0
679180.0,531.0,544.0,614.0
679200.0,536.0,525.0,627.0
679220.0,539.0,503.0,645.0
679240.0,537.0,470.0,641.0
679259.0,535.0,458.0,628.0
679279.0,518.0,476.0,639.0
679299.0,490.0,487.0,631.0
679319.0,489.0,489.0,622.0
679339.0,488.0,505.0,622.0
679359.0,503.0,514.0,611.0
679379.0,496.0,493.0,621.0
679399.0,501.0,488.0,638.0
679419.0,503.0,484.0,624.0
679439.0,511.0,496.0,610.0
679459.0,523.0,498.0,604.0
679479.0,532.0,499.0,611.0
679499.0,535.0,506.0,619.0
679519.0,531.0,499.0,592.0
679539.0,546.0,515.0,626.0
679559.0,547.0,506.0,624.0
679579.0,537.0,494.0,627.0
679599.0,516.0,503.0,643.0
679619.0,491.0,507.0,647.0
679639.0,463.0,504.0,620.0
679659.0,482.0,538.0,627.0
679679.0,494.0,544.0,598.0
679699.0,497.0,552.0,616.0
679719.0,494.0,560.0,615.0
679739.0,500.0,565.0,615.0
679759.0,509.0,552.0,605.0
679779.0,511.0,536.0,617.0
679799.0,497.0,488.0,596.0
679819.0,523.0,477.0,616.0
679839.0,535.0,464.0,606.0
679859.0,532.0,479.0,619.0
679879.0,509.0,490.0,643.0
679899.0,489.0,492.0,641.0
679919.0,490.0,506.0,628.0
679939.0,492.0,513.0,640.0
679959.0,492.0,509.0,624.0
679979.0,497.0,492.0,622.0
679999.0,495.0,480.0,623.0
680019.0,482.0,464.0,603.0
680039.0,497.0,480.0,614.0
680059.0,501.0,475.0,606.0
680079.0,514.0,477.0,604.0
680099.0,521.0,479.0,609.0
680119.0,530.0,494.0,617.0
680139.0,520.0,511.0,627.0
680159.0,528.0,524.0,621.0
680179.0,510.0,495.0,604.0
680199.0,515.0,501.0,633.0
680219.0,492.0,515.0,631.0
680239.0,479.0,521.0,636.0
680259.0,475.0,537.0,657.0
680279.0,485.0,551.0,630.0
680299.0,495.0,553.0,595.0
680319.0,502.0,560.0,607.0
680339.0,500.0,554.0,611.0
680359.0,500.0,546.0,604.0
680379.0,504.0,536.0,602.0
680399.0,483.0,514.0,600.0
680419.0,504.0,506.0,617.0
680439.0,512.0,464.0,604.0
680459.0,522.0,465.0,602.0
680479.0,520.0,480.0,623.0
680499.0,506.0,493.0,646.0
680519.0,489.0,483.0,629.0
680539.0,492.0,492.0,647.0
680559.0,485.0,474.0,623.0
680579.0,494.0,470.0,618.0
680599.0,493.0,460.0,612.0
680619.0,492.0,460.0,628.0
680639.0,495.0,460.0,637.0
680659.0,502.0,470.0,629.0
680679.0,501.0,474.0,612.0
680699.0,502.0,481.0,604.0
680719.0,498.0,493.0,601.0
680739.0,497.0,514.0,609.0
680759.0,503.0,527.0,605.0
680779.0,518.0,525.0,617.0
680799.0,516.0,511.0,622.0
680819.0,512.0,513.0,622.0
680839.0,501.0,520.0,623.0
680859.0,495.0,515.0,636.0
680879.0,492.0,524.0,651.0
680899.0,474.0,515.0,599.0
680919.0,505.0,549.0,618.0
680939.0,492.0,552.0,617.0
680959.0,494.0,560.0,613.0
680979.0,486.0,548.0,601.0
680999.0,481.0,537.0,599.0
681019.0,467.0,504.0,600.0
681039.0,506.0,500.0,618.0
681059.0,518.0,467.0,601.0
681079.0,531.0,462.0,606.0
681099.0,530.0,473.0,620.0
681119.0,512.0,476.0,628.0
681138.0,501.0,480.0,630.0
681158.0,493.0,477.0,667.0
681178.0,494.0,472.0,639.0
681198.0,491.0,460.0,621.0
681218.0,490.0,458.0,616.0
681238.0,490.0,453.0,622.0
681258.0,494.0,460.0,635.0
681278.0,496.0,466.0,636.0
681298.0,515.0,465.0,617.0
681318.0,500.0,461.0,588.0
681338.0,508.0,488.0,586.0
681358.0,492.0,512.0,600.0
681378.0,506.0,532.0,602.0
681398.0,495.0,502.0,592.0
681418.0,509.0,497.0,626.0
681438.0,498.0,497.0,630.0
681458.0,483.0,508.0,628.0
681478.0,474.0,506.0,633.0
681498.0,480.0,519.0,657.0
681518.0,476.0,529.0,629.0
681538.0,479.0,548.0,617.0
681558.0,493.0,544.0,590.0
681578.0,506.0,551.0,597.0
681598.0,511.0,556.0,617.0
681618.0,513.0,551.0,612.0
681638.0,504.0,552.0,608.0
681658.0,488.0,541.0,620.0
681678.0,493.0,496.0,614.0
681698.0,492.0,462.0,596.0
681718.0,508.0,470.0,616.0
681738.0,508.0,476.0,619.0
681758.0,494.0,485.0,632.0
681778.0,472.0,466.0,615.0
681798.0,494.0,482.0,646.0
681818.0,497.0,473.0,645.0
681838.0,496.0,467.0,619.0
681858.0,477.0,459.0,614.0
681878.0,475.0,461.0,606.0
681898.0,465.0,442.0,600.0
681918.0,492.0,466.0,642.0
681938.0,491.0,466.0,627.0
681958.0,488.0,472.0,611.0
681978.0,480.0,494.0,604.0
681998.0,476.0,521.0,603.0
682018.0,490.0,535.0,613.0
682038.0,505.0,522.0,608.0
682058.0,505.0,508.0,610.0
682078.0,495.0,495.0,603.0
682098.0,495.0,513.0,625.0
682118.0,493.0,516.0,629.0
682138.0,493.0,505.0,639.0
682158.0,488.0,497.0,651.0
682178.0,483.0,508.0,632.0
682198.0,482.0,524.0,620.0
682218.0,498.0,541.0,598.0
682238.0,519.0,555.0,595.0
682258.0,523.0,570.0,609.0
682278.0,501.0,541.0,604.0
682298.0,507.0,544.0,624.0
682318.0,491.0,526.0,606.0
682338.0,486.0,495.0,619.0
682358.0,501.0,478.0,618.0
682378.0,506.0,475.0,611.0
682398.0,506.0,481.0,625.0
682418.0,505.0,492.0,639.0
682438.0,501.0,488.0,634.0
682458.0,492.0,478.0,624.0
682478.0,489.0,482.0,629.0
682498.0,482.0,479.0,620.0
682518.0,478.0,481.0,618.0
682538.0,485.0,494.0,620.0
682558.0,483.0,485.0,621.0
682578.0,485.0,478.0,614.0
682598.0,498.0,476.0,620.0
682618.0,520.0,482.0,630.0
682638.0,497.0,476.0,622.0
682658.0,499.0,487.0,620.0
682678.0,500.0,498.0,618.0
682698.0,489.0,496.0,608.0
682718.0,476.0,491.0,604.0
682738.0,464.0,482.0,614.0
682758.0,465.0,482.0,623.0
682778.0,465.0,491.0,620.0
682798.0,466.0,493.0,625.0
682818.0,467.0,490.0,625.0
682838.0,470.0,480.0,618.0
682858.0,494.0,483.0,625.0
682878.0,494.0,488.0,618.0
682898.0,462.0,489.0,602.0
682918.0,459.0,480.0,615.0
682938.0,455.0,462.0,608.0
682958.0,464.0,454.0,609.0
682978.0,477.0,455.0,595.0
682997.0,501.0,465.0,606.0
683017.0,501.0,467.0,609.0
683037.0,510.0,486.0,629.0
683057.0,508.0,498.0,631.0
683077.0,505.0,499.0,624.0
683097.0,509.0,495.0,618.0
683117.0,506.0,489.0,608.0
683137.0,517.0,490.0,616.0
683157.0,526.0,492.0,614.0
683177.0,533.0,491.0,623.0
683197.0,533.0,488.0,626.0
683217.0,529.0,478.0,625.0
683237.0,522.0,486.0,633.0
683257.0,505.0,488.0,628.0
683277.0,493.0,493.0,621.0
683297.0,499.0,504.0,626.0
683317.0,500.0,503.0,615.0
683337.0,512.0,501.0,610.0
683357.0,517.0,497.0,609.0
683377.0,523.0,493.0,631.0
683397.0,506.0,481.0,625.0
683417.0,504.0,486.0,629.0
683437.0,495.0,484.0,623.0
683457.0,485.0,483.0,625.0
683477.0,481.0,480.0,623.0
683497.0,476.0,476.0,609.0
683517.0,485.0,479.0,613.0
683537.0,482.0,484.0,621.0
683557.0,475.0,494.0,612.0
683577.0,460.0,502.0,604.0
683597.0,445.0,495.0,594.0
683617.0,445.0,496.0,607.0
683637.0,445.0,491.0,609.0
683657.0,443.0,490.0,612.0
683677.0,450.0,493.0,618.0
683697.0,451.0,487.0,613.0
683717.0,456.0,491.0,612.0
683737.0,463.0,495.0,609.0
683757.0,474.0,504.0,618.0
683777.0,468.0,493.0,607.0
683797.0,473.0,495.0,612.0
683817.0,465.0,491.0,611.0
683837.0,461.0,490.0,608.0
683857.0,460.0,492.0,609.0
683877.0,453.0,491.0,604.0
683897.0,453.0,498.0,607.0
683917.0,456.0,503.0,611.0
683937.0,454.0,501.0,606.0
683957.0,457.0,501.0,605.0
683977.0,455.0,494.0,600.0
683997.0,460.0,499.0,603.0
684017.0,458.0,499.0,603.0
684037.0,460.0,497.0,606.0
684057.0,461.0,502.0,609.0
684077.0,453.0,498.0,605.0
684097.0,455.0,497.0,606.0
684117.0,453.0,496.0,608.0
684137.0,459.0,501.0,613.0
684157.0,452.0,496.0,604.0
684177.0,456.0,503.0,610.0
684197.0,453.0,500.0,604.0
684217.0,452.0,499.0,603.0
684237.0,452.0,498.0,602.0
684257.0,450.0,493.0,600.0
684277.0,452.0,498.0,604.0
684297.0,453.0,500.0,609.0
684317.0,449.0,496.0,602.0
684337.0,448.0,497.0,604.0
684357.0,459.0,503.0,612.0
684377.0,453.0,497.0,603.0
684397.0,451.0,497.0,603.0
684417.0,447.0,490.0,597.0
684437.0,454.0,500.0,607.0
684457.0,450.0,497.0,603.0
684477.0,450.0,497.0,603.0
684497.0,450.0,498.0,603.0
684517.0,457.0,504.0,610.0
684537.0,454.0,498.0,601.0
684557.0,457.0,502.0,607.0
684577.0,453.0,499.0,605.0
684597.0,450.0,497.0,603.0
684617.0,452.0,496.0,603.0
684637.0,449.0,494.0,598.0
684657.0,450.0,498.0,603.0
684677.0,452.0,500.0,607.0
684697.0,451.0,497.0,603.0
684717.0,452.0,498.0,603.0
684737.0,458.0,503.0,612.0
684757.0,452.0,497.0,603.0
684777.0,452.0,496.0,603.0
684797.0,462.0,507.0,614.0
684817.0,453.0,499.0,605.0
684837.0,450.0,497.0,603.0
684857.0,449.0,497.0,604.0
684876.0,451.0,497.0,604.0
684896.0,451.0,496.0,602.0
684916.0,453.0,496.0,601.0
684936.0,455.0,500.0,605.0
684956.0,452.0,497.0,603.0
684976.0,450.0,497.0,603.0
684996.0,452.0,497.0,603.0
685016.0,449.0,493.0,599.0
685036.0,451.0,497.0,602.0
685056.0,452.0,499.0,607.0
685076.0,452.0,495.0,603.0
685096.0,451.0,496.0,604.0
685116.0,458.0,503.0,610.0
685136.0,451.0,496.0,603.0
685156.0,451.0,496.0,604.0
685176.0,461.0,505.0,614.0
685196.0,452.0,498.0,604.0
685216.0,451.0,496.0,604.0
685236.0,452.0,496.0,603.0
685256.0,454.0,496.0,603.0
685276.0,453.0,496.0,603.0
685296.0,453.0,497.0,604.0
685316.0,454.0,498.0,605.0
685336.0,451.0,498.0,605.0
685356.0,450.0,496.0,604.0
685376.0,452.0,496.0,603.0
685396.0,451.0,493.0,599.0
685416.0,453.0,495.0,603.0
685436.0,453.0,498.0,606.0
685456.0,453.0,496.0,603.0
685476.0,453.0,497.0,606.0
685496.0,459.0,503.0,612.0
685516.0,454.0,496.0,603.0
685536.0,453.0,496.0,603.0
685556.0,461.0,504.0,614.0
685576.0,453.0,496.0,606.0
685596.0,441.0,482.0,585.0
685616.0,453.0,496.0,604.0
685636.0,453.0,496.0,604.0
685656.0,453.0,495.0,604.0
685676.0,453.0,496.0,603.0
685696.0,453.0,498.0,606.0
685716.0,453.0,497.0,605.0
685736.0,452.0,497.0,604.0
685756.0,453.0,496.0,603.0
685776.0,451.0,493.0,600.0
685796.0,454.0,496.0,604.0
685816.0,453.0,498.0,607.0
685836.0,454.0,496.0,604.0
685856.0,452.0,497.0,604.0
685876.0,457.0,501.0,609.0
685896.0,452.0,494.0,604.0
685916.0,451.0,496.0,604.0
685936.0,460.0,504.0,614.0
685956.0,455.0,497.0,606.0
685976.0,439.0,481.0,584.0
685996.0,453.0,496.0,604.0
686016.0,453.0,496.0,604.0
686036.0,452.0,496.0,603.0
686056.0,453.0,496.0,605.0
686076.0,454.0,497.0,606.0
686096.0,454.0,497.0,605.0
686116.0,453.0,496.0,603.0
686136.0,453.0,496.0,603.0
686157.0,452.0,494.0,601.0
686176.0,453.0,496.0,604.0
686196.0,453.0,498.0,606.0
686216.0,452.0,496.0,604.0
686236.0,452.0,496.0,603.0
686256.0,458.0,500.0,609.0
686276.0,453.0,496.0,603.0
686296.0,452.0,496.0,604.0
686316.0,460.0,503.0,613.0
686336.0,453.0,497.0,605.0
686356.0,440.0,482.0,585.0
686376.0,452.0,496.0,602.0
686396.0,453.0,496.0,603.0
686416.0,452.0,496.0,604.0
686436.0,454.0,495.0,603.0
686456.0,454.0,498.0,605.0
686476.0,452.0,498.0,604.0
686496.0,451.0,495.0,603.0
686516.0,452.0,496.0,603.0
686536.0,451.0,494.0,600.0
686556.0,451.0,496.0,604.0
686576.0,450.0,497.0,602.0
686596.0,451.0,495.0,602.0
686616.0,451.0,496.0,603.0
686636.0,457.0,501.0,608.0
686656.0,450.0,495.0,603.0
686676.0,452.0,496.0,604.0
686696.0,459.0,503.0,612.0
686716.0,455.0,498.0,604.0
686736.0,440.0,484.0,586.0
686755.0,453.0,497.0,604.0
686775.0,452.0,496.0,603.0
686795.0,452.0,496.0,603.0
686815.0,453.0,497.0,603.0
686835.0,452.0,498.0,605.0
686856.0,438.0,479.0,583.0
686875.0,451.0,496.0,603.0
686895.0,452.0,497.0,603.0
686916.0,451.0,495.0,599.0
686935.0,452.0,496.0,602.0
686955.0,450.0,496.0,603.0
686975.0,451.0,496.0,602.0
686995.0,449.0,497.0,604.0
687015.0,456.0,499.0,608.0
687035.0,454.0,496.0,603.0
687055.0,452.0,496.0,604.0
687075.0,458.0,502.0,612.0
687095.0,452.0,498.0,605.0
687115.0,457.0,500.0,607.0
687135.0,452.0,497.0,603.0
687155.0,451.0,497.0,603.0
687175.0,451.0,497.0,603.0
687195.0,450.0,497.0,603.0
687215.0,451.0,498.0,604.0
687235.0,438.0,481.0,584.0
687255.0,452.0,497.0,603.0
687275.0,451.0,496.0,603.0
687295.0,450.0,494.0,601.0
687315.0,450.0,496.0,603.0
687335.0,448.0,498.0,603.0
687355.0,451.0,498.0,603.0
687375.0,452.0,498.0,603.0
687395.0,452.0,493.0,601.0
687415.0,453.0,494.0,602.0
687435.0,450.0,497.0,603.0
687455.0,455.0,504.0,610.0
687475.0,450.0,499.0,604.0
687495.0,454.0,500.0,607.0
687515.0,452.0,497.0,603.0
687535.0,452.0,497.0,603.0
687555.0,451.0,496.0,601.0
687575.0,452.0,496.0,603.0
687595.0,452.0,498.0,604.0
687615.0,439.0,483.0,587.0
687635.0,451.0,495.0,603.0
687655.0,453.0,496.0,603.0
687675.0,451.0,494.0,599.0
687695.0,451.0,497.0,603.0
687715.0,450.0,497.0,602.0
687735.0,439.0,482.0,586.0
687755.0,452.0,495.0,604.0
687775.0,451.0,494.0,601.0
687795.0,453.0,495.0,603.0
687815.0,450.0,495.0,603.0
687835.0,455.0,501.0,610.0
687855.0,452.0,497.0,606.0
687875.0,456.0,500.0,606.0
687895.0,440.0,481.0,585.0
687915.0,451.0,496.0,602.0
687935.0,451.0,496.0,603.0
687955.0,453.0,496.0,603.0
687975.0,453.0,497.0,606.0
687995.0,455.0,499.0,606.0
688015.0,451.0,496.0,603.0
688035.0,452.0,496.0,603.0
688055.0,452.0,493.0,600.0
688075.0,454.0,495.0,604.0
688095.0,451.0,494.0,603.0
688115.0,441.0,480.0,586.0
688135.0,453.0,495.0,604.0
688155.0,452.0,493.0,600.0
688175.0,453.0,496.0,603.0
688195.0,453.0,496.0,603.0
688215.0,459.0,500.0,610.0
688235.0,452.0,495.0,605.0
688255.0,454.0,497.0,607.0
688275.0,441.0,481.0,586.0
688295.0,453.0,494.0,603.0
688315.0,452.0,495.0,603.0
688335.0,452.0,496.0,603.0
688355.0,452.0,498.0,603.0
688375.0,456.0,500.0,609.0
688395.0,452.0,495.0,604.0
688415.0,453.0,494.0,602.0
688435.0,452.0,492.0,600.0
688455.0,452.0,494.0,604.0
688475.0,451.0,494.0,602.0
688495.0,441.0,482.0,587.0
688515.0,451.0,496.0,604.0
688535.0,450.0,494.0,600.0
688555.0,452.0,495.0,602.0
688575.0,452.0,494.0,604.0
688595.0,455.0,500.0,608.0
688615.0,437.0,479.0,584.0
688634.0,455.0,497.0,605.0
688655.0,444.0,484.0,589.0
688674.0,453.0,494.0,603.0
688694.0,452.0,494.0,603.0
688714.0,452.0,495.0,603.0
688734.0,451.0,495.0,604.0
688754.0,458.0,500.0,609.0
688774.0,452.0,494.0,604.0
688794.0,452.0,495.0,602.0
688814.0,451.0,493.0,601.0
688834.0,452.0,495.0,603.0
688854.0,450.0,495.0,603.0
688874.0,456.0,498.0,608.0
688894.0,451.0,494.0,604.0
688914.0,452.0,493.0,602.0
688934.0,453.0,494.0,602.0
688954.0,452.0,494.0,602.0
688974.0,456.0,498.0,608.0
688994.0,439.0,479.0,585.0
689014.0,454.0,497.0,606.0
689034.0,444.0,482.0,591.0
689054.0,452.0,494.0,603.0
689074.0,453.0,495.0,603.0
689094.0,452.0,494.0,603.0
689114.0,453.0,480.0,585.0
689134.0,457.0,498.0,609.0
689154.0,453.0,494.0,603.0
689174.0,452.0,493.0,603.0
689194.0,451.0,491.0,601.0
689214.0,452.0,494.0,604.0
689234.0,449.0,494.0,604.0
689254.0,460.0,502.0,610.0
689274.0,453.0,495.0,603.0
689294.0,452.0,493.0,601.0
689314.0,453.0,495.0,603.0
689334.0,453.0,494.0,603.0
689354.0,455.0,497.0,608.0
689374.0,455.0,497.0,606.0
689394.0,453.0,496.0,605.0
689414.0,444.0,483.0,591.0
689434.0,452.0,495.0,603.0
689454.0,452.0,494.0,603.0
689474.0,453.0,494.0,603.0
689494.0,439.0,479.0,585.0
689514.0,456.0,498.0,607.0
689534.0,452.0,494.0,604.0
689554.0,451.0,494.0,603.0
689574.0,450.0,493.0,601.0
689594.0,453.0,495.0,602.0
689614.0,449.0,494.0,603.0
689634.0,458.0,502.0,612.0
689654.0,451.0,495.0,603.0
689674.0,451.0,494.0,601.0
689694.0,452.0,494.0,603.0
689714.0,452.0,495.0,602.0
689734.0,453.0,497.0,606.0
689754.0,457.0,498.0,608.0
689774.0,454.0,496.0,604.0
689794.0,445.0,486.0,591.0
689814.0,452.0,495.0,602.0
689834.0,451.0,494.0,602.0
689854.0,452.0,495.0,603.0
689874.0,441.0,481.0,587.0
689894.0,454.0,498.0,607.0
689914.0,450.0,495.0,603.0
689934.0,452.0,493.0,602.0
689954.0,451.0,493.0,602.0
689974.0,453.0,495.0,604.0
689994.0,439.0,480.0,585.0
690014.0,457.0,501.0,610.0
690034.0,451.0,495.0,602.0
690054.0,452.0,494.0,600.0
690074.0,453.0,493.0,603.0
690094.0,453.0,494.0,603.0
690114.0,454.0,498.0,607.0
690134.0,457.0,500.0,609.0
690154.0,455.0,497.0,604.0
690174.0,447.0,487.0,593.0
690194.0,452.0,495.0,603.0
690214.0,451.0,495.0,604.0
690234.0,451.0,494.0,603.0
690254.0,456.0,498.0,607.0
690274.0,455.0,499.0,607.0
690294.0,451.0,496.0,603.0
690314.0,452.0,494.0,603.0
690334.0,452.0,493.0,601.0
690354.0,452.0,494.0,603.0
690374.0,438.0,481.0,586.0
690394.0,457.0,500.0,610.0
690414.0,452.0,495.0,602.0
690434.0,452.0,493.0,601.0
690454.0,453.0,494.0,603.0
690474.0,452.0,494.0,603.0
690493.0,454.0,498.0,606.0
690513.0,457.0,499.0,608.0
690533.0,453.0,495.0,605.0
690553.0,447.0,487.0,594.0
690573.0,453.0,495.0,602.0
690593.0,452.0,495.0,603.0
690613.0,453.0,497.0,604.0
690633.0,461.0,503.0,611.0
690653.0,453.0,494.0,603.0
690673.0,451.0,494.0,604.0
690693.0,452.0,495.0,604.0
690713.0,464.0,505.0,616.0
690733.0,452.0,496.0,603.0
690753.0,442.0,483.0,587.0
690773.0,458.0,501.0,611.0
690793.0,452.0,495.0,604.0
690813.0,452.0,494.0,602.0
690833.0,453.0,495.0,603.0
690853.0,452.0,495.0,603.0
690873.0,453.0,498.0,607.0
690893.0,456.0,497.0,608.0
690913.0,454.0,496.0,605.0
690933.0,448.0,488.0,595.0
690953.0,452.0,494.0,602.0
690973.0,452.0,494.0,604.0
690993.0,453.0,495.0,603.0
691013.0,459.0,500.0,610.0
691033.0,453.0,495.0,604.0
691053.0,453.0,495.0,604.0
691073.0,453.0,495.0,603.0
691093.0,462.0,504.0,615.0
691113.0,454.0,494.0,603.0
691133.0,456.0,499.0,608.0
691153.0,456.0,499.0,607.0
691173.0,452.0,494.0,604.0
691193.0,452.0,493.0,603.0
691213.0,450.0,489.0,597.0
691233.0,453.0,494.0,604.0
691253.0,454.0,497.0,606.0
691273.0,457.0,497.0,608.0
691293.0,454.0,495.0,606.0
691313.0,449.0,488.0,596.0
691333.0,454.0,494.0,604.0
691353.0,452.0,494.0,604.0
691373.0,454.0,494.0,604.0
691393.0,460.0,500.0,611.0
691413.0,452.0,494.0,603.0
691433.0,452.0,494.0,603.0
691453.0,454.0,494.0,603.0
691473.0,461.0,503.0,614.0
691493.0,453.0,494.0,604.0
691513.0,459.0,501.0,612.0
691533.0,454.0,496.0,606.0
691553.0,452.0,494.0,604.0
691573.0,453.0,494.0,603.0
691593.0,448.0,489.0,597.0
691613.0,452.0,495.0,604.0
691633.0,453.0,496.0,607.0
691653.0,456.0,498.0,607.0
691673.0,454.0,495.0,605.0
691693.0,449.0,489.0,597.0
691713.0,454.0,495.0,604.0
691733.0,452.0,493.0,603.0
691753.0,453.0,494.0,604.0
691773.0,459.0,500.0,610.0
691793.0,452.0,495.0,603.0
691813.0,452.0,494.0,604.0
691833.0,453.0,494.0,604.0
691853.0,461.0,503.0,614.0
691873.0,454.0,494.0,603.0
691893.0,459.0,500.0,610.0
691913.0,454.0,497.0,606.0
691933.0,452.0,495.0,604.0
691953.0,453.0,494.0,603.0
691973.0,449.0,490.0,599.0
691993.0,453.0,496.0,604.0
692013.0,454.0,497.0,605.0
692033.0,455.0,497.0,606.0
692053.0,456.0,494.0,607.0
692073.0,445.0,490.0,595.0
692093.0,449.0,495.0,603.0
692113.0,454.0,494.0,604.0
692133.0,457.0,494.0,604.0
692153.0,461.0,497.0,611.0
692173.0,453.0,495.0,602.0
692193.0,451.0,497.0,602.0
692213.0,453.0,495.0,604.0
692233.0,461.0,502.0,612.0
692253.0,453.0,494.0,605.0
692273.0,453.0,500.0,609.0
692293.0,450.0,496.0,606.0
692313.0,454.0,493.0,605.0
692333.0,457.0,493.0,604.0
692353.0,453.0,490.0,599.0
692372.0,455.0,493.0,607.0
692392.0,453.0,498.0,606.0
692412.0,450.0,494.0,604.0
692432.0,456.0,495.0,606.0
692452.0,456.0,490.0,600.0
692472.0,456.0,497.0,605.0
692492.0,451.0,497.0,604.0
692512.0,454.0,495.0,605.0
692532.0,462.0,498.0,612.0
692552.0,458.0,495.0,605.0
692572.0,459.0,494.0,605.0
692592.0,461.0,494.0,606.0
692612.0,466.0,500.0,613.0
692632.0,458.0,493.0,607.0
692652.0,461.0,498.0,613.0
692672.0,457.0,498.0,612.0
692692.0,458.0,497.0,609.0
692712.0,460.0,495.0,608.0
692732.0,459.0,491.0,603.0
692752.0,461.0,498.0,608.0
692772.0,465.0,504.0,615.0
692792.0,464.0,504.0,615.0
692812.0,463.0,504.0,615.0
692832.0,471.0,509.0,620.0
692852.0,463.0,500.0,610.0
692872.0,461.0,497.0,610.0
692892.0,459.0,492.0,600.0
692912.0,468.0,500.0,612.0
692932.0,466.0,497.0,609.0
692952.0,464.0,498.0,609.0
692972.0,463.0,498.0,611.0
692992.0,467.0,504.0,616.0
693012.0,460.0,499.0,608.0
693032.0,464.0,502.0,615.0
693052.0,462.0,501.0,612.0
693072.0,460.0,498.0,608.0
693092.0,459.0,496.0,609.0
693112.0,457.0,492.0,604.0
693132.0,460.0,497.0,607.0
693152.0,460.0,499.0,612.0
693172.0,460.0,496.0,608.0
693192.0,459.0,497.0,610.0
693212.0,467.0,503.0,617.0
693232.0,460.0,496.0,608.0
693252.0,461.0,497.0,607.0
693272.0,472.0,508.0,620.0
693292.0,462.0,500.0,610.0
693312.0,457.0,498.0,606.0
693332.0,460.0,498.0,608.0
693352.0,459.0,498.0,609.0
693372.0,459.0,497.0,607.0
693392.0,457.0,499.0,606.0
693412.0,459.0,503.0,611.0
693432.0,456.0,501.0,610.0
693452.0,455.0,500.0,605.0
693472.0,457.0,500.0,607.0
693492.0,454.0,496.0,602.0
693512.0,454.0,499.0,605.0
693532.0,455.0,501.0,609.0
693552.0,456.0,498.0,604.0
693572.0,456.0,498.0,606.0
693592.0,462.0,503.0,613.0
693612.0,455.0,497.0,607.0
693632.0,454.0,497.0,606.0
693652.0,464.0,505.0,617.0
693672.0,456.0,498.0,607.0
693692.0,453.0,497.0,605.0
693712.0,455.0,497.0,604.0
693732.0,456.0,497.0,604.0
693752.0,454.0,495.0,606.0
693772.0,451.0,498.0,610.0
693792.0,448.0,505.0,611.0
693812.0,438.0,508.0,621.0
693832.0,433.0,508.0,605.0
693852.0,429.0,503.0,617.0
693872.0,430.0,498.0,610.0
693892.0,437.0,494.0,612.0
693912.0,437.0,495.0,619.0
693932.0,446.0,489.0,611.0
693952.0,457.0,483.0,614.0
693972.0,486.0,483.0,618.0
693992.0,486.0,486.0,602.0
694012.0,483.0,494.0,595.0
694032.0,500.0,493.0,595.0
694052.0,513.0,473.0,603.0
694072.0,500.0,458.0,587.0
694092.0,512.0,481.0,610.0
694112.0,515.0,491.0,612.0
694132.0,515.0,491.0,618.0
694152.0,517.0,490.0,620.0
694172.0,522.0,488.0,617.0
694192.0,520.0,491.0,619.0
694212.0,514.0,491.0,611.0
694232.0,507.0,484.0,610.0
694252.0,489.0,474.0,618.0
694271.0,484.0,470.0,627.0
694291.0,489.0,471.0,632.0
694311.0,489.0,469.0,629.0
694331.0,483.0,473.0,631.0
694351.0,487.0,483.0,635.0
694371.0,484.0,485.0,619.0
694391.0,493.0,488.0,616.0
694411.0,507.0,497.0,626.0
694431.0,498.0,486.0,620.0
694451.0,473.0,472.0,600.0
694471.0,482.0,482.0,614.0
694491.0,483.0,477.0,618.0
694511.0,490.0,480.0,613.0
694531.0,494.0,472.0,612.0
694551.0,490.0,473.0,613.0
694571.0,486.0,467.0,609.0
694591.0,485.0,459.0,612.0
694611.0,490.0,449.0,614.0
694632.0,491.0,444.0,608.0
694651.0,493.0,443.0,612.0
694671.0,495.0,444.0,611.0
694691.0,499.0,450.0,612.0
694711.0,500.0,456.0,610.0
694731.0,508.0,465.0,614.0
694751.0,501.0,462.0,605.0
694771.0,499.0,464.0,612.0
694791.0,509.0,471.0,623.0
694811.0,504.0,458.0,609.0
694831.0,484.0,446.0,589.0
694851.0,496.0,459.0,608.0
694871.0,503.0,460.0,609.0
694891.0,512.0,476.0,621.0
694911.0,518.0,495.0,623.0
694931.0,521.0,500.0,626.0
694951.0,521.0,492.0,630.0
694971.0,526.0,491.0,624.0
694991.0,533.0,492.0,611.0
695012.0,534.0,495.0,604.0
695031.0,535.0,505.0,612.0
695051.0,532.0,509.0,622.0
695071.0,533.0,514.0,630.0
695091.0,531.0,512.0,631.0
695111.0,530.0,507.0,636.0
695131.0,519.0,491.0,631.0
695151.0,510.0,485.0,627.0
695171.0,513.0,490.0,632.0
695191.0,502.0,488.0,616.0
695211.0,496.0,499.0,615.0
695231.0,489.0,497.0,611.0
695251.0,509.0,494.0,630.0
695271.0,528.0,496.0,640.0
695291.0,535.0,492.0,640.0
695311.0,521.0,494.0,642.0
695331.0,506.0,475.0,607.0
695351.0,512.0,498.0,627.0
695371.0,503.0,507.0,617.0
695391.0,506.0,515.0,607.0
695411.0,520.0,516.0,606.0
695431.0,523.0,505.0,605.0
695451.0,526.0,495.0,611.0
695471.0,521.0,485.0,617.0
695491.0,519.0,479.0,615.0
695511.0,519.0,477.0,614.0
695531.0,513.0,475.0,621.0
695551.0,510.0,489.0,628.0
695571.0,502.0,490.0,628.0
695591.0,503.0,511.0,662.0
695611.0,506.0,524.0,645.0
695631.0,512.0,546.0,620.0
695651.0,524.0,557.0,602.0
695671.0,524.0,565.0,614.0
695691.0,520.0,565.0,618.0
695711.0,507.0,538.0,599.0
695731.0,523.0,538.0,613.0
695751.0,521.0,520.0,623.0
695771.0,518.0,497.0,618.0
695791.0,510.0,459.0,620.0
695811.0,509.0,452.0,619.0
695831.0,488.0,448.0,620.0
695851.0,492.0,478.0,623.0
695871.0,493.0,498.0,628.0
695891.0,497.0,505.0,630.0
695911.0,499.0,495.0,629.0
695931.0,498.0,485.0,624.0
695951.0,495.0,471.0,618.0
695971.0,500.0,469.0,633.0
695991.0,487.0,453.0,607.0
696011.0,502.0,472.0,613.0
696031.0,501.0,472.0,609.0
696051.0,503.0,474.0,612.0
696071.0,501.0,492.0,607.0
696091.0,515.0,508.0,610.0
696111.0,520.0,503.0,610.0
696130.0,519.0,495.0,615.0
696150.0,514.0,488.0,619.0
696170.0,506.0,495.0,625.0
696190.0,490.0,499.0,621.0
696210.0,476.0,480.0,614.0
696230.0,490.0,506.0,665.0
696250.0,496.0,523.0,640.0
696270.0,490.0,540.0,617.0
696290.0,492.0,549.0,598.0
696310.0,500.0,571.0,614.0
696330.0,498.0,562.0,596.0
696350.0,507.0,552.0,615.0
696371.0,493.0,520.0,596.0
696390.0,494.0,521.0,613.0
696410.0,493.0,501.0,613.0
696430.0,499.0,476.0,610.0
696450.0,510.0,477.0,605.0
696470.0,518.0,485.0,618.0
696490.0,501.0,487.0,634.0
696510.0,491.0,477.0,632.0
696530.0,492.0,481.0,630.0
696550.0,503.0,491.0,636.0
696570.0,503.0,484.0,626.0
696590.0,495.0,477.0,637.0
696610.0,483.0,472.0,632.0
696630.0,486.0,468.0,609.0
696650.0,493.0,471.0,615.0
696670.0,495.0,470.0,623.0
696690.0,498.0,482.0,622.0
696710.0,472.0,464.0,595.0
696730.0,490.0,487.0,618.0
696751.0,474.0,486.0,592.0
696770.0,483.0,507.0,607.0
696790.0,496.0,502.0,606.0
696810.0,508.0,493.0,611.0
696830.0,510.0,485.0,614.0
696850.0,512.0,488.0,626.0
696870.0,503.0,496.0,627.0
696890.0,499.0,500.0,620.0
696910.0,496.0,492.0,613.0
696930.0,498.0,478.0,607.0
696950.0,494.0,480.0,657.0
696970.0,509.0,515.0,661.0
696990.0,500.0,535.0,640.0
697010.0,492.0,544.0,622.0
697030.0,499.0,549.0,598.0
697050.0,504.0,559.0,608.0
697070.0,508.0,560.0,618.0
697090.0,492.0,533.0,586.0
697110.0,502.0,541.0,607.0
697130.0,472.0,521.0,593.0
697150.0,483.0,494.0,613.0
697170.0,493.0,471.0,610.0
697190.0,503.0,476.0,614.0
697210.0,487.0,471.0,604.0
697230.0,492.0,492.0,639.0
697250.0,487.0,481.0,632.0
697270.0,496.0,488.0,635.0
697290.0,499.0,487.0,635.0
697310.0,490.0,472.0,636.0
697330.0,476.0,466.0,625.0
697350.0,491.0,475.0,614.0
697370.0,495.0,463.0,613.0
697390.0,505.0,458.0,630.0
697410.0,502.0,464.0,621.0
697430.0,484.0,458.0,609.0
697450.0,477.0,471.0,598.0
697470.0,471.0,490.0,592.0
697490.0,473.0,511.0,609.0
697510.0,490.0,508.0,594.0
697530.0,520.0,512.0,612.0
697550.0,526.0,502.0,623.0
697570.0,520.0,498.0,627.0
697590.0,489.0,490.0,605.0
697610.0,497.0,510.0,639.0
697630.0,501.0,515.0,646.0
697650.0,509.0,528.0,645.0
697670.0,503.0,542.0,630.0
697690.0,509.0,549.0,606.0
697710.0,506.0,555.0,614.0
697730.0,505.0,558.0,626.0
697750.0,499.0,542.0,616.0
697770.0,501.0,530.0,610.0
697790.0,490.0,524.0,610.0
697810.0,491.0,495.0,614.0
697830.0,508.0,480.0,613.0
697850.0,524.0,490.0,612.0
697870.0,523.0,501.0,609.0
697890.0,497.0,505.0,619.0
697910.0,493.0,504.0,632.0
697930.0,493.0,498.0,632.0
697950.0,494.0,484.0,647.0
697970.0,481.0,454.0,616.0
697989.0,489.0,457.0,619.0
698009.0,487.0,448.0,612.0
698029.0,491.0,447.0,636.0
698049.0,490.0,455.0,631.0
698069.0,495.0,466.0,620.0
698089.0,476.0,462.0,586.0
698109.0,486.0,495.0,605.0
698129.0,472.0,504.0,596.0
698149.0,480.0,518.0,596.0
698169.0,505.0,529.0,600.0
698189.0,520.0,521.0,614.0
698209.0,528.0,513.0,624.0
698229.0,527.0,514.0,630.0
698249.0,514.0,510.0,639.0
698269.0,508.0,513.0,640.0
698289.0,517.0,538.0,639.0
698309.0,512.0,549.0,637.0
698329.0,517.0,546.0,610.0
698349.0,523.0,552.0,626.0
698369.0,509.0,546.0,622.0
698389.0,504.0,537.0,618.0
698409.0,500.0,527.0,612.0
698429.0,493.0,520.0,625.0
698449.0,498.0,479.0,618.0
698469.0,504.0,449.0,590.0
698489.0,530.0,473.0,604.0
698509.0,533.0,494.0,614.0
698529.0,519.0,505.0,641.0
698549.0,509.0,506.0,635.0
698569.0,508.0,510.0,632.0
698589.0,491.0,510.0,646.0
698609.0,496.0,497.0,630.0
698629.0,491.0,475.0,619.0
698649.0,491.0,458.0,608.0
698669.0,502.0,462.0,636.0
698689.0,502.0,468.0,631.0
698709.0,509.0,472.0,614.0
698729.0,519.0,480.0,610.0
698749.0,513.0,485.0,604.0
698769.0,509.0,505.0,614.0
698789.0,512.0,521.0,615.0
698809.0,529.0,536.0,617.0
698829.0,526.0,516.0,625.0
698849.0,530.0,522.0,643.0
698869.0,518.0,521.0,643.0
698889.0,494.0,521.0,660.0
698909.0,489.0,535.0,638.0
698929.0,489.0,534.0,600.0
698949.0,508.0,545.0,610.0
698969.0,511.0,551.0,622.0
698989.0,509.0,543.0,624.0
699009.0,512.0,531.0,607.0
699029.0,495.0,514.0,609.0
699049.0,503.0,513.0,621.0
699069.0,513.0,469.0,603.0
699089.0,523.0,472.0,598.0
699109.0,536.0,499.0,615.0
699129.0,506.0,507.0,637.0
699149.0,505.0,498.0,627.0
699169.0,504.0,507.0,628.0
699189.0,507.0,509.0,655.0
699209.0,499.0,480.0,627.0
699229.0,499.0,473.0,622.0
699249.0,493.0,460.0,615.0
699269.0,488.0,448.0,636.0
699289.0,493.0,444.0,640.0
699309.0,490.0,446.0,616.0
699329.0,497.0,457.0,614.0
699349.0,496.0,472.0,607.0
699369.0,491.0,491.0,605.0
699389.0,483.0,505.0,601.0
699409.0,485.0,511.0,600.0
699429.0,505.0,513.0,605.0
699449.0,509.0,513.0,619.0
699469.0,506.0,511.0,625.0
699489.0,510.0,514.0,632.0
699509.0,499.0,504.0,622.0
699529.0,495.0,501.0,647.0
699549.0,498.0,518.0,660.0
699569.0,508.0,548.0,639.0
699589.0,504.0,549.0,605.0
699609.0,510.0,563.0,612.0
699629.0,498.0,556.0,620.0
699649.0,496.0,540.0,619.0
